evaluation,image,truth_pixels,incremental_pixels,overlap_pixels,masked_fraction,recall,precision,f_score,mean_toy_recall,recovered_toys,toy_count,false_positive_fraction,segments
1,NGC1097,1064,40602,303,0.011768044145961774,0.28477443609022557,0.007462686567164179,0.014544232707723323,0.3874184529356943,3,6,0.011683826081208375,415
1,NGC4133,530,8984,0,0.007839660444270695,0.0,0.0,0.0,0.0,0,6,0.007843287895110867,78
1,IC4901,768,35838,0,0.012516659541831166,0.0,0.0,0.0,0.0,0,6,0.012520017774945711,274
1,NGC0986,1256,24605,0,0.013019489813790341,0.0,0.0,0.0,0.0,0,6,0.013028148319154423,227
1,NGC0289,1142,13969,208,0.0038674121865704533,0.18213660245183888,0.014890113823466247,0.02752961418833962,0.11366120218579234,1,6,0.0038110309141876917,119
1,IC1954,832,6205,0,0.006008381716702624,0.0,0.0,0.0,0.0,0,6,0.006013226190337748,52
1,NGC0578,838,12845,0,0.006118000973545659,0.0,0.0,0.0,0.0,0,6,0.006120443854874247,87
1,NGC3992,1064,29674,188,0.005843402177855723,0.17669172932330826,0.006335512569926535,0.012232415902140675,0.18125898438805868,2,6,0.005807598054180876,246
1,NGC3359,1624,14309,199,0.004732849827855777,0.12253694581280788,0.013907331050387868,0.024979602083725603,0.12329615861214376,1,6,0.004669536782613041,140
2,NGC1097,1064,192085,578,0.05567372936744661,0.543233082706767,0.003009084519874014,0.005985016748727666,0.5184234191207159,4,6,0.0555233251776464,974
2,NGC4133,530,37026,79,0.032309802717004316,0.1490566037735849,0.0021336358234753956,0.004207050804132495,0.13573883161512026,1,6,0.032255783377188464,210
2,IC4901,768,117218,0,0.04093916508104151,0.0,0.0,0.0,0.0,0,6,0.04095014910272857,578
2,NGC0986,1256,107111,594,0.05667671503535449,0.4729299363057325,0.005545648906274799,0.010962746961713437,0.42364558916283057,2,6,0.0563998892302935,577
2,NGC0289,1142,59976,282,0.01660476149343185,0.2469352014010508,0.004701880752300921,0.009228050656107857,0.1540983606557377,1,6,0.016531914787553236,340
2,IC1954,832,30696,60,0.029723333630282633,0.07211538461538461,0.001954652071931196,0.003806140573458513,0.10526315789473684,1,6,0.029689153516065634,169
2,NGC0578,838,47229,197,0.022494906031886953,0.2350835322195704,0.004171166020877004,0.00819689183847546,0.290949577294686,1,6,0.022410020660369446,215
2,NGC3992,1064,136375,578,0.026854956258174637,0.543233082706767,0.004238313473877177,0.008411004154570391,0.6118289431102775,5,6,0.026746740587519514,688
2,NGC3359,1624,64905,975,0.021468000424696286,0.6003694581280788,0.015021955165241506,0.02931052623667874,0.4177565843101645,3,6,0.02115687360116596,334
3,NGC1097,1064,31565,290,0.009148768865259923,0.2725563909774436,0.009187391097734834,0.01777559839406663,0.34319467114285174,2,6,0.009067511866046103,744
3,NGC4133,530,6406,63,0.00559003392764894,0.11886792452830189,0.009834530128004995,0.01816608996539792,0.10824742268041238,1,6,0.0055376196703793654,130
3,IC4901,768,23416,0,0.008178193532884608,0.0,0.0,0.0,0.0,0,6,0.008180387750938356,462
3,NGC0986,1256,20045,117,0.010606611392701783,0.09315286624203821,0.005836867049139436,0.010985399746490775,0.1054054054054054,1,6,0.010551714680110113,388
3,NGC0289,1142,8736,133,0.0024186207217323703,0.11646234676007006,0.015224358974358974,0.02692852804211379,0.0726775956284153,0,6,0.002382552064149169,204
3,IC1954,832,5350,0,0.005180474163474461,0.0,0.0,0.0,0.0,0,6,0.005184651106898784,123
3,NGC0578,838,5111,0,0.0024343404418677977,0.0,0.0,0.0,0.0,0,6,0.0024353124594988147,135
3,NGC3992,1064,19690,343,0.0038773535378438763,0.3223684210526316,0.017420010157440324,0.033053869133660985,0.36263122468178993,4,6,0.0038106084092192024,445
3,NGC3359,1624,9102,0,0.0030105806927907806,0.0,0.0,0.0,0.0,0,6,0.0030121987098046706,227
4,NGC1097,1064,69717,193,0.020206707396778902,0.18139097744360902,0.0027683348394222356,0.00545344089515548,0.17633330149329765,1,6,0.020156984651478475,1682
4,NGC4133,530,15058,78,0.013139982966365553,0.1471698113207547,0.005179970779652012,0.010007698229407237,0.13402061855670103,1,6,0.013077966681740959,411
4,IC4901,768,38598,293,0.01348060787420055,0.3815104166666667,0.007591066894657755,0.014885942183610222,0.35317750224249433,3,6,0.013381865083690369,1051
4,NGC0986,1256,28644,224,0.015156686292469438,0.17834394904458598,0.007820136852394917,0.014983277591973246,0.151023751023751,1,6,0.015048159936206815,872
4,NGC0289,1142,27991,370,0.007749497781823578,0.3239929947460595,0.013218534528955736,0.02540074829231456,0.17347577822803464,1,6,0.007649479316966662,843
4,IC1954,832,15557,51,0.015064044217041533,0.06129807692307692,0.0032782670180626083,0.006223686619073769,0.09292763157894736,1,6,0.015026766367022906,353
4,NGC0578,838,22462,141,0.010698523773280077,0.16825775656324582,0.0062772682753094115,0.012103004291845494,0.105198268921095,0,6,0.010635611310599303,428
4,NGC3992,1064,54578,452,0.010747496261475017,0.424812030075188,0.008281725237275092,0.016246720103518925,0.3506120133762978,3,6,0.010660722114922135,1329
4,NGC3359,1624,27168,513,0.008986097150268066,0.3158866995073892,0.01888250883392226,0.0356348985829397,0.13947797716150082,1,6,0.008821155417473466,731
5,NGC1097,1064,298259,559,0.0864470981461606,0.525375939849624,0.0018742099986924117,0.0037350955322511138,0.5096514892961544,4,6,0.08631169568415428,1813
5,NGC4133,530,68022,79,0.05935767839939684,0.1490566037735849,0.0011613889623945195,0.0023048196989146927,0.13573883161512026,1,6,0.059316174249501065,479
5,IC4901,768,185793,282,0.06488943931735694,0.3671875,0.001517818217048005,0.0030231398845417855,0.2676132521974307,2,6,0.06480833242502243,1220
5,NGC0986,1256,188651,547,0.09982279101245119,0.4355095541401274,0.0028995340602488194,0.005760714454970064,0.401219087425984,2,6,0.0995995452723521,1194
5,NGC0289,1142,160628,398,0.044470948865662455,0.34851138353765326,0.002477774734168389,0.004920566236014094,0.19788788604408425,1,6,0.044374789868490215,1189
5,IC1954,832,54635,51,0.052903776807743406,0.06129807692307692,0.000933467557426558,0.0018389312564227379,0.08947368421052632,1,6,0.05289700860167537,384
5,NGC0578,838,105664,203,0.050327166591570924,0.24224343675417662,0.0019211841308298002,0.0038121349833805935,0.29336503623188404,1,6,0.05025053556861758,655
5,NGC3992,1064,263230,786,0.05183523472659439,0.7387218045112782,0.0029859818409755726,0.00594792163272719,0.7309583818273451,6,6,0.0516912861605998,1705
5,NGC3359,1624,135598,1382,0.04485044174698355,0.8509852216748769,0.01019189073585156,0.020142542740959904,0.7470730321940157,5,6,0.04441718985224606,945
6,NGC1097,1064,91672,542,0.026570123219265253,0.5093984962406015,0.005912383279518283,0.011689095928226364,0.49776009651833514,4,6,0.02642117846052059,804
6,NGC4133,530,16667,77,0.01454403613364422,0.14528301886792452,0.004619907601847963,0.008955050299470838,0.1323024054982818,1,6,0.014483542540058913,166
6,IC4901,768,61757,0,0.021569042450049314,0.0,0.0,0.0,0.0,0,6,0.021574829447160063,498
6,NGC0986,1256,58552,315,0.030982205550784476,0.25079617834394907,0.005379833310561552,0.010533707865168537,0.29612716164440306,2,6,0.03083602006350726,540
6,NGC0289,1142,30406,210,0.008418106875571709,0.18388791593695272,0.006906531605604157,0.013313046785850133,0.11475409836065574,1,6,0.008362610964669105,311
6,IC1954,832,13408,22,0.012983139735301978,0.026442307692307692,0.0016408114558472554,0.003089887640449438,0.0704566210045662,0,6,0.01297228779756021,126
6,NGC0578,838,26993,159,0.012856613489989722,0.18973747016706444,0.005890416033786537,0.011426107577880781,0.27565167069243157,1,6,0.012785986018037798,201
6,NGC3992,1064,63833,536,0.012569990268216768,0.5037593984962406,0.008396910688828663,0.01651848313481363,0.5729675965566232,5,6,0.012467053314640403,562
6,NGC3359,1624,32066,893,0.01060616133762131,0.5498768472906403,0.02784881182560968,0.05301276343128524,0.3954618589159285,3,6,0.010316333814627663,278
7,NGC1097,1064,225920,538,0.06548043282241475,0.5056390977443609,0.0023813739376770536,0.004740422232404046,0.4999561984374288,4,6,0.06534465097979866,2104
7,NGC4133,530,45772,79,0.039941778478980214,0.1490566037735849,0.0017259459931836057,0.0034123795948339166,0.13573883161512026,1,6,0.03989129049324363,516
7,IC4901,768,138178,256,0.04825958430077423,0.3333333333333333,0.0018526827714976334,0.003684884775380363,0.24365735684194104,2,6,0.048183098709639556,1414
7,NGC0986,1256,122146,449,0.0646323350048866,0.357484076433121,0.003675928806510242,0.007277029545712388,0.3487233314819522,2,6,0.06443757634611404,1265
7,NGC0289,1142,92911,408,0.025723039134257813,0.3572679509632224,0.004391299200309974,0.008675959299543875,0.19458463805489043,1,6,0.025618181284434566,1137
7,IC1954,832,46064,255,0.04460436670397899,0.30649038461538464,0.005535776311219173,0.010875127942681678,0.3263793890913362,1,6,0.04439321169269652,457
7,NGC0578,838,62741,190,0.0298831840468064,0.22673031026252982,0.0030283227873320476,0.005976816244357413,0.2881315418679549,1,6,0.029804584162416426,625
7,NGC3992,1064,187465,806,0.036915595783235264,0.7575187969924813,0.004299469234257061,0.008550408690440197,0.7403458575114108,6,6,0.036764581333356444,1827
7,NGC3359,1624,88858,1358,0.029390703054274134,0.8362068965517241,0.01528281077674492,0.030017019959771008,0.7386752474355606,5,6,0.028957084938245295,993
8,NGC1097,1064,783860,576,0.22719321915801183,0.5413533834586466,0.00073482509631822,0.0014676580152982964,0.5175000580865515,4,6,0.22709630581883475,3643
8,NGC4133,530,188436,79,0.16443391089454504,0.1490566037735849,0.0004192404848330468,0.0008361292507646879,0.13573883161512026,1,6,0.164441026052916,1051
8,IC4901,768,511821,467,0.17875688384841704,0.6080729166666666,0.0009124283685116476,0.0018221225972465266,0.6012051858563092,4,6,0.17864169789858778,2618
8,NGC0986,1256,422215,601,0.2234108470526108,0.4785031847133758,0.0014234454010397545,0.0028384470247077125,0.428417445658825,2,6,0.22324119997691416,2177
8,NGC0289,1142,520243,676,0.14403279534526253,0.5919439579684763,0.0012993927837568213,0.0025930933954755125,0.34801915891429447,2,6,0.1438911342919669,2970
8,IC1954,832,176234,199,0.17064966050948752,0.23918269230769232,0.001129180521352293,0.0022477494267674203,0.3851260220687465,2,6,0.17059440329026682,944
8,NGC0578,838,289340,233,0.13781100830562093,0.27804295942720764,0.0008052809843091173,0.0016059108547167601,0.3709987340028816,1,6,0.13775501452324862,1560
8,NGC3992,1064,796689,864,0.15688394681113763,0.8120300751879699,0.0010844884264750738,0.0021660839884024255,0.7756319213462454,6,6,0.15674664998536578,4268
8,NGC3359,1624,399323,1397,0.13208021467669664,0.8602216748768473,0.003498421077673963,0.0069685020713460884,0.7533983347524488,5,6,0.13168887978441368,2214
9,NGC1097,1064,21240,419,0.006156180918679575,0.39379699248120303,0.01972693032015066,0.03757173601147776,0.3076971615047988,3,6,0.006036599986025449,403
9,NGC4133,530,1097,58,0.000957269312930204,0.10943396226415095,0.0528714676390155,0.07129686539643516,0.09965635738831614,1,6,0.000907076594280965,54
9,IC4901,768,3163,0,0.0011046987591610017,0.0,0.0,0.0,0.0,0,6,0.0011049951510171685,203
9,NGC0986,1256,6443,435,0.003409249049796837,0.3463375796178344,0.06751513270215738,0.11300168853097806,0.33497039359108327,2,6,0.003181187364416979,156
9,NGC0289,1142,2070,304,0.0005730935089269696,0.266199649737303,0.1468599033816425,0.18929016189290163,0.13947319948425124,0,6,0.0004890836853757331,96
9,IC1954,832,2088,213,0.0020218373931466683,0.25600961538461536,0.10201149425287356,0.14589041095890412,0.20591778306594546,1,6,0.0018170506215766766,50
9,NGC0578,838,7900,104,0.0037627253943955394,0.12410501193317422,0.013164556962025316,0.02380407415884642,0.23149406199677938,1,6,0.003714673436558943,82
9,NGC3992,1064,13746,389,0.0027068614388624642,0.3656015037593985,0.02829914156845628,0.052532072923700206,0.4238505685804987,1,6,0.002630810798673742,212
9,NGC3359,1624,4852,810,0.0016048492113184868,0.4987684729064039,0.16694146743610883,0.2501544163063619,0.3699213959221839,2,6,0.0013376518550901426,99
10,NGC1097,1064,23311,511,0.006756437542153463,0.48026315789473684,0.021920981510874696,0.04192820512820513,0.5127575721503324,4,6,0.006610368362777016,2569
10,NGC4133,530,2219,88,0.0019363542437485165,0.1660377358490566,0.03965750337990086,0.06402328119316116,0.20679648720885835,2,6,0.0018604236981835769,529
10,IC4901,768,10852,237,0.0037901330807509296,0.30859375,0.021839292296350902,0.040791738382099825,0.31253258083154273,2,6,0.003708353945003871,1567
10,NGC0986,1256,7735,439,0.004092897935771928,0.3495222929936306,0.056755009696186166,0.09765320876431986,0.39152666740542075,1,6,0.003863172937880539,1478
10,NGC0289,1142,3902,218,0.0010802951071657177,0.19089316987740806,0.05586878523833931,0.08643933386201427,0.1581830806810061,1,6,0.0010202629087906008,1258
10,IC1954,832,3042,242,0.0029456079262223014,0.29086538461538464,0.07955292570677186,0.12493546721734641,0.2669400194218889,1,6,0.0027134622615545036,470
10,NGC0578,838,7942,148,0.0037827297572518197,0.1766109785202864,0.018635104507680685,0.0337129840546697,0.3111199446155892,1,6,0.0037137204674885073,739
10,NGC3992,1064,13548,494,0.002667871291554537,0.4642857142857143,0.036462946560377914,0.06761565836298931,0.5010188970322843,2,6,0.0025711315539332954,2071
10,NGC3359,1624,4391,825,0.0014523686906223157,0.5080049261083743,0.18788430881348211,0.2743142144638404,0.4897492626993585,3,6,0.001180125313026088,971
11,NGC1097,1064,133736,564,0.03876191202168228,0.5300751879699248,0.004217263863133337,0.008367952522255192,0.4108892921960073,3,6,0.03861034980735705,703
11,NGC4133,530,24236,79,0.021148932605447972,0.1490566037735849,0.003259613797656379,0.006379714124202536,0.13573883161512026,1,6,0.021089749074153293,133
11,IC4901,768,64868,179,0.02265557986381785,0.23307291666666666,0.002759449959918604,0.00545432384666951,0.13499245852187028,1,6,0.02259912466776782,337
11,NGC0986,1256,60767,420,0.03215425066102815,0.3343949044585987,0.006911646123718466,0.0135433629460039,0.37381393933118073,2,6,0.03195324798276822,328
11,NGC0289,1142,37111,346,0.010274431502313415,0.30297723292469353,0.009323381207728167,0.01809008443782187,0.214330419633452,1,6,0.010181858263215646,201
11,IC1954,832,22715,528,0.021995228153892037,0.6346153846153846,0.02324455205811138,0.04484647725824945,0.5474993469379225,3,6,0.02150128114182492,109
11,NGC0578,838,41827,218,0.01992196393308636,0.26014319809069214,0.005211944437803333,0.01021914918551506,0.3171232534045164,1,6,0.01982604502588264,188
11,NGC3992,1064,94277,578,0.01856502079671443,0.543233082706767,0.006130869671287801,0.01212489904658017,0.6118289431102775,5,6,0.018455067831468965,447
11,NGC3359,1624,48092,1352,0.015906926683991893,0.8325123152709359,0.0281127838309906,0.054388929117386756,0.5867316680857823,4,6,0.015468047428726686,239
12,NGC1097,1064,145928,567,0.042295629430370664,0.5328947368421053,0.0038854777698591088,0.007714705562207468,0.4122743337472538,3,6,0.042144287525510075,740
12,NGC4133,530,26351,79,0.022994533878781954,0.1490566037735849,0.0029979886911312664,0.005877757523901641,0.13573883161512026,1,6,0.022936204316602034,139
12,IC4901,768,70703,327,0.02469349237083791,0.42578125,0.0046249805524518055,0.009150564564648599,0.30392156862745096,2,6,0.024585880097370928,361
12,NGC0986,1256,65803,660,0.03481899972431806,0.5254777070063694,0.010029937844779114,0.019684158725898092,0.4546220201392615,2,6,0.034492691158491226,341
12,NGC0289,1142,42746,353,0.011834519387725721,0.30910683012259194,0.00825808262761428,0.016086401749908857,0.2166573302722619,1,6,0.011740500947980438,226
12,IC1954,832,25565,543,0.02475491999798591,0.6526442307692307,0.021239976530412673,0.04114103875440391,0.5543486620064156,4,6,0.024248661681648853,121
12,NGC0578,838,47147,231,0.022455849894881835,0.2756563245823389,0.004899569431777207,0.009628008752735229,0.33910961895005615,1,6,0.022354748454284167,207
12,NGC3992,1064,106000,838,0.02087351320525398,0.7875939849624061,0.00790566037735849,0.015654188149144436,0.760740741506612,6,6,0.020712834110213976,490
12,NGC3359,1624,53719,1352,0.01776811516546121,0.8325123152709359,0.025168003872000595,0.048858934282565096,0.5867316680857823,4,6,0.017330236193841043,269
13,NGC1097,1064,144154,581,0.04178145499770882,0.5460526315789473,0.00403041192058493,0.008001762866862234,0.4995943407348508,4,6,0.04162589548021862,859
13,NGC4133,530,27085,79,0.023635040419976824,0.1490566037735849,0.002916743585010153,0.005721528154988231,0.13573883161512026,1,6,0.02357700722343767,174
13,IC4901,768,64586,321,0.022557089490727936,0.41796875,0.004970117362895984,0.0098234232028644,0.2993966817496229,2,6,0.02245100012017652,407
13,NGC0986,1256,62828,406,0.033244808210559626,0.3232484076433121,0.006462086967594066,0.012670869483802508,0.36577957267612443,2,6,0.033051943685358964,394
13,NGC0289,1142,47410,341,0.013125779351800787,0.29859894921190894,0.0071925754060324825,0.014046795188663702,0.20960596561831038,1,6,0.013035492631342233,309
13,IC1954,832,26513,515,0.025672880653495028,0.6189903846153846,0.019424433296873232,0.03766684951545072,0.537645598013298,3,6,0.025194497098533566,154
13,NGC0578,838,51290,235,0.02442913740234775,0.28042959427207637,0.0045817898225775,0.009016267648864332,0.3327770287268,1,6,0.024326917945551158,261
13,NGC3992,1064,111371,820,0.021931170180965482,0.7706766917293233,0.007362778461179302,0.014586205363098681,0.7504314631560964,6,6,0.02177425803729736,609
13,NGC3359,1624,54389,1352,0.01798972459901096,0.8325123152709359,0.024857967603743404,0.048274507703568816,0.5867316680857823,4,6,0.01755196472993961,323
14,NGC1097,1064,205879,581,0.0596717688962727,0.5460526315789473,0.00282204595903419,0.00561507274950107,0.4995943407348508,4,6,0.059521728251815606,1283
14,NGC4133,530,44292,79,0.03865029390000419,0.1490566037735849,0.001783617809085162,0.0035250546606577123,0.13573883161512026,1,6,0.03859920833777123,287
14,IC4901,768,99035,323,0.034588631556594945,0.4205729166666667,0.0032614732165396074,0.006472751320100598,0.3009049773755656,2,6,0.034485071560925305,648
14,NGC0986,1256,97306,607,0.05148849729000947,0.48328025477707004,0.006238053151912524,0.012317120188307867,0.4334563403528921,2,6,0.05120133770834845,640
14,NGC0289,1142,83605,510,0.02314661005499483,0.44658493870402804,0.00610011362956761,0.012035824276965557,0.27424552699133636,1,6,0.023012689035275508,559
14,IC1954,832,40173,493,0.03890003524659057,0.5925480769230769,0.012271923929007044,0.024045848067308865,0.5275999359128415,3,6,0.03845363662088668,244
14,NGC0578,838,75397,213,0.0359111653874988,0.2541766109785203,0.002825046089366951,0.005587984521545222,0.3125192018391389,1,6,0.03582401329582447,394
14,NGC3992,1064,165508,837,0.03259182475070921,0.7866541353383458,0.005057157357952486,0.01004970823427707,0.7601680038204721,6,6,0.032433798384996916,948
14,NGC3359,1624,84899,1352,0.02808122283423912,0.8325123152709359,0.01592480476801847,0.03125180587820579,0.5867316680857823,4,6,0.027648886575263765,516
15,NGC1097,1064,210576,578,0.06103314280281874,0.543233082706767,0.002744852214877289,0.0054621054621054625,0.4901236512087596,3,6,0.060884391905545954,1468
15,NGC4133,530,45294,79,0.03952466386495958,0.1490566037735849,0.001744160374442531,0.003447974860335196,0.13573883161512026,1,6,0.039473982878165385,337
15,IC4901,768,106028,414,0.03703098325523955,0.5390625,0.003904628965933527,0.007753099367017491,0.4591904961826126,3,6,0.03689628766346103,764
15,NGC0986,1256,104095,606,0.055080828781406445,0.482484076433121,0.005821605264421922,0.011504399578551698,0.4331196400161918,2,6,0.0547965877423683,768
15,NGC0289,1142,84422,446,0.023372802034122044,0.3905429071803853,0.005282983108668356,0.01042494507035669,0.2165530791428747,1,6,0.023256676989304965,641
15,IC1954,832,40120,393,0.0388487146614197,0.4723557692307692,0.009795613160518444,0.019193201797226018,0.4481436290242395,3,6,0.0384991840231342,274
15,NGC0578,838,76406,238,0.03639174639040324,0.2840095465393795,0.003114938617386069,0.00616229092227228,0.3567901648685062,1,6,0.03629287407847891,455
15,NGC3992,1064,163424,814,0.03218144360429648,0.7650375939849624,0.00498090855688271,0.00989737853217256,0.746995037039258,6,6,0.03202786134403962,1045
15,NGC3359,1624,86039,1397,0.028458289631622277,0.8602216748768473,0.016236822836155698,0.03187205548521041,0.7533983347524488,5,6,0.028011263809633806,575
16,NGC1097,1064,193601,807,0.05611312533132224,0.7584586466165414,0.004168366898931308,0.008291166876428738,0.6280130406520384,5,6,0.05589646307601895,1264
16,NGC4133,530,30045,84,0.02621800957792888,0.15849056603773584,0.002795806290564154,0.005494685200327065,0.17542137129765997,1,6,0.026156806391965343,232
16,IC4901,768,100421,393,0.035072701262632615,0.51171875,0.003913524063691857,0.007767642727964503,0.45613545734416,3,6,0.03494481661901528,671
16,NGC0986,1256,91857,793,0.04860521340480956,0.6313694267515924,0.008632983877113339,0.01703306734827575,0.6270641641130815,3,6,0.048217650824445374,661
16,NGC0289,1142,64584,385,0.017880517478521454,0.3371278458844133,0.005961228787315744,0.011715302924261326,0.32404371584699454,2,6,0.017779548990621005,484
16,IC1954,832,30567,83,0.029598421262602592,0.09975961538461539,0.002715346615631236,0.0052867925730118795,0.1714289346554793,1,6,0.02954185127900982,216
16,NGC0578,838,47408,234,0.022580162721203004,0.27923627684964203,0.004935875801552481,0.009700286034075365,0.3478815487746176,1,6,0.022477681464370392,258
16,NGC3992,1064,140869,814,0.02773991445010305,0.7650375939849624,0.005778418246739879,0.01147020072851275,0.746995037039258,6,6,0.027585401393145987,861
16,NGC3359,1624,57223,1351,0.018927099426891546,0.8318965517241379,0.023609387833563426,0.04591567964382211,0.5862725312630089,4,6,0.018490174281938755,385
17,NGC1097,1064,213493,593,0.06187860324254512,0.5573308270676691,0.0027776086335383364,0.005527668638170742,0.5058979927419376,4,6,0.061725764229615204,1384
17,NGC4133,530,32960,82,0.028761710623682338,0.15471698113207547,0.002487864077669903,0.004896984174380412,0.15954835542464407,1,6,0.02870343047812278,238
17,IC4901,768,114746,394,0.04007580266161502,0.5130208333333334,0.0034336708904885572,0.006821683951728795,0.45688960515713134,3,6,0.03994891100509493,749
17,NGC0986,1256,107761,804,0.05702065603836053,0.6401273885350318,0.007460955262107813,0.01474999312033903,0.6288572891620204,3,6,0.05663286566843323,741
17,NGC0289,1142,72819,385,0.02016043295968744,0.3371278458844133,0.005287081668245925,0.010410892226984492,0.32404371584699454,2,6,0.020060185541622793,530
17,IC1954,832,32892,82,0.031849748819626544,0.0985576923076923,0.0024930074182171955,0.004863005574664927,0.16809560132214596,1,6,0.03179596314342974,227
17,NGC0578,838,50368,222,0.023989994008217032,0.2649164677804296,0.004407560355781448,0.008670858883724564,0.3388349913128231,1,6,0.023893793503038066,279
17,NGC3992,1064,155578,814,0.030636409787235887,0.7650375939849624,0.005232102225250356,0.010393125726178162,0.746995037039258,6,6,0.030482503739308452,942
17,NGC3359,1624,62196,1351,0.020571970640388418,0.8318965517241379,0.021721654125667244,0.04233782513318708,0.5864597811907305,4,6,0.02013592952077183,411
18,NGC1097,1064,158507,585,0.04594151454223839,0.549812030075188,0.00369068873929858,0.007332159352263257,0.5217824303739745,4,6,0.04578607862221368,1050
18,NGC4133,530,24540,79,0.021414210518967372,0.1490566037735849,0.0032192339038304807,0.006302353410450738,0.13573883161512026,1,6,0.021355149733115194,185
18,IC4901,768,90779,162,0.031705168718898696,0.2109375,0.0017845536963394617,0.003539165674462298,0.12217194570135746,1,6,0.031657080493115004,603
18,NGC0986,1256,84870,643,0.0449081121924969,0.5119426751592356,0.00757629315423589,0.014931611824536143,0.4552373690304725,2,6,0.044597514670896954,600
18,NGC0289,1142,49803,523,0.013788297596661772,0.45796847635726795,0.010501375419151457,0.020531946216507998,0.3125760916143987,2,6,0.013647816543214116,373
18,IC1954,832,23289,77,0.02255103977442182,0.09254807692307693,0.0033062819356777877,0.006384478255462045,0.15418255784388507,1,6,0.022494602148286837,172
18,NGC0578,838,36059,206,0.017174698100823893,0.2458233890214797,0.005712859480296181,0.011166219475838143,0.3046583661750996,1,6,0.017083400041168265,200
18,NGC3992,1064,107474,578,0.02116377319076855,0.543233082706767,0.005378044922492882,0.010650647699423244,0.6118289431102775,5,6,0.02105436483754049,702
18,NGC3359,1624,43634,1234,0.014432397050014603,0.7598522167487685,0.028280698537837465,0.054531795483671396,0.5396690202519643,4,6,0.01403177601578972,301
19,NGC1097,1064,170768,732,0.049495230843741696,0.6879699248120301,0.0042865173803054435,0.00851994971832953,0.7428523545800636,5,6,0.04929827170759441,2913
19,NGC4133,530,30314,124,0.026452745626404924,0.2339622641509434,0.0040905192320380025,0.008040461678122163,0.3024054982817869,2,6,0.026356729914670196,644
19,IC4901,768,100545,452,0.0351160090862608,0.5885416666666666,0.0044954995275747174,0.008922843070484538,0.5965279283731018,4,6,0.0349675243916413,1794
19,NGC0986,1256,89672,730,0.04744904249470463,0.5812101910828026,0.008140779730573646,0.016056660214675344,0.5954508741891077,3,6,0.04709406900232606,1695
19,NGC0289,1142,73791,536,0.020429537737792276,0.46935201401050786,0.007263758452927864,0.014306113461358815,0.377019430460952,2,6,0.020287556835899962,1574
19,IC1954,832,29134,119,0.02821082883713364,0.14302884615384615,0.004084574723690533,0.007942334645932057,0.17669145037250664,1,6,0.028118252685358544,550
19,NGC0578,838,47116,249,0.022441084769916488,0.2971360381861575,0.005284828932846592,0.010384952245902324,0.45767629680785754,2,6,0.02233140071205849,791
19,NGC3992,1064,135909,700,0.02676319156804588,0.6578947368421053,0.005150505117394727,0.010220992458367708,0.6812894852115808,5,6,0.02663092739970637,2419
19,NGC3359,1624,59152,1205,0.019565136139305675,0.7419950738916257,0.020371246956992155,0.03965381071475582,0.6804113089254408,5,6,0.019176870867617143,1184
20,NGC1097,1064,123389,693,0.03576294761652326,0.6513157894736842,0.005616383956430476,0.011136734349513469,0.7221746141065065,5,6,0.03557305950172319,4897
20,NGC4133,530,21036,145,0.018356533515770074,0.27358490566037735,0.006892945426887241,0.013447092645831401,0.46907216494845355,3,6,0.01823843804727973,1186
20,IC4901,768,74239,387,0.025928463857525643,0.50390625,0.00521289349263864,0.010319036889890276,0.5042468060409523,4,6,0.02580022190734111,3259
20,NGC0986,1256,62055,648,0.032835782986984745,0.5159235668789809,0.010442349528643945,0.020470376395886968,0.539303763873873,3,6,0.032514509401923006,2878
20,NGC0289,1142,62448,551,0.017289151422933042,0.48248686514886163,0.008823341019728414,0.01732976883157729,0.5250020413472513,3,6,0.01714202314479148,3518
20,IC1954,832,23990,449,0.023229827136776137,0.5396634615384616,0.018716131721550646,0.03617758440093466,0.45923913352771617,2,6,0.02281343396401949,1033
20,NGC0578,838,37447,284,0.017835794663788578,0.33890214797136037,0.007584052127006169,0.014836097688389708,0.5002693342363502,2,6,0.017707594782303746,1608
20,NGC3992,1064,110782,645,0.021815184338721195,0.606203007518797,0.005822245491144771,0.011533716002360389,0.6359670383823934,5,6,0.02169271609893913,5018
20,NGC3359,1624,42320,1060,0.013997777951978228,0.6527093596059114,0.02504725897920605,0.04824321864190788,0.6238151449611512,5,6,0.01365450656630858,2313
21,NGC1097,1064,100264,684,0.029060420133262186,0.6428571428571429,0.006821989946541132,0.01350071056371388,0.716874260749616,5,6,0.02887107375286558,3360
21,NGC4133,530,15216,124,0.013277857671418399,0.2339622641509434,0.00814931650893796,0.015750031754096276,0.3024054982817869,2,6,0.013175745871884817,719
21,IC4901,768,56659,375,0.019788532088303255,0.48828125,0.006618542508692353,0.013060058857331917,0.4948017548109112,4,6,0.019662834992048787,2096
21,NGC0986,1256,49142,648,0.026002998107266202,0.5159235668789809,0.013186276504822758,0.025715306162942975,0.539303763873873,3,6,0.02567718043442693,1939
21,NGC0289,1142,38479,470,0.010653171560386891,0.4115586690017513,0.012214454637594532,0.02372479240806643,0.33736159190904896,2,6,0.010526377008746457,1887
21,IC1954,832,18095,447,0.017521622427676707,0.5372596153846154,0.024702956617850234,0.047234110001585033,0.4583258915185837,2,6,0.017102564997112102,644
21,NGC0578,838,28217,301,0.013439597778944169,0.35918854415274465,0.010667328206400397,0.020719325417311998,0.5164413433821763,2,6,0.013301542285143594,974
21,NGC3992,1064,76010,624,0.014967884327654293,0.5864661654135338,0.008209446125509801,0.016192230843085867,0.6232832205439364,5,6,0.014848117306941582,2865
21,NGC3359,1624,29047,1059,0.009607595845253109,0.6520935960591133,0.03645815402623335,0.06905545955462816,0.623356008138378,4,6,0.009262295922875535,1348
22,NGC1097,1064,136343,708,0.03951752236325467,0.6654135338345865,0.005192785841590694,0.010305151848159118,0.7299905552985232,5,6,0.03932444354759915,5173
22,NGC4133,530,23909,145,0.02086358432347151,0.27358490566037735,0.006064661842820695,0.011866279307663982,0.46907216494845355,3,6,0.020746648880166363,1285
22,IC4901,768,83529,395,0.029173058063218245,0.5143229166666666,0.004728896550898491,0.00937162651102649,0.5135674617554518,4,6,0.02904289183833743,3482
22,NGC0986,1256,68494,653,0.03624291547676308,0.5199044585987261,0.009533681782345899,0.01872401433691756,0.5446350014354837,3,6,0.03592126031781163,3041
22,NGC0289,1142,75028,566,0.02077200955931047,0.4956217162872154,0.007543850295889535,0.014861494026519626,0.6907968470204876,4,6,0.020621828641250194,3922
22,IC1954,832,27358,462,0.02649110507744567,0.5552884615384616,0.01688719935667812,0.03277758070237673,0.4651752065870769,2,6,0.02606474320956069,1120
22,NGC0578,838,42599,296,0.020289663174158937,0.3532219570405728,0.006948519918307941,0.013628933858231463,0.5097643565226287,2,6,0.02015672529332388,1757
22,NGC3992,1064,129271,664,0.025456037033550826,0.6240601503759399,0.005136496197909817,0.010189128016265777,0.6491461969223767,5,6,0.025330589532457433,5607
22,NGC3359,1624,49032,1118,0.016217841411658707,0.6884236453201971,0.02280143579703051,0.04414087176247631,0.6459774839603917,5,6,0.015856568774069543,2523
23,NGC1097,1064,84592,683,0.024518062913038728,0.6419172932330827,0.008074049555513524,0.015947510974129074,0.716412580232534,5,6,0.024327605217204236,2535
23,NGC4133,530,12023,124,0.010491566954749173,0.2339622641509434,0.010313565665807203,0.01975623356966462,0.3024054982817869,2,6,0.010388165924301446,514
23,IC4901,768,44021,372,0.015374626644649527,0.484375,0.008450512255514414,0.016611221505280317,0.49044529106747436,4,6,0.015248793343897688,1458
23,NGC0986,1256,39902,640,0.021113744464534127,0.5095541401273885,0.016039296275875897,0.031099664706739884,0.5311370859085374,3,6,0.0207889111687316,1409
23,NGC0289,1142,27330,387,0.0075664954584415845,0.33887915936952717,0.0141602634467618,0.027184602416409104,0.30318095704688897,2,6,0.007461711061765786,1193
23,IC1954,832,14422,446,0.013965009044042746,0.5360576923076923,0.03092497573152129,0.05847646518945851,0.4575717437056124,2,6,0.013544053059816338,455
23,NGC0578,838,22210,228,0.010578497596142397,0.2720763723150358,0.010265646105357946,0.019784796945505032,0.4492221905276643,2,6,0.010474083053160426,632
23,NGC3992,1064,59206,622,0.011658841724813842,0.5845864661654135,0.01050569199067662,0.020640451302472208,0.6214814187421346,5,6,0.011538775161301378,1942
23,NGC3359,1624,23338,1050,0.007719285015200091,0.646551724137931,0.04499100179964007,0.08412787436904093,0.62053452622747,4,6,0.007375948675469841,911
24,NGC1097,1064,51827,617,0.015021487216214987,0.5798872180451128,0.011904991606691492,0.02333100149363786,0.6368606875982422,5,6,0.014847235256921535,5380
24,NGC4133,530,6497,118,0.005669442776761654,0.22264150943396227,0.01816222872094813,0.03358474455670984,0.3570501281841488,3,6,0.005569048695782748,1309
24,IC4901,768,26250,380,0.009167986856774042,0.4947916666666667,0.014476190476190476,0.028129395218002815,0.4714749303712762,4,6,0.009037693505157809,3601
24,NGC0986,1256,21828,548,0.011550068020947594,0.43630573248407645,0.02510536925050394,0.04747877317622595,0.46628670765202473,3,6,0.011267587735484906,3107
24,NGC0289,1142,20683,473,0.0057262285242205375,0.4141856392294221,0.02286902286902287,0.043344788087056135,0.5552236031043428,4,6,0.005597044893229652,4062
24,IC1954,832,9271,391,0.008977229153190979,0.4699519230769231,0.04217452270520979,0.07740275165792339,0.38828925520884283,2,6,0.00860555174378714,1173
24,NGC0578,838,16247,216,0.007738354364904346,0.2577565632458234,0.013294762109927987,0.02528533801580334,0.4175854503425003,2,6,0.007638523584078555,1836
24,NGC3992,1064,44073,542,0.008678852334859988,0.5093984962406015,0.012297778685362921,0.024015774198551075,0.5493049393720102,3,6,0.008573918161044147,5885
24,NGC3359,1624,14124,955,0.004671659163368159,0.5880541871921182,0.06761540640045313,0.12128524257048515,0.5700298798977635,4,6,0.004358124017734312,2611
25,NGC1097,1064,61267,517,0.01775756762451702,0.4859022556390977,0.008438474219400329,0.016588856267346904,0.43449028717025945,3,6,0.01761315254555718,1025
25,NGC4133,530,7641,77,0.006667725451321503,0.14528301886792452,0.010077215024211491,0.018847142332639823,0.1323024054982818,1,6,0.0066035874486440995,173
25,IC4901,768,35870,0,0.012527835754380377,0.0,0.0,0.0,0.0,0,6,0.012531196986084677,600
25,NGC0986,1256,31510,488,0.01667320154572378,0.3885350318471338,0.015487146937480165,0.029786974302630775,0.3932057449298829,2,6,0.016425897872660373,589
25,NGC0289,1142,14879,201,0.0041193518450842416,0.17600700525394045,0.013508972377175885,0.025092066662505463,0.12975607008055887,1,6,0.004064988864068523,353
25,IC1954,832,8500,265,0.008230659885894005,0.31850961538461536,0.031176470588235295,0.05679382768966995,0.3010982284322969,1,6,0.007980486329964764,169
25,NGC0578,838,15539,138,0.0074011379624699105,0.16467780429594273,0.008880880365531887,0.01685290346217256,0.26719756441223835,1,6,0.007338338326891262,196
25,NGC3992,1064,36968,487,0.007279736190300276,0.45770676691729323,0.013173555507465916,0.02561001262095078,0.527714651303678,4,6,0.0071853416745090055,686
25,NGC3359,1624,15007,726,0.004963720551165815,0.44704433497536944,0.0483774238688612,0.08730683663038903,0.33330684803075794,3,6,0.004726127200035212,297
26,NGC1097,1064,37755,520,0.010942872438076616,0.48872180451127817,0.013773010197324858,0.02679100440505938,0.4944131967804137,4,6,0.010795485350350973,1883
26,NGC4133,530,3678,66,0.0032095137036985324,0.12452830188679245,0.01794453507340946,0.03136882129277566,0.1134020618556701,1,6,0.0031533788821394085,342
26,IC4901,768,18954,238,0.006619810395554103,0.3098958333333333,0.012556716260419964,0.0241354832167123,0.3192928872949085,3,6,0.006538441114902727,1058
26,NGC0986,1256,17930,603,0.009487480282920577,0.48009554140127386,0.03363078639152259,0.0628583342020223,0.49984657269954064,3,6,0.009174506235561418,1039
26,NGC0289,1142,6749,209,0.001868506324515999,0.1830122591943958,0.030967550748259,0.05297173995691294,0.1669370739676638,1,6,0.0018112159129996008,775
26,IC1954,832,4974,290,0.004816388502639621,0.3485576923076923,0.058303176517893046,0.09989665862900447,0.3314574378699789,1,6,0.004539234726114749,298
26,NGC0578,838,10988,108,0.005233522358685847,0.1288782816229117,0.009828904259191846,0.018264840182648404,0.24851549919484703,1,6,0.0051841517431710235,442
26,NGC3992,1064,21444,502,0.00422275110541006,0.4718045112781955,0.023409811602313,0.04460636218233517,0.5168591584242332,2,6,0.004124761529222543,1328
26,NGC3359,1624,7857,782,0.002598784058806544,0.4815270935960591,0.09952908234695176,0.16496150195127096,0.47267034207429665,3,6,0.0023413871535781193,589
27,NGC1097,1064,75632,522,0.02192110523736222,0.4906015037593985,0.006901840490797546,0.013612183164702201,0.4036271824408227,3,6,0.021776524900358845,2176
27,NGC4133,530,13949,79,0.012172242156849056,0.1490566037735849,0.005663488422109112,0.010912355825678568,0.13573883161512026,1,6,0.012108905065136654,492
27,IC4901,768,37256,278,0.013011905460418046,0.3619791666666667,0.007461885333905948,0.014622343782873975,0.3233368668093998,2,6,0.012918277171771374,1177
27,NGC0986,1256,35005,463,0.01852254586188705,0.36863057324840764,0.013226681902585346,0.025537078403794707,0.35135292031843757,2,6,0.018289709377778178,1170
27,NGC0289,1142,23317,187,0.006455469250072537,0.1637478108581436,0.00801989964403654,0.01529089496708778,0.10552917101046372,1,6,0.006405722334507762,923
27,IC1954,832,13957,518,0.013514743532637956,0.6225961538461539,0.03711399297843376,0.07005206572452498,0.4301307021499663,2,6,0.013023649761796777,398
27,NGC0578,838,22589,158,0.010759013156202639,0.18854415274463007,0.006994554871840276,0.013488709608571306,0.27628556184998354,1,6,0.010688024609473275,582
27,NGC3992,1064,57132,636,0.011250429777760099,0.5977443609022557,0.011132115101869355,0.0218571723142484,0.6319674736373886,5,6,0.011127520167842459,1628
27,NGC3359,1624,28532,1124,0.009437254265733526,0.6921182266009852,0.03939436422262722,0.07454569571561215,0.6476482668700101,5,6,0.009070351816999165,890
28,NGC1097,1064,141080,601,0.04089048983085284,0.5648496240601504,0.004259994329458464,0.008456213417379559,0.6176847302933844,5,6,0.040728856896252295,3932
28,NGC4133,530,26077,124,0.022755434706728285,0.2339622641509434,0.004755148214902021,0.009320855413988801,0.3024054982817869,2,6,0.022657708230388724,957
28,IC4901,768,74970,378,0.026183770462946666,0.4921875,0.005042016806722689,0.009981779291768994,0.5046108303997814,4,6,0.026058741164929698,2495
28,NGC0986,1256,70868,621,0.03749909384774208,0.49442675159235666,0.00876277022069199,0.01722034274305363,0.5002536982801026,2,6,0.03719521784091204,2285
28,NGC0289,1142,55420,557,0.015343402060257322,0.48774080560420313,0.01005052327679538,0.019695201725540113,0.34041652345587115,3,6,0.015193996733164693,2335
28,IC1954,832,28370,438,0.02747103776033093,0.5264423076923077,0.015438843849136411,0.02999794534620916,0.4670903977609431,2,6,0.027068724246335857,848
28,NGC0578,838,40660,311,0.019366128422294005,0.3711217183770883,0.00764879488440728,0.014988674152971226,0.518912406806879,2,6,0.019225674511508053,1264
28,NGC3992,1064,108139,711,0.021294724948141136,0.668233082706767,0.006574871230545872,0.013021620285157002,0.6805998734989717,6,6,0.02115914819794286,3494
28,NGC3359,1624,48419,1225,0.016015085317978114,0.7543103448275862,0.025299985542865402,0.048957896209260034,0.6948370433571073,5,6,0.015618293332291982,1799
29,NGC1097,1064,52823,554,0.015310166886412955,0.5206766917293233,0.010487855668932095,0.02056154545623249,0.5505175417843654,4,6,0.015154269471666308,3964
29,NGC4133,530,6626,104,0.005782011365064295,0.19622641509433963,0.01569574403863568,0.02906651760760201,0.2521573119511264,2,6,0.005693891768912852,945
29,IC4901,768,20011,340,0.006988974666320204,0.4427083333333333,0.01699065513967318,0.03272534770681939,0.43379253078166463,3,6,0.006872070697331243,2466
29,NGC0986,1256,22281,529,0.011789768443042576,0.4211783439490446,0.02374220187603788,0.044950503462633296,0.43479488923157755,2,6,0.011517507914580248,2288
29,NGC0289,1142,11842,386,0.003278537841890422,0.3380035026269702,0.03259584529640264,0.059457794208256316,0.22543398409584772,1,6,0.003172674235370554,2299
29,IC1954,832,8991,341,0.008706101533420352,0.4098557692307692,0.03792681570459348,0.06942889137737962,0.3639695055509607,1,6,0.008382660200873734,849
29,NGC0578,838,13808,233,0.006576672436178938,0.27804295942720764,0.016874275782155272,0.03181756110883517,0.4290235860773855,2,6,0.006468277565583332,1262
29,NGC3992,1064,34340,597,0.0067622305987586956,0.5610902255639098,0.017384973791496797,0.03372500282453959,0.5934025375859271,4,6,0.006646061898603585,3481
29,NGC3359,1624,12977,1049,0.00429227704354493,0.645935960591133,0.08083532403483086,0.14368878843914804,0.623584003491264,5,6,0.003947429818781599,1797
30,NGC1097,1064,142762,541,0.04137799907309479,0.5084586466165414,0.0037895238228660287,0.007522979155368292,0.4487845281521851,3,6,0.04123391223344342,1796
30,NGC4133,530,29835,79,0.026034758387668767,0.1490566037735849,0.0026478967655438244,0.005203359130577968,0.13573883161512026,1,6,0.025977835552862746,404
30,IC4901,768,77672,267,0.027127461910070604,0.34765625,0.0034375321866309608,0.006807751147373788,0.2555104800540906,2,6,0.027041463694114424,976
30,NGC0986,1256,79314,536,0.04196821032680216,0.4267515923566879,0.006757949416244295,0.013305200446816434,0.40238482997103686,2,6,0.0417123132812984,1032
30,NGC0289,1142,62304,275,0.017249284048398993,0.24080560420315236,0.004413841807909605,0.008668789206569367,0.15878776255048774,1,6,0.01717857979624652,866
30,IC1954,832,25761,381,0.024944709331825347,0.4579326923076923,0.014789798532665658,0.028654157109013652,0.42943720461598384,2,6,0.024595597213661894,314
30,NGC0578,838,40735,194,0.01940185049882308,0.2315035799522673,0.0047624892598502515,0.009332980540254492,0.29692735235662354,1,6,0.019317159542269896,468
30,NGC3992,1064,110861,722,0.021830741013657184,0.6785714285714286,0.006512659997654721,0.012901496537860173,0.6943031699144012,5,6,0.021693110021346655,1321
30,NGC3359,1624,54740,1336,0.01810582148136314,0.8226600985221675,0.02440628425283157,0.04740614576680151,0.7308212364672088,5,6,0.017673419017623447,710
31,NGC1097,1064,167104,579,0.048433260651366834,0.5441729323308271,0.0034649080811949445,0.006885971171685458,0.518885099637798,4,6,0.04828033296541415,2491
31,NGC4133,530,31264,79,0.02728173910615305,0.1490566037735849,0.0025268679631525078,0.004969491098949487,0.13573883161512026,1,6,0.02722539325568036,540
31,IC4901,768,89025,357,0.03109257256854511,0.46484375,0.004010109519797809,0.007951622064080718,0.4130418510481663,3,6,0.030976196664682355,1395
31,NGC0986,1256,88548,683,0.04685428912950649,0.5437898089171974,0.007713330622938971,0.015210903745935594,0.5395917387096216,3,6,0.0465238062207886,1428
31,NGC0289,1142,63111,518,0.01747270745985023,0.45359019264448336,0.008207760929156566,0.01612376075825253,0.259015479313584,2,6,0.017334776397918042,1139
31,IC1954,832,32789,494,0.03175001258806806,0.59375,0.015066028241178444,0.029386395407632136,0.5252989187171399,2,6,0.031296879906036676,499
31,NGC0578,838,44776,201,0.021326555982209453,0.2398568019093079,0.0044890119706985886,0.008813083702372078,0.29877868913532796,1,6,0.021239298157339007,665
31,NGC3992,1064,122115,735,0.024046877972260284,0.6907894736842105,0.0060189165950128975,0.011933852361197933,0.7017487598342179,6,6,0.02390715091285609,1890
31,NGC3359,1624,56936,1277,0.018832171206848592,0.7863300492610837,0.02242869186454967,0.04361338797814208,0.7110349111047304,5,6,0.018419684463746228,955
32,NGC1097,1064,80503,549,0.023332911134485018,0.5159774436090225,0.006819621629007615,0.013461326271653978,0.49648990635449475,4,6,0.023180938249011997,1353
32,NGC4133,530,10970,79,0.00957269312930204,0.1490566037735849,0.0072014585232452145,0.01373913043478261,0.13573883161512026,1,6,0.009508153213006727,259
32,IC4901,768,43508,80,0.015195457987220001,0.10416666666666667,0.0018387423002666175,0.003613695907489384,0.09195402298850575,1,6,0.015171586916969204,747
32,NGC0986,1256,39625,584,0.02096717268325309,0.46496815286624205,0.014738170347003154,0.028570729678823903,0.4199767165284407,2,6,0.02067189345775687,751
32,NGC0289,1142,19930,221,0.005517755378219568,0.19352014010507881,0.011088810837932764,0.020975702353834474,0.12121747848989677,1,6,0.005458295784298032,510
32,IC1954,832,10944,192,0.010597216681320468,0.23076923076923078,0.017543859649122806,0.03260869565217391,0.24664049170219915,1,6,0.010419695084369294,228
32,NGC0578,838,19872,168,0.009464921397142806,0.20047732696897375,0.008454106280193236,0.016224046354418153,0.27927485909822863,1,6,0.009388651281933993,274
32,NGC3992,1064,46746,507,0.009205219323517005,0.47650375939849626,0.010845847773071493,0.0212089521020707,0.5462444236796041,4,6,0.009107289100836653,864
32,NGC3359,1624,20760,993,0.006866584836556428,0.6114532019704434,0.04783236994219653,0.08872408863473909,0.5967715748460659,4,6,0.006541653691134797,415
33,NGC1097,1064,85909,552,0.024899780910680017,0.518796992481203,0.0064254036247657405,0.012693594563830153,0.5064197256765792,4,6,0.02474742159392797,2720
33,NGC4133,530,13919,124,0.012146063415383327,0.2339622641509434,0.008908685968819599,0.017163817565229427,0.3024054982817869,2,6,0.012043427928879608,603
33,IC4901,768,41603,248,0.014530124083899828,0.3229166666666667,0.00596110857390092,0.011706119751716976,0.2907052421449862,2,6,0.014447383645373063,1586
33,NGC0986,1256,42419,593,0.022445589856174456,0.4721337579617834,0.013979584620099484,0.027155123068116772,0.48298126801649355,2,6,0.022146528412800362,1581
33,NGC0289,1142,25318,228,0.007009459642035274,0.19964973730297722,0.009005450667509282,0.01723356009070295,0.12701066374484996,1,6,0.0069485332197492325,1334
33,IC1954,832,16049,373,0.015540454177495633,0.4483173076923077,0.023241323446943733,0.04419169480481013,0.40868961183235175,1,6,0.015191512290045858,550
33,NGC0578,838,22173,215,0.01056087470505472,0.256563245823389,0.009696477698101294,0.018686715049324235,0.43286662804203374,2,6,0.010462647424315196,755
33,NGC3992,1064,56500,608,0.01112597637827217,0.5714285714285714,0.010761061946902654,0.021124313807240638,0.6089540985225066,5,6,0.011008555600769094,2175
33,NGC3359,1624,25041,1028,0.008282569888834754,0.6330049261083743,0.04105267361527096,0.0771048190511907,0.6147138629203427,5,6,0.007946816921395249,1085
34,NGC1097,1064,76166,509,0.02207587927740812,0.4783834586466165,0.006682771840453745,0.013181406189304674,0.4016681597061767,3,6,0.0219351157553781,2027
34,NGC4133,530,14921,79,0.013020433380338719,0.1490566037735849,0.005294551303531935,0.010225875347873923,0.13573883161512026,1,6,0.012957488751027991,468
34,IC4901,768,38497,209,0.013445332953342107,0.2721354166666667,0.005428994467101333,0.010645613141474598,0.20188797004212825,1,6,0.013375926127772794,1112
34,NGC0986,1256,39510,467,0.020906321582721252,0.3718152866242038,0.01181979245760567,0.022911249570720698,0.35269972166523894,2,6,0.020672952441566597,1161
34,NGC0289,1142,29877,197,0.008271649645512595,0.1725043782837128,0.006593700840111122,0.012701892388536059,0.11082173563255497,1,6,0.00821970769079941,974
34,IC1954,832,13698,476,0.013263950484350126,0.5721153846153846,0.03474959848153015,0.0655196145905024,0.4368430309170896,2,6,0.012813356436526303,356
34,NGC0578,838,22283,158,0.010613267083964026,0.18854415274463007,0.007090607189337163,0.013667228926084511,0.27628556184998354,1,6,0.01054222034169659,532
34,NGC3992,1064,57632,640,0.01134888974570941,0.6015037593984962,0.01110494169905608,0.021807278179092275,0.6354857848480074,5,6,0.01122521292490933,1488
34,NGC3359,1624,29720,1199,0.009830197559848604,0.7383004926108374,0.04034320323014805,0.07650587034201123,0.6799165471170561,5,6,0.009438685937413645,847
35,NGC1097,1064,47108,514,0.013653736851090273,0.4830827067669173,0.010911097902691687,0.02134019762517645,0.4716969663092629,4,6,0.013508925591896152,1484
35,NGC4133,530,5118,73,0.004466093294053586,0.13773584905660377,0.014263384134427511,0.025849858356940508,0.1254295532646048,1,6,0.00440442869889073,289
35,IC4901,768,24642,150,0.008606382176176227,0.1953125,0.006087168249330412,0.011806375442739079,0.14197742757580487,1,6,0.008556288725486087,841
35,NGC0986,1256,22759,503,0.012042697365253175,0.4004777070063694,0.0221011467990685,0.04189048511347075,0.4318013938703594,2,6,0.011784371834631206,840
35,NGC0289,1142,9717,201,0.0026902172107455863,0.17600700525394045,0.020685396727384994,0.03701998342388802,0.1255531101586934,1,6,0.0026354022367131805,626
35,IC1954,832,5512,64,0.005337340857770324,0.07692307692307693,0.011611030478955007,0.0201765447667087,0.14859649122807017,0,6,0.005279622286053192,254
35,NGC0578,838,12384,139,0.005898429276480299,0.1658711217183771,0.011224160206718346,0.02102556345484798,0.25659219001610306,1,6,0.005834553133743491,311
35,NGC3992,1064,29177,468,0.005745532969714108,0.4398496240601504,0.016040031531685917,0.03095135742865646,0.5096670279105527,4,6,0.0056545591988563645,1057
35,NGC3359,1624,11033,866,0.0036492789259020744,0.5332512315270936,0.07849179733526693,0.13684127360353956,0.5139189547568993,4,6,0.0033646478007673133,480
36,NGC1097,1064,55197,526,0.01599824473485671,0.4943609022556391,0.009529503415040672,0.018698565613835517,0.49349777264045597,4,6,0.015850677577253607,2042
36,NGC4133,530,9824,78,0.008572665205311143,0.1471698113207547,0.007939739413680782,0.015066640911724938,0.13402061855670103,1,6,0.008508535599482468,450
36,IC4901,768,28442,161,0.009933557416394945,0.20963541666666666,0.005660642711483018,0.011023622047244094,0.22202867638345772,2,6,0.009879977194409277,1115
36,NGC0986,1256,26037,371,0.013777218300412888,0.29538216560509556,0.014248953412451512,0.027186458066170816,0.3044313906382872,2,6,0.01358993923021408,1116
36,NGC0289,1142,14914,158,0.004129041831950157,0.138353765323993,0.010594072683384739,0.019681116093672145,0.08633879781420765,1,6,0.0040865905217464995,843
36,IC1954,832,9149,318,0.008859094976005205,0.38221153846153844,0.03475789703792764,0.06372107003306282,0.2313062144607164,1,6,0.008558066154209936,366
36,NGC0578,838,16036,140,0.007637856256269225,0.16706443914081145,0.008730356697430781,0.016593575915609816,0.2663193610377132,1,6,0.0075741981718241355,527
36,NGC3992,1064,39742,512,0.007825992092483055,0.48120300751879697,0.012883095969000051,0.02509434887026418,0.5509679417016881,5,6,0.007726788023655828,1509
36,NGC3359,1624,19241,978,0.006364159867060801,0.6022167487684729,0.05082895899381529,0.09374550682961896,0.5874256328139819,4,6,0.006043922768310558,806
37,NGC1097,1064,165410,701,0.04794227334080925,0.6588345864661654,0.0042379541744755455,0.008421735526268365,0.5398318414325964,3,6,0.0477538229238877,2097
37,NGC4133,530,26783,79,0.023371507755888473,0.1490566037735849,0.002949632229399246,0.005784791125105261,0.13573883161512026,1,6,0.023313352621442626,390
37,IC4901,768,91430,463,0.03193253479294669,0.6028645833333334,0.005063983375259762,0.010043601813488361,0.5985381995508344,4,6,0.031779353114947444,1154
37,NGC0986,1256,86414,730,0.04572510435963741,0.5812101910828026,0.008447705232948365,0.01665335918786358,0.5858903300763766,3,6,0.04536898437628236,1159
37,NGC0289,1142,64369,694,0.017820993273487976,0.6077057793345009,0.010781587410088707,0.021187281525240034,0.4402656367472715,3,6,0.017634430162117673,932
37,IC1954,832,28528,573,0.027624031202915785,0.6887019230769231,0.020085530005608525,0.039032697547683924,0.5642650348069677,3,6,0.0270910134006272,357
37,NGC0578,838,42658,270,0.02031776454102847,0.3221957040572792,0.006329410661540626,0.012414934706639692,0.4707945074999333,2,6,0.020197226478817405,486
37,NGC3992,1064,122548,742,0.024132144304504385,0.6973684210526315,0.006054770375689526,0.012005306928129953,0.7057579236371961,6,6,0.02399105638565949,1527
37,NGC3359,1624,51433,1327,0.017011997008603407,0.8171182266009852,0.025800556063227887,0.050021674802570824,0.7279997545563007,5,6,0.016581985119036784,715
38,NGC1097,1064,133860,551,0.038797852060943876,0.5178571428571429,0.004116240848647841,0.008167560997302186,0.505958045159497,4,6,0.038650070003221106,1682
38,NGC4133,530,27852,79,0.024304343576783995,0.1490566037735849,0.0028364210828665803,0.0055669086040448165,0.13573883161512026,1,6,0.02424662007022641,374
38,IC4901,768,75240,360,0.026278069756330624,0.46875,0.004784688995215311,0.009472687085569939,0.41530429448708034,3,6,0.02615935406518039,926
38,NGC0986,1256,78570,537,0.04157453016336139,0.42754777070063693,0.006834669721267659,0.013454263022073008,0.4027215303077372,2,6,0.04131784181217545,1005
38,NGC0289,1142,60484,275,0.016745404731371417,0.24080560420315236,0.004546656967131803,0.008924804465647616,0.15878776255048774,1,6,0.016674541117093725,821
38,IC1954,832,24600,427,0.023820498022705,0.5132211538461539,0.01735772357723577,0.03357974205725071,0.4504417708260295,2,6,0.023425901160198936,301
38,NGC0578,838,47559,196,0.02265208316861487,0.23389021479713604,0.004121196829201623,0.008099675599727255,0.29469287139349293,1,6,0.02256773704152658,524
38,NGC3992,1064,107290,725,0.021127539922563204,0.681390977443609,0.006757386522509088,0.013382062498846374,0.6960213829728205,6,6,0.020989170679094657,1262
38,NGC3359,1624,53354,1336,0.017647387638228883,0.8226600985221675,0.02504029688495708,0.0486012586852923,0.7308212364672088,5,6,0.01721473879220164,675
39,NGC1097,1064,197252,565,0.057171327616355155,0.5310150375939849,0.0028643562549429155,0.0056979769660541755,0.5124215723986475,4,6,0.057025154481119424,2520
39,NGC4133,530,41102,79,0.035866621057481535,0.1490566037735849,0.0019220475889251132,0.003795157571099155,0.13573883161512026,1,6,0.03581424747563814,570
39,IC4901,768,120601,590,0.04212070030147833,0.7682291666666666,0.004892165073258099,0.009722416762105644,0.7436283383708515,5,6,0.04192588462495144,1550
39,NGC0986,1256,103965,583,0.055012040580805235,0.464171974522293,0.0056076564228346075,0.011081438115965443,0.4211493625286729,2,6,0.05473993210854796,1419
39,NGC0289,1142,82369,359,0.02280441509024423,0.31436077057793343,0.004358435819300951,0.008597669768054508,0.180702400687665,1,6,0.022712204438088263,1200
39,IC1954,832,42931,447,0.041570642301331236,0.5372596153846154,0.01041205655586872,0.020428215615931267,0.4590302037014684,2,6,0.04117097525710055,534
39,NGC0578,838,54083,199,0.025759427532290376,0.23747016706443913,0.0036795296118928315,0.007246772637060505,0.29693706850917695,1,6,0.02567489269568267,676
39,NGC3992,1064,163697,781,0.0322352027467968,0.7340225563909775,0.004771009853570927,0.009480398880803103,0.7280946933966463,6,6,0.032088131472391354,2045
39,NGC3359,1624,78388,1360,0.025927642204623565,0.8374384236453202,0.01734959432566209,0.03399490076488527,0.7405297707197146,5,6,0.025491501012836097,1050
40,NGC1097,1064,84495,546,0.02448994852748732,0.5131578947368421,0.006461920823717379,0.01276312252363866,0.43087881080048435,3,6,0.024339202354682794,1182
40,NGC4133,530,12962,79,0.01131096156262653,0.1490566037735849,0.006094738466286067,0.011710643344203972,0.13573883161512026,1,6,0.01124722595199391,214
40,IC4901,768,41902,0,0.014634551819906512,0.0,0.0,0.0,0.0,0,6,0.014638478285779764,600
40,NGC0986,1256,41575,518,0.021998995692271223,0.4124203821656051,0.012459410703547806,0.024188088067054237,0.350457667699047,2,6,0.021739349137960703,642
40,NGC0289,1142,21365,245,0.0059150448397220804,0.21453590192644484,0.011467353147671425,0.021771004576354024,0.14153473866640842,1,6,0.00584906423280605,363
40,IC1954,832,14882,405,0.014410432990808774,0.48677884615384615,0.027214084128477357,0.051546391752577324,0.4330147034986271,2,6,0.014029568985901625,211
40,NGC0578,838,20160,183,0.00960209417101444,0.21837708830548927,0.009077380952380953,0.017430231450614345,0.2889411432060213,1,6,0.009518731560048488,235
40,NGC3992,1064,51911,554,0.010222310792433392,0.5206766917293233,0.01067211188380112,0.02091552619159981,0.5898661519167171,5,6,0.010115336541700035,726
40,NGC3359,1624,22279,1013,0.007369009806052054,0.6237684729064039,0.045468827146640335,0.08475923524243818,0.4589045067244643,3,6,0.0070377299233911365,342
