galaxy,status,error,sep_masked_pixels,sep_masked_fraction,sep_truth_pixels,sep_toy_overlap_pixels,sep_toy_pixel_recall,sep_toy_associated_precision,sep_toy_f_score,sep_mean_per_toy_recall,sep_recovered_toys,sep_toy_count,sep_toy_detection_rate,sep_false_mask_fraction,sep_segments_raw,sep_segments_kept,sep_elapsed_seconds,mto_masked_pixels,mto_masked_fraction,mto_truth_pixels,mto_toy_overlap_pixels,mto_toy_pixel_recall,mto_toy_associated_precision,mto_toy_f_score,mto_mean_per_toy_recall,mto_recovered_toys,mto_toy_count,mto_toy_detection_rate,mto_false_mask_fraction,mto_segments_raw,mto_segments_kept,mto_elapsed_seconds,masked_fraction_difference_sep_minus_mto,toy_recall_difference_sep_minus_mto,f_score_difference_sep_minus_mto,comparison_elapsed_seconds
ESO013-016,ok,,118309,0.13731313834726092,674,672,0.9970326409495549,0.005680041247918586,0.011295731322962105,0.9987789987789988,6,6,1.0,0.13664008288749555,786,785,0.20980949099998725,125488,0.14564531104921077,674,481,0.7136498516320475,0.003833035828126992,0.0076251169131751236,0.8742948049517393,5,6,0.8333333333333334,0.14520063280700082,1672,1233,2.6512500559999808,-0.008332172701949858,0.2833827893175074,0.0036706144097869813,3.827562741999998
ESO026-001,ok,,113703,0.1324209687788244,756,756,1.0,0.006648901084404106,0.013209970382407673,1.0,6,6,1.0,0.13165643227818885,714,712,0.22090480299999626,120458,0.1402879876270602,756,756,1.0,0.006276046422819572,0.012473806655996834,1.0,6,6,1.0,0.13953038377791144,1622,1142,2.5830879410000307,-0.007867018848235818,0.0,0.0007361637264108392,3.756577146999973
ESO054-021,ok,,90976,0.08710238283075085,898,632,0.7037861915367484,0.006946887091100949,0.013757972875895249,0.7258783663278044,5,6,0.8333333333333334,0.08657172371101618,581,580,0.1979405850000262,95380,0.09131886733201082,898,474,0.5278396436525612,0.004969595302998532,0.009846486216996611,0.47040521840923777,3,6,0.5,0.09094323929112837,1326,943,2.444715673000019,-0.0042164845012599705,0.17594654788418718,0.0039114866588986375,4.112358731000029
ESO079-005,ok,,83894,0.0780916353129753,518,518,1.0,0.006174458244928124,0.01227313652087381,1.0,6,6,1.0,0.07764690105272569,548,548,0.23943411099998002,94010,0.08750798192686973,518,313,0.6042471042471043,0.0033294330390384002,0.006622376438727149,0.7317174745960352,4,6,0.6666666666666666,0.08725870379890183,1429,961,2.6977796470000044,-0.009416346613894427,0.39575289575289574,0.0056507600821466605,4.134422707999988
ESO085-047,ok,,122131,0.11291259030252154,898,898,1.0,0.007352760560381885,0.014598184167960401,1.0,6,6,1.0,0.11217550132131199,837,836,0.2160100749999856,152221,0.14073140650973243,898,669,0.744988864142539,0.004394925798674296,0.008738301582429353,0.8333333333333334,5,6,0.8333333333333334,0.14022932350306827,1891,1418,3.4462823609999873,-0.027818816207210884,0.25501113585746105,0.0058598825855310475,4.969218726999998
ESO120-012,ok,,99778,0.08998688679534562,2438,2189,0.8978671041837571,0.021938703922708414,0.04283086796587619,0.7936038933702897,5,6,0.8333333333333334,0.08820663648984786,695,694,0.21250197699998807,115382,0.10405968221672682,2438,1693,0.6944216570959804,0.014672999254649773,0.028738754031573586,0.6917695786874715,4,6,0.6666666666666666,0.10275875658008908,1507,1121,2.8865450659999965,-0.014072795421381193,0.2034454470877768,0.014092113934302607,4.504131980000011
ESO202-041,ok,,89707,0.08319877576572608,690,633,0.9173913043478261,0.007056305527996701,0.014004889542794562,0.8333333333333334,5,6,0.8333333333333334,0.08266460022180254,582,581,0.2233473960000083,105536,0.09787938510051242,690,563,0.8159420289855073,0.005334672528805337,0.010600041421121007,0.789838356346256,5,6,0.8333333333333334,0.09741957337812693,1349,960,2.6961569829999803,-0.014680609334786335,0.10144927536231885,0.003404848121673555,4.780787920000023
ESO236-039,ok,,90358,0.06575795065861291,525,380,0.7238095238095238,0.004205493702826534,0.008362400008802527,0.8378076062639822,5,6,0.8333333333333334,0.06550643394062938,600,599,0.24732565499999737,112321,0.081741503529583,525,376,0.7161904761904762,0.003347548543905414,0.006663949098771777,0.8333333333333334,5,6,0.8333333333333334,0.08149900806290156,1582,1102,3.8711428089999913,-0.015983552870970086,0.007619047619047636,0.0016984509100307502,5.849542789999987
ESO298-023,ok,,78562,0.09229558270676692,1248,1040,0.8333333333333334,0.013237952190626512,0.0260618970053878,0.8278475745981785,5,6,0.8333333333333334,0.0912075034825496,582,581,0.20657510000000912,87465,0.10275493421052631,1248,959,0.7684294871794872,0.01096438575430172,0.021620281131288534,0.7707083957759963,5,6,0.8333333333333334,0.10177751214186213,1299,937,1.9260472380000238,-0.010459351503759387,0.06490384615384615,0.004441615874099265,2.46255122499997
ESO357-012,ok,,53628,0.05520009881422925,646,604,0.934984520123839,0.011262773178190497,0.022257434499023475,0.7964912280701754,5,6,0.8333333333333334,0.05461470798476424,362,361,0.17404911599999195,67020,0.0689846837944664,646,586,0.9071207430340558,0.008743658609370337,0.017320367688351608,0.6605026078710289,4,6,0.6666666666666666,0.06842700494605891,970,697,1.6814694600000166,-0.013784584980237151,0.02786377708978327,0.004937066810671867,2.6371126259999755
ESO358-020,ok,,93574,0.10322422648569461,462,426,0.922077922077922,0.004552546647573044,0.009060359862180442,0.8604651162790699,5,6,0.8333333333333334,0.10280668837260637,649,648,0.2489284509999834,105181,0.1160282489365833,462,392,0.8484848484848485,0.003726908852359266,0.007421220525732892,0.9499284692417739,6,6,1.0,0.11565476518955907,1461,1005,2.0643851110000355,-0.012804022450888686,0.07359307359307354,0.00163913933644755,3.1262272280000047
ESO359-031,ok,,81747,0.07611452513966481,851,831,0.9764982373678026,0.010165510660941686,0.020121552579965615,0.8728779599271402,5,6,0.8333333333333334,0.07540052686066893,553,552,0.28383728400001473,112603,0.10484450651769088,851,794,0.9330199764982373,0.007051321900837455,0.01399686216440143,0.9740437158469946,6,6,1.0,0.10418776889322919,1609,1057,2.740510195000013,-0.02872998137802607,0.0434782608695653,0.006124690415564184,3.761755428000015
ESO420-009,ok,,149262,0.14881525659968775,894,573,0.6409395973154363,0.0038388873256421595,0.007632062654838967,0.6367147451955856,3,6,0.5,0.14837622292208025,1089,1088,0.28031073799996875,75280,0.07505468583312895,894,300,0.33557046979865773,0.003985122210414453,0.007876703337096648,0.3603294059867379,2,6,0.3333333333333333,0.07482227464504825,1453,915,2.3287119230000144,0.0737605707665588,0.3053691275167785,-0.00024464068225768087,3.199568998000018
ESO440-044,ok,,83115,0.09089447645044028,376,376,1.0,0.0045238524935330565,0.009006958833886285,1.0,6,6,1.0,0.09052050466283604,521,519,0.2274647759999766,93890,0.10267800510054549,376,366,0.973404255319149,0.0038981787197784642,0.007765260008910954,0.9812734082397004,6,6,1.0,0.10231982110113824,1222,863,1.7678890490000185,-0.011783528650105207,0.02659574468085102,0.0012416988249753314,2.413083637999989
ESO443-085,ok,,89296,0.10562011721637718,643,377,0.5863141524105754,0.004221913635549184,0.008383459900599296,0.5,3,6,0.5,0.10525424892460009,566,565,0.13723344400000315,106185,0.1255965793162181,643,268,0.416796267496112,0.0025238969722653857,0.005017411165612011,0.4883664122137405,3,6,0.5,0.12537493992675205,1374,946,1.8425429900000267,-0.019976462099840914,0.1695178849144634,0.0033660487349872845,2.7212413800000377
ESO479-004,ok,,69612,0.0786562939611193,762,400,0.5249343832020997,0.005746135723725794,0.01136783471168329,0.5006289308176101,3,6,0.5,0.07827171635267283,399,398,0.21909702700003209,78505,0.08870471121958384,762,460,0.6036745406824147,0.005859499394942997,0.011606343118826246,0.7251461988304094,4,6,0.6666666666666666,0.08826093889418526,1120,740,1.6902702819999718,-0.010048417258464545,-0.07874015748031493,-0.0002385084071429549,2.217196898999987
ESO485-021,ok,,93712,0.1283536134380119,1416,1380,0.9745762711864406,0.014725968926071368,0.029013539651837526,0.9863945578231292,6,6,1.0,0.12670922694361952,644,643,0.16046073500001512,92238,0.1263347340393476,1416,1347,0.951271186440678,0.014603525661874716,0.02876545582676661,0.9729780372541247,6,6,1.0,0.12473171106585498,1252,919,1.6240538960000208,0.0020188793986642972,0.02330508474576265,0.0002480838250709175,2.0206220370000096
ESO572-030,ok,,77520,0.08845074279455056,1222,1215,0.9942716857610474,0.015673374613003097,0.030860277869497854,0.993891797556719,6,6,1.0,0.0871859853427453,529,528,0.13876701600003116,88219,0.1006583601469615,1222,1076,0.8805237315875614,0.012196919031047734,0.024060553884683762,0.8782606673750423,5,6,0.8333333333333334,0.09956946885161987,1157,856,1.7695228919999977,-0.012207617352410938,0.11374795417348604,0.006799723984814092,2.2111245879999615
IC0600,ok,,92788,0.06519078499012879,414,317,0.7657004830917874,0.0034163900504375565,0.00680242913242205,0.8333333333333334,5,6,0.8333333333333334,0.06498697041849273,639,638,0.27863505900000973,118642,0.0833552303401179,414,270,0.6521739130434783,0.002275753948854537,0.00453568068807956,0.6363636363636364,4,6,0.6666666666666666,0.08318973150909822,1628,1143,4.289221246000011,-0.01816444534998911,0.11352657004830913,0.0022667484443424906,5.502063643999975
IC0797,ok,,109731,0.08489359578700126,582,203,0.3487972508591065,0.0018499785839917616,0.0036804365759248677,0.8408900083963057,5,6,0.8333333333333334,0.08477471557420381,781,780,0.24895661800002244,117326,0.09076948190853733,582,138,0.23711340206185566,0.0011762098767536607,0.0023408080876615666,0.5804375804375804,3,6,0.5,0.09070355862162913,1631,1251,3.513159771000005,-0.00587588612153607,0.11168384879725085,0.0013396284882633011,11.267154074000018
IC1014,ok,,56348,0.05620994836681111,549,420,0.7650273224043715,0.007453680698516363,0.014763520044993584,0.6814345991561183,4,6,0.6666666666666666,0.05582154830737783,348,347,0.1887303489999681,77662,0.07747172943251375,549,453,0.825136612021858,0.005832968504545338,0.01158404827965376,0.7656441849587482,5,6,0.8333333333333334,0.07706204268460047,1166,773,1.9820413479999957,-0.021261781065702638,-0.060109289617486406,0.003179471765339824,2.7681898669999896
IC1933,ok,,75416,0.0737872930798485,960,589,0.6135416666666667,0.0078100137901771505,0.015423693306797949,0.5280970625798213,3,6,0.5,0.0732798426814662,508,507,0.1851709640000081,90013,0.08806905181919492,960,373,0.3885416666666667,0.004143845888927155,0.008200235234630057,0.40631869680401334,3,6,0.5,0.08778656230995002,1309,932,2.2613265130000286,-0.014281758739346409,0.22499999999999998,0.007223458072167892,3.172096027000009
IC1953,ok,,54941,0.0770456193196718,598,484,0.8093645484949833,0.008809450137420141,0.017429193899782133,0.7207207207207208,4,6,0.6666666666666666,0.0764309844645396,309,308,0.13326242799996635,71735,0.10059641254976531,598,441,0.7374581939799331,0.00614762668153621,0.012193604578822945,0.7701166282561632,5,6,0.8333333333333334,0.10006189482371203,1519,786,1.6188926009999705,-0.023550793230093514,0.07190635451505023,0.005235589320959189,2.9917349369999897
IC1954,ok,,98434,0.09531491473036358,458,249,0.5436681222707423,0.0025296137513460795,0.005035796626622983,0.5212926605712774,2,6,0.3333333333333333,0.09511598754584574,542,541,0.18210433000001558,100033,0.09686324710183941,458,170,0.37117903930131,0.0016994391850689273,0.003383387567045805,0.4147307626691965,2,6,0.3333333333333333,0.09674153754943009,1324,961,2.3466660939999997,-0.0015483323714758357,0.17248908296943233,0.001652409059577178,2.995804511000017
IC2007,ok,,83242,0.10131546277318247,874,374,0.4279176201372998,0.00449292424497249,0.008892481810832659,0.3333333333333333,2,6,0.3333333333333333,0.10096766568624824,591,590,0.16862559499998042,98115,0.11941768133863673,874,423,0.4839816933638444,0.004311267390307292,0.008546404145915204,0.5082691690924626,4,6,0.6666666666666666,0.11902945885288606,1466,999,1.963153656999964,-0.018102218565454256,-0.05606407322654461,0.0003460776649174546,3.014350374000003
IC3115,ok,,77255,0.05046377947612515,1789,1681,0.9396310788149804,0.021759109442754516,0.042533272607661564,0.9243398623938511,6,6,1.0,0.049423488549882905,527,526,0.230882213999962,100214,0.06546084002874127,1789,879,0.4913359418669648,0.008771229568722934,0.01723478721214082,0.6649207378267866,4,6,0.6666666666666666,0.0649625828340781,1510,1077,4.201209201999973,-0.014997060552616112,0.44829513694801565,0.025298485395520744,5.339978283999983
IC3517,ok,,52533,0.06072449092825834,578,490,0.8477508650519031,0.009327470351969238,0.018451921447534405,0.6666666666666666,4,6,0.6666666666666666,0.06019830519845557,336,335,0.1535691899999847,59844,0.06917549797480997,578,510,0.8823529411764706,0.008522157609785442,0.01688126841216775,0.8322717622080679,5,6,0.8333333333333334,0.06863182830822902,801,570,1.457905806000042,-0.008451007046551634,-0.03460207612456745,0.0015706530353666558,1.9741703550000125
IC3521,ok,,89879,0.0568296205246492,548,513,0.9361313868613139,0.0057076736501296185,0.011346168732789985,0.8333333333333334,5,6,0.8333333333333334,0.05652484117687242,620,619,0.27264581100001806,113338,0.07166251884225115,548,391,0.7135036496350365,0.0034498579470257106,0.006866515638445463,0.5971238842264368,4,6,0.6666666666666666,0.07144004695750296,1609,1157,4.60141811699998,-0.014832898317601949,0.22262773722627738,0.004479653094344522,6.226056341999993
IC4901,ok,,311624,0.10883675185734683,1005,0,0.0,0.0,0.0,0.0,0,6,0.0,0.10887496728936535,1917,1916,0.5851665640000192,418827,0.14627811166712767,1005,255,0.2537313432835821,0.0006088432694167282,0.0012147716229348883,0.3139440931446352,1,6,0.16666666666666666,0.14624038202527478,5807,3930,27.259243072999993,-0.03744135980978085,-0.2537313432835821,-0.0012147716229348883,30.527649456000006
IC5273,ok,,106786,0.06427161326046657,847,730,0.8618654073199528,0.006836102110763583,0.013564613083348043,0.7986646853286551,5,6,0.8333333333333334,0.06386480336112796,646,645,0.2960849830000143,107392,0.06463634831595927,847,375,0.4427390791027155,0.0034918802145411203,0.006929110579366033,0.49159459668422856,3,6,0.5,0.06444349835273658,1559,1096,4.649866443000008,-0.0003647350554926987,0.4191263282172373,0.00663550250398201,6.014870556999995
NGC0210,ok,,143963,0.09506423767941383,768,731,0.9518229166666666,0.0050776935740433305,0.010101498642308835,0.8333333333333334,5,6,0.8333333333333334,0.09462952098561847,890,889,0.3267480819999946,169789,0.1121181265418892,768,726,0.9453125,0.004275895376025538,0.008513282949395217,0.8283730158730158,5,6,0.8333333333333334,0.11169536630356076,2746,1735,6.963836800000024,-0.017053888862475372,0.00651041666666663,0.0015882156929136176,8.055580690999989
NGC0255,ok,,65477,0.04172553307957847,844,486,0.5758293838862559,0.007422453686027154,0.014655991314968109,0.6666666666666666,4,6,0.6666666666666666,0.041438114444967984,418,417,0.27347893499995735,87129,0.05552337418773909,844,498,0.590047393364929,0.005715662982474262,0.011321655507939937,0.7192022167412686,5,6,0.8333333333333334,0.05523572944687759,1391,884,3.8391204109999535,-0.013797841108160618,-0.014218009478673022,0.0033343358070281725,5.045762736999961
NGC0289,ok,,214070,0.05926672823961178,578,185,0.32006920415224915,0.0008642032979866398,0.0017237523759830045,0.16666666666666666,1,6,0.16666666666666666,0.05922498711025481,1537,1536,0.6797536550000132,379723,0.10512888236245202,578,204,0.35294117647058826,0.0005372337203698485,0.0010728344127414863,0.3852922835336419,2,6,0.3333333333333333,0.105089220296406,6855,4089,44.501366381000025,-0.04586215412284024,-0.032871972318339104,0.0006509179632415182,47.803776519999985
NGC0298,ok,,55203,0.06721089926218131,568,444,0.7816901408450704,0.008043041139068528,0.015922253500923418,0.627906976744186,4,6,0.6666666666666666,0.06671645718908539,333,332,0.13393926999998484,63331,0.07710692283341856,568,317,0.5580985915492958,0.005005447569120968,0.009921908011079986,0.475328285733952,3,6,0.5,0.0767740614933258,888,623,1.1934948910000003,-0.009896023571237256,0.22359154929577463,0.006000345489843432,2.8570560360000172
NGC0578,ok,,132140,0.06293753590068692,926,690,0.7451403887688985,0.005221734523989708,0.010370793440848902,0.8458284428794992,5,6,0.8333333333333334,0.06263651854364972,807,805,0.37184296800000993,214196,0.10202034538961355,926,417,0.4503239740820734,0.0019468150665745392,0.0038768698691905063,0.5968710936311447,4,6,0.6666666666666666,0.10186665878845869,3593,2181,11.329341422000027,-0.03908280948892663,0.2948164146868251,0.006493923571658396,12.978013653999994
NGC0600,ok,,56203,0.06625993256466482,863,787,0.9119351100811124,0.014002811237834279,0.02758209792170469,0.9631782945736435,6,6,1.0,0.06539864543515897,362,360,0.14651591000000508,58033,0.06841739171441372,863,610,0.7068366164542295,0.010511260834352868,0.020714479760934528,0.8761913689814449,5,6,0.8333333333333334,0.06776718667574588,889,628,1.31592810799998,-0.0021574591497488943,0.20509849362688293,0.0068676181607701635,1.8161192879999817
NGC0672,ok,,384014,0.14758371227144573,1378,1378,1.0,0.0035884108391881545,0.007151160376966829,1.0,6,6,1.0,0.14713204108235312,2406,2404,0.5007873029999814,236780,0.09099895157893442,1378,864,0.6269956458635704,0.0036489568375707407,0.007255687400801149,0.7808856056221232,5,6,0.8333333333333334,0.09071494214863321,2984,2383,11.908608722999986,0.05658476069251131,0.37300435413642963,-0.00010452702383432003,13.704052734000015
NGC0685,ok,,93033,0.0993168782006322,792,792,1.0,0.008513108251910612,0.016882494004796165,1.0,6,6,1.0,0.0985547104132009,573,572,0.16230654500003538,89197,0.09522177705611762,792,675,0.8522727272727273,0.007567519086964809,0.015001833557434797,0.9185186239080328,6,6,1.0,0.09458115236388774,1344,958,2.0184913100000017,0.004095101144514585,0.1477272727272727,0.0018806604473613677,2.752926120999973
NGC0701,ok,,50534,0.058390837535415345,807,88,0.1090458488228005,0.0017414018284719198,0.003428059445667205,0.05889875360436292,0,6,0.0,0.05834355920461419,286,285,0.14735334499999908,57159,0.06604586778578395,807,74,0.09169764560099132,0.0012946342658199058,0.0025532208536038366,0.1648757333483626,1,6,0.16666666666666666,0.06602192596430641,896,611,1.3170054550000145,-0.007655030250368601,0.017348203221809175,0.0008748385920633686,2.2975459779999596
NGC0918,ok,,73357,0.09216861414750596,789,588,0.7452471482889734,0.008015594967078807,0.01586059935802336,0.8204130960228522,5,6,0.8333333333333334,0.09152055499169298,367,366,0.12946549800000184,65445,0.0822276667923106,789,284,0.35994930291508237,0.004339521735808694,0.008575656007488601,0.4774306193195142,3,6,0.5,0.08195207964674114,940,655,1.245178586999998,0.009940947355195365,0.38529784537389106,0.0072849433505347595,2.055073819000029
NGC0986,ok,,244698,0.12947950085165083,1648,1646,0.9987864077669902,0.006726658983726879,0.013363318259683534,0.9991341991341991,6,6,1.0,0.12872078385307575,1654,1653,0.36116394499998705,156737,0.08293581690485904,1648,985,0.5976941747572816,0.006284412742364598,0.012438046532184235,0.7394387904569352,5,6,0.8333333333333334,0.08248654414151808,2019,1672,6.036449526000013,0.046543683946791786,0.40109223300970864,0.0009252717274992987,6.97592914300003
NGC0991,ok,,74533,0.09225111890050697,577,480,0.8318890814558059,0.006440100358230582,0.012781254160564503,0.8333333333333334,5,6,0.8333333333333334,0.09172251749221845,456,455,0.12818667800002004,78061,0.09661780141001268,577,520,0.901213171577123,0.006661457065628163,0.013225158320404893,0.905392777476337,6,6,1.0,0.09604277650958248,1171,784,1.530565776000003,-0.004366682509505712,-0.06932409012131713,-0.00044390415984038936,1.9795772310000075
NGC1022,ok,,67708,0.08578223009979716,895,500,0.5586592178770949,0.00738465173982395,0.014576622013614563,0.3325842696629214,2,6,0.3333333333333333,0.08524541923831122,439,438,0.1503911059999723,77870,0.09865691288874587,895,464,0.5184357541899441,0.005958649030435341,0.011781882815971562,0.42447659637290086,3,6,0.5,0.09818037914475537,1151,779,1.452083373999983,-0.01287468278894871,0.040223463687150796,0.002794739197643002,2.0964298220000046
NGC1051,ok,,66745,0.08425739374567635,789,361,0.45754119138149557,0.0054086448423102855,0.01069091124470637,0.502020202020202,3,6,0.5,0.08388522644992778,469,468,0.1310942399999817,81830,0.10330036003009509,789,364,0.46134347275031684,0.004448246364414029,0.00881153245621467,0.5031054905368512,3,6,0.5,0.10294338783396326,1214,825,1.5167130890000067,-0.019042966284418733,-0.0038022813688212698,0.0018793787884917,1.9211870340000132
NGC1097,ok,,461375,0.13372448076063034,1995,1029,0.5157894736842106,0.002230289894337578,0.004441375142974297,0.7856930864258039,5,6,0.8333333333333334,0.13350343193948372,2864,2860,0.7358586629999877,298892,0.08663056624981051,1995,1030,0.5162907268170426,0.0034460607844974105,0.006846424072824682,0.7925893334303655,5,6,0.8333333333333334,0.08638198060667085,3464,2929,24.066182158000004,0.04709391451081983,-0.0005012531328320025,-0.002405048929850385,25.977313933000005
NGC1187,ok,,259357,0.09958416525879281,1356,1356,1.0,0.00522831463966656,0.010402243079554912,1.0,6,6,1.0,0.09911511292164098,1640,1639,0.501584385000001,346276,0.13295807095684226,1356,857,0.6320058997050148,0.002474904411509894,0.004930501219680582,0.7702819852066098,4,6,0.6666666666666666,0.132698102682859,5870,3593,30.089806591000013,-0.03337390569804945,0.36799410029498525,0.005471741859874329,31.54955018000004
NGC1255,ok,,147749,0.07843968995540454,2023,1879,0.9288185862580326,0.012717514162532403,0.02509147237133777,0.7948241951068229,5,6,0.8333333333333334,0.07752539492138776,942,941,0.35419156900002235,235273,0.12490603100445954,2023,1100,0.5437469105289174,0.004675419618910797,0.00927112129997977,0.6283232437202212,4,6,0.6666666666666666,0.12445570922688787,4231,2558,12.100489108000033,-0.046466341049055004,0.38507167572911516,0.015820351071358,13.645178147000024
NGC1291,ok,,426040,0.10096485852264837,752,621,0.8257978723404256,0.0014576096141207398,0.0029100826632176796,0.6595330739299611,4,6,0.6666666666666666,0.1008356613305636,3005,3003,0.8671348790000479,279754,0.06629735008718658,752,510,0.6781914893617021,0.0018230302337053268,0.0036362858548480244,0.8321847702092416,5,6,0.8333333333333334,0.06618828358063909,3650,3047,32.32703865600001,0.03466750843546179,0.14760638297872342,-0.0007262031916303448,34.59015044199998
NGC1302,ok,,225252,0.08648901858393487,1020,744,0.7294117647058823,0.0033029673432422354,0.006576156130674586,0.6666666666666666,4,6,0.6666666666666666,0.08623712250996782,1537,1536,0.5219240150000246,332651,0.1277265397020427,1020,722,0.707843137254902,0.0021704428966093595,0.0043276161248655114,0.6363636363636364,4,6,0.6666666666666666,0.12749925097373416,5627,3436,29.73140816299997,-0.04123752111810783,0.021568627450980316,0.002248540005809075,31.53219815600005
NGC1313,ok,,773248,0.33255403882710155,976,864,0.8852459016393442,0.001117364674722728,0.0022319122114530165,0.7992565055762082,5,6,0.8333333333333334,0.3323219476431501,5386,5384,0.657741059999978,442137,0.19015173018863055,976,617,0.632172131147541,0.0013954950614854672,0.002784842692496045,0.7702892760203511,5,6,0.8333333333333334,0.18996611312948433,6122,4681,35.901670137999986,0.142402308638471,0.25307377049180324,-0.0005529304810430284,37.498010394999994
NGC1326A,ok,,80098,0.050908850543517986,357,283,0.7927170868347339,0.003533171864466029,0.007034988502889815,0.6666666666666666,4,6,0.6666666666666666,0.05074049398475783,450,449,0.3767336999999884,85676,0.054454127183780454,357,355,0.9943977591036415,0.004143517437788879,0.008252647240012555,0.9954337899543378,6,6,1.0,0.05424080294773567,1291,822,7.108212114999958,-0.003545276640262468,-0.20168067226890762,-0.0012176587371227404,8.838079592000042
NGC1341,ok,,77938,0.049087382065073626,535,210,0.3925233644859813,0.0026944494341656186,0.005352159341429536,0.5295508274231678,3,6,0.5,0.04897161992307232,503,502,0.9229639079999856,91398,0.05756484059102876,535,178,0.33271028037383177,0.0019475262040744873,0.0038723853240947206,0.4779030910609858,3,6,0.5,0.05747209717711323,1337,910,5.860463814000013,-0.008477458525955134,0.05981308411214953,0.0014797740173348155,9.400252633000036
NGC1347,ok,,79871,0.09595358917433132,756,714,0.9444444444444444,0.00893941480637528,0.017711188559663638,0.8333333333333334,5,6,0.8333333333333334,0.09518226724191833,476,475,0.27317563099995823,88804,0.10668531172812809,756,660,0.873015873015873,0.007432097653258862,0.014738722644037517,0.9395100471950567,6,6,1.0,0.10598867773881843,1273,861,1.9877452939999785,-0.010731722553796771,0.0714285714285714,0.0029724659156261206,3.8811754019999967
NGC1350,ok,,176908,0.0888365300986046,978,977,0.9989775051124744,0.005522644538404143,0.010984563147184153,0.9975124378109452,6,6,1.0,0.08838932682211202,1084,1081,0.39622314899997946,252623,0.12685774946921444,978,951,0.9723926380368099,0.0037645028362421474,0.007499970425984125,0.9891412864496222,6,6,1.0,0.12644229078431077,4576,2680,15.856012324999995,-0.03802121937060984,0.026584867075664542,0.0034845927212000284,16.900613459999988
NGC1367,ok,,201455,0.07850231662789384,2097,1492,0.7114926084883166,0.007406120473554888,0.014659644709951266,0.33318112633181124,2,6,0.3333333333333333,0.0779846443222719,1327,1325,0.5669856000000095,296997,0.11573280649045486,2097,685,0.32665712923223655,0.0023064206035751204,0.004580499775990158,0.4839563729671598,2,6,0.3333333333333333,0.11556030829914049,5256,3169,22.43967748700004,-0.03723048986256103,0.3848354792560801,0.010079144933961108,25.375031284999977
NGC1436,ok,,81776,0.08928232193430474,1346,1346,1.0,0.016459596947759735,0.03238613122879623,1.0,6,6,1.0,0.08794200616676508,492,491,0.18791274800003066,85327,0.09315927269233541,1346,816,0.6062407132243685,0.009563209769475079,0.01882939323664809,0.7081376356259715,5,6,0.8333333333333334,0.092404163659822,1242,903,2.0517199759999585,-0.00387695075803067,0.39375928677563155,0.01355673799214814,3.222239768999998
NGC1493,ok,,226654,0.08084653910510008,970,924,0.9525773195876288,0.0040766984037343265,0.008118651811759744,0.8237791932059447,5,6,0.8333333333333334,0.08054482025049428,1516,1515,0.6007681540000362,329615,0.1175722995717153,970,872,0.8989690721649485,0.0026455106715410404,0.005275496468381808,0.9352607009965,6,6,1.0,0.11730184664691552,5485,3396,25.021328142000016,-0.03672576046661523,0.05360824742268033,0.0028431553433779354,26.914357637000023
NGC1512,ok,,354577,0.10740998226378343,987,653,0.6616008105369807,0.0018416310138559466,0.003673037765353073,0.6666666666666666,4,6,0.6666666666666666,0.10724423726307267,2407,2404,0.6912092869999924,237544,0.07195784505726026,987,485,0.49138804457953394,0.0020417270063651364,0.004066557386670914,0.5259446363183508,3,6,0.5,0.07183240368369126,3030,2512,17.354174562000026,0.03545213720652317,0.17021276595744678,-0.0003935196213178411,19.197761749999984
NGC1559,ok,,306049,0.11344875328290738,595,595,1.0,0.0019441331290087536,0.0038807216185544153,1.0,6,6,1.0,0.11325317286408684,1936,1936,0.5147028920000025,246466,0.09136203819200536,595,186,0.3126050420168067,0.0007546679866594176,0.0015057010212052894,0.5026973889338423,3,6,0.5,0.09131323018512545,2956,2421,12.653022754000006,0.022086715090902015,0.6873949579831933,0.002375020597349126,21.49018775899998
NGC1640,ok,,84526,0.11964454560381386,964,752,0.7800829875518672,0.008896670846840026,0.01759270090069014,0.665144596651446,4,6,0.6666666666666666,0.11874213337264285,517,516,0.14319713000003276,81326,0.1151150216001676,964,558,0.578838174273859,0.006861274377197944,0.013561793656580386,0.5158785439723448,3,6,0.5,0.11448139790676842,1133,788,1.541367933999993,0.004529524003646271,0.20124481327800825,0.0040309072441097535,1.9562122369999884
NGC1672,ok,,181135,0.1281961453750729,936,495,0.5288461538461539,0.0027327683771772434,0.005437439240735756,0.6666666666666666,4,6,0.6666666666666666,0.12793056169335193,981,978,0.26046212899996135,131972,0.0934016159076883,936,626,0.6688034188034188,0.004743430424635529,0.009420049959370392,0.7814987986232872,5,6,0.8333333333333334,0.09302019240575178,1561,1244,3.807287217999999,0.034794529467384594,-0.1399572649572649,-0.003982610718634636,4.810017447000007
NGC1800,ok,,109839,0.18618357487922704,381,96,0.25196850393700787,0.000874006500423347,0.0017419706042460534,0.27594276094276093,1,6,0.16666666666666666,0.18614106236929012,705,704,0.11605814099999634,62436,0.10583269768624459,381,64,0.1679790026246719,0.0010250496508424627,0.0020376649633061113,0.15393939393939396,1,6,0.16666666666666666,0.10579253658180807,773,628,0.9027312930000448,0.08035087719298245,0.08398950131233596,-0.00029569435906005794,1.8999762500000088
NGC1808,ok,,175929,0.18896777658431793,798,393,0.4924812030075188,0.0022338557031529767,0.0044475377276816785,0.5,3,6,0.5,0.1887073990380584,1086,1085,0.2019058340000015,115855,0.12444146079484425,798,511,0.6403508771929824,0.004410685771006862,0.008761026291651307,0.6598915989159891,4,6,0.6666666666666666,0.12399887336298998,1428,1150,2.636870256000009,0.06452631578947368,-0.14786967418546365,-0.004313488563969629,3.085217892000003
NGC1879,ok,,88716,0.11453255391225316,1103,1103,1.0,0.01243293205284278,0.024560505015642574,1.0,6,6,1.0,0.11326987196973713,581,580,0.14015511799999558,91218,0.11776264149384451,1103,1047,0.9492293744333635,0.01147799776359929,0.022681730050584378,0.9635416666666666,6,6,1.0,0.11657696489542838,1265,876,1.7787046569999916,-0.003230087581591351,0.050770625566636474,0.0018787749650581963,2.18387721900001
NGC2500,ok,,119898,0.11659033227340354,1173,141,0.12020460358056266,0.0011759995996597108,0.002329211784820477,0.20177638453500524,1,6,0.16666666666666666,0.1165862049830753,641,640,0.27924934800000756,99366,0.09662475568132092,1173,372,0.3171355498721228,0.0037437352816858884,0.007400113388834183,0.612977602108037,4,6,0.6666666666666666,0.09637294501444221,1375,1017,2.751905805999968,0.019965576592082618,-0.1969309462915601,-0.005070901604013706,4.083502628000019
NGC2681,ok,,132266,0.09440726901567792,1409,143,0.10149041873669269,0.001081154642916547,0.002139517486440995,0.12882882882882882,1,6,0.16666666666666666,0.0944001383246428,891,890,0.3214766929999655,121846,0.08696980403493182,1409,256,0.1816891412349184,0.002101012753803982,0.004153989696158372,0.2447696103747059,2,6,0.3333333333333333,0.08687444895206223,1687,1267,3.7263705770000115,0.0074374649807461,-0.0801987224982257,-0.0020144722097173765,5.253059323000002
NGC2903,ok,,669980,0.1486630356300461,1184,114,0.09628378378378379,0.00017015433296516314,0.00033970832762186294,0.3333333333333333,2,6,0.3333333333333333,0.1486768003146364,4368,4361,0.9553697890000308,427050,0.09475887245262722,1184,387,0.3268581081081081,0.0009062170706006323,0.001807423044410299,0.35239740722250473,1,6,0.16666666666666666,0.09469787935593643,5513,4419,43.536898975999975,0.053904163177418876,-0.23057432432432434,-0.001467714716788436,47.333569158000046
NGC2968,ok,,203382,0.0828172069807158,1098,961,0.8752276867030966,0.0047250985829621105,0.009399452269170579,0.8333333333333334,5,6,0.8333333333333334,0.08246275709904607,1249,1248,0.496536988999992,176432,0.07184315948324656,1098,1084,0.9872495446265938,0.006144010156887639,0.012212020503576861,0.9793510324483776,6,6,1.0,0.07143369280758187,2309,1834,9.253760004000014,0.010974047497469247,-0.11202185792349717,-0.0028125682344062822,10.984729576000007
NGC3185,ok,,129433,0.08657772081723514,1113,985,0.8849955076370171,0.0076101148856937565,0.015090466195823694,0.6666666666666666,4,6,0.6666666666666666,0.08598286742098925,808,806,0.23459298299997045,134299,0.08983258773291095,1113,708,0.6361185983827493,0.005271818851964646,0.01045697574808732,0.7484330484330485,4,6,0.6666666666666666,0.08942558266097857,1917,1391,4.411519376000001,-0.003254866915675808,0.24887690925426775,0.0046334904477363745,5.153473109999993
NGC3227,ok,,58952,0.05028378025667314,1003,425,0.423728813559322,0.007209254987108156,0.014177299641397714,0.6666666666666666,4,6,0.6666666666666666,0.04996401689285229,387,385,0.1740753409999911,132289,0.11283741020448897,1003,482,0.48055832502492524,0.003643538011474877,0.007232241995018456,0.8333333333333334,5,6,0.8333333333333334,0.11252254813327495,3082,1584,5.512709872999949,-0.06255362994781583,-0.05682951146560322,0.0069450576463792576,6.026347235999992
NGC3264,ok,,77323,0.04529587332644041,429,392,0.9137529137529138,0.005069642926425514,0.010083341907603663,0.8333333333333334,5,6,0.8333333333333334,0.04507756780004641,541,540,0.2558259479999947,102432,0.060004744986277614,429,299,0.696969696969697,0.002919009684473602,0.00581367087623103,0.6798245614035089,4,6,0.6666666666666666,0.059844630020695684,1450,1057,4.210015692000013,-0.014708871659837204,0.21678321678321677,0.004269671031372633,7.297922649999975
NGC3287,ok,,84840,0.054092308869378936,748,745,0.9959893048128342,0.008781235266383781,0.017408982567649674,0.9864864864864865,6,6,1.0,0.0536428944135354,548,547,0.29654934600000615,99421,0.06338886657357995,748,585,0.7820855614973262,0.005884068758109454,0.011680260359991616,0.7639594333102068,5,6,0.8333333333333334,0.06304594936983393,1501,1033,4.101840847000005,-0.009296557704201014,0.213903743315508,0.005728722207658058,5.093308202000003
NGC3319,ok,,182571,0.20857867498372004,967,967,1.0,0.005296569553762646,0.010537327419934838,1.0,6,6,1.0,0.20770338414100645,1116,1115,0.19676512000000912,87230,0.09965612183112268,967,788,0.8148914167528438,0.009033589361458214,0.017869088517750036,0.783678919756078,5,6,0.8333333333333334,0.09886509070239025,1187,921,1.7311299290000193,0.10892255315259736,0.18510858324715618,-0.007331761097815198,2.3910878710000247
NGC3344,ok,,129499,0.1120198678933874,1081,160,0.14801110083256244,0.0012355307762994309,0.0024506049931076732,0.3354166666666667,2,6,0.3333333333333333,0.11198618127979013,692,690,0.2267500560000144,97533,0.08436847987432917,1081,267,0.24699352451433856,0.0027375349881578544,0.005415052629444095,0.5478226817042606,4,6,0.6666666666666666,0.0842162681662922,1330,1007,2.6233965170000033,0.027651388019058226,-0.09898242368177612,-0.0029644476363364218,3.5205763370000227
NGC3359,ok,,190487,0.06300554652028537,1134,764,0.673721340388007,0.004010772388666943,0.007974073822806477,0.7298431329340455,4,6,0.6666666666666666,0.0627763919233751,1243,1242,0.5794262090000188,238382,0.07884731341560666,1134,742,0.654320987654321,0.003112651122987474,0.006195828253644851,0.7509746880661266,5,6,0.8333333333333334,0.07863138247166057,3474,2450,18.693706958999996,-0.015841766895321296,0.01940035273368601,0.0017782455691616262,20.690255278999985
NGC3380,ok,,62514,0.07110942256154991,1512,1108,0.7328042328042328,0.01772402981732092,0.03461093930590698,0.6666666666666666,4,6,0.6666666666666666,0.06996941700888319,445,444,0.15396785500001897,77775,0.08846874843594306,1512,1048,0.6931216931216931,0.013474766955962713,0.026435607350511432,0.6897682495690578,5,6,0.8333333333333334,0.08742701786210763,1181,812,1.714341413999989,-0.01735932587439315,0.03968253968253965,0.008175331955395548,2.1526072770000155
NGC3447,ok,,71861,0.0853539180775325,556,463,0.8327338129496403,0.006442994113636047,0.012787052763853791,0.751605537319823,5,6,0.8333333333333334,0.08486002457919421,478,477,0.13520030699999097,76271,0.09059195788663504,556,464,0.8345323741007195,0.006083570426505487,0.012079086779387455,0.8047683310841206,5,6,0.8333333333333334,0.09010033731021844,995,733,1.4846089650000067,-0.005238039809102549,-0.0017985611510791255,0.0007079659844663362,2.2871815209999795
NGC3485,ok,,75768,0.08961907634441034,1685,1454,0.8629080118694362,0.01919015943406187,0.03754535008327631,0.8967828418230562,5,6,0.8333333333333334,0.08807480800227553,458,457,0.1756473970000343,76328,0.09028144941421382,1685,996,0.5910979228486647,0.013048946651294413,0.02553420583748862,0.7383936252426054,5,6,0.8333333333333334,0.08928131222148478,1084,774,1.720229886000027,-0.0006623730698034763,0.27181008902077153,0.012011144245787687,2.3829321489999984
NGC3486,ok,,160648,0.15151326523875544,524,0,0.0,0.0,0.0,0.0,0,6,0.0,0.15158818078707942,1058,1057,0.22816136900001993,82977,0.07825877825877826,524,168,0.32061068702290074,0.002024657435192885,0.004023903905342452,0.2934887458265494,1,6,0.16666666666666666,0.07813894765448222,1160,942,2.3662837549999836,0.07325448697997718,-0.32061068702290074,-0.004023903905342452,4.193346587999997
NGC3504,ok,,212401,0.11059959905230544,755,722,0.9562913907284768,0.0033992307004204313,0.006774381204376138,0.9743563890569336,6,6,1.0,0.11026699553835374,1351,1350,0.43538965999999846,148231,0.07718555546877034,755,407,0.5390728476821192,0.0027457144591886986,0.005463600606768421,0.6391324482865082,4,6,0.6666666666666666,0.07700389905688143,1790,1478,6.195227224000007,0.0334140435835351,0.41721854304635764,0.0013107805976077169,7.613465953000002
NGC3627,ok,,298774,0.09677768348222673,1499,341,0.2274849899933289,0.001141330905634359,0.0022712664808357728,0.5306347281180513,3,6,0.5,0.09671418770523972,1866,1860,0.6759630870000137,219626,0.0711403787226048,1499,644,0.4296197464976651,0.002932257565133454,0.005824759751271905,0.3262955807263392,2,6,0.3333333333333333,0.07096623447161944,2750,2265,15.58176365899999,0.025637304759621934,-0.2021347565043362,-0.003553493270436132,17.629223714000034
NGC3673,ok,,321098,0.08866742604673639,447,298,0.6666666666666666,0.0009280655749957957,0.0018535508249234167,0.5840377302241708,4,6,0.6666666666666666,0.08859607260901073,2059,2057,0.7083149820000472,447067,0.12345227986607298,447,276,0.6174496644295302,0.0006173571299156502,0.00123348096372404,0.8041431261770245,5,6,0.8333333333333334,0.12339129637485197,6660,4351,42.63998206499997,-0.03478485381933659,0.04921700223713643,0.0006200698611993768,44.771487728999944
NGC3681,ok,,59377,0.06825507398313424,752,0,0.0,0.0,0.0,0.0,0,6,0.0,0.06831412740342577,385,384,0.1410913860000278,71205,0.08185160151184925,752,152,0.20212765957446807,0.0021346815532617093,0.004224745334018928,0.25658561296859167,1,6,0.16666666666666666,0.08174754019899307,990,692,1.662172743000042,-0.013596527528715013,-0.20212765957446807,-0.004224745334018928,2.5239742869999873
NGC3684,ok,,75900,0.0479875573764273,934,218,0.2334047109207709,0.0028722002635046115,0.005674571153395633,0.13862058780091568,1,6,0.16666666666666666,0.04787800036185905,478,477,0.2969558849999885,106686,0.06745191760555366,934,383,0.4100642398286938,0.0035899743171550155,0.007117636127113919,0.4719983480337233,2,6,0.3333333333333333,0.06724947903684762,1518,1009,4.121251847000053,-0.019464360229126364,-0.17665952890792289,-0.0014430649737182865,6.533748795999998
NGC3726,ok,,126863,0.13066267045688626,727,711,0.9779917469050894,0.005604470964741493,0.011145074065365624,0.8986225895316805,5,6,0.8333333333333334,0.13002773674928597,686,685,0.1924775870000417,86855,0.08945639187574672,727,319,0.43878954607977994,0.003672787979966611,0.00728460185882944,0.5563410254134697,4,6,0.6666666666666666,0.08919462416240892,1135,910,2.068101492999972,0.04120627858113954,0.5392022008253095,0.003860472206536184,2.660013671999991
NGC3729,ok,,63658,0.06026439158127523,968,483,0.4989669421487603,0.007587420277105784,0.0149475443320026,0.3885441847972066,2,6,0.3333333333333333,0.05986199760457254,368,367,0.18747876899999483,127836,0.12102106195896667,968,510,0.5268595041322314,0.00398948652961607,0.007919008726437065,0.49150113058634287,4,6,0.6666666666666666,0.12064881214087539,3230,1463,5.142776619000017,-0.06075667037769144,-0.027892561983471065,0.007028535605565536,5.862224566999998
NGC3850,ok,,76454,0.07110835807346891,432,238,0.5509259259259259,0.0031129829701519868,0.00619098405431418,0.6666666666666666,4,6,0.6666666666666666,0.07091549243354696,467,466,0.17000407400001905,87176,0.08108067888420128,432,244,0.5648148148148148,0.002798935486831238,0.005570267555474386,0.6936936936936937,4,6,0.6666666666666666,0.0808862389555094,1238,859,2.327855037000006,-0.009972320810732377,-0.01388888888888884,0.0006207164988397936,2.9875200149999728
NGC3930,ok,,83823,0.04955325631630659,956,954,0.997907949790795,0.01138112451236534,0.02250557331414619,0.99860529986053,6,6,1.0,0.049016986687708285,551,550,0.30456542199999603,99227,0.058659567952687855,956,676,0.7071129707112971,0.006812661876303828,0.013495303594422208,0.7974213951225445,5,6,0.8333333333333334,0.05829288461379212,1478,1010,4.645033644999955,-0.009106311636381266,0.2907949790794979,0.009010269719723981,5.463506518999964
NGC3953,ok,,213236,0.08522284689774465,689,194,0.28156748911465895,0.0009097900917293515,0.001813719761598691,0.3333333333333333,2,6,0.3333333333333333,0.08516876481664341,1210,1208,0.5724885659999472,156952,0.0627281334591477,689,189,0.274310595065312,0.001204189815994699,0.002397853350333987,0.1851704996034893,1,6,0.16666666666666666,0.06266985420222994,1988,1617,9.82916426600002,0.02249471343859695,0.007256894049346929,-0.0005841335887352959,12.505262112999958
NGC3992,ok,,366184,0.07210892980710117,1221,693,0.5675675675675675,0.0018924912066065147,0.0037724037506294142,0.6666666666666666,4,6,0.6666666666666666,0.07198977345806616,2327,2326,1.0861773869999638,500900,0.09863719589162,1221,798,0.6535626535626535,0.0015931323617488522,0.0031785167320227594,0.8214893528010463,5,6,0.8333333333333334,0.09850373794683262,8015,5111,69.04615241199997,-0.02652826608451883,-0.08599508599508598,0.0005938870186066548,72.42414371500007
NGC4020,ok,,85187,0.0927062157467907,847,263,0.3105076741440378,0.0030873255308908635,0.006113861961550085,0.46891891891891896,3,6,0.5,0.09250526934954169,559,558,0.16188801100003047,60769,0.06613290789341947,847,278,0.3282172373081464,0.004574700916585759,0.009023630225915347,0.41624299458694364,2,6,0.3333333333333333,0.06589110555582788,803,626,1.48157724400005,0.026573307853371225,-0.0177095631641086,-0.0029097682643652615,2.164541972000052
NGC4064,ok,,113060,0.07950890976589668,676,56,0.08284023668639054,0.0004953122235980895,0.000984736582964057,0.10416755413560526,1,6,0.16666666666666666,0.07950732532049816,740,739,0.2529776069999343,105135,0.07393569103341188,676,126,0.1863905325443787,0.0011984591239834498,0.002381604937104838,0.2427033218785796,2,6,0.3333333333333333,0.07388220527220445,1383,1088,4.048895454999979,0.0055732187324848,-0.10355029585798817,-0.001396868354140781,5.17874464199997
NGC4102,ok,,74008,0.04115041910507513,842,177,0.21021377672209027,0.0023916333369365475,0.004729458917835672,0.16666666666666666,1,6,0.16666666666666666,0.041071230890843684,511,509,0.324725629999989,99098,0.05510112734399978,842,90,0.10688836104513064,0.0009081918908555168,0.0018010806483890335,0.2205453595482972,1,6,0.16666666666666666,0.05507687052919033,1476,1031,4.219780265000054,-0.01395070823892465,0.10332541567695963,0.0029283782694466383,11.344591201000071
NGC4116,ok,,158033,0.10606042302560757,804,804,1.0,0.005087545006422709,0.010123585814388335,1.0,6,6,1.0,0.10557780427927566,1029,1028,0.31556568099995275,151652,0.10177795316598078,804,761,0.9465174129353234,0.0050180676812702765,0.00998320826992706,0.8288888888888889,5,6,0.8333333333333334,0.10132189650448824,2712,1607,6.805784166999956,0.004282469859626797,0.05348258706467657,0.00014037754446127523,7.631872039999962
NGC4123,ok,,82617,0.05345067634187937,1654,1651,0.998186215235792,0.019983780577847176,0.039183111627962175,0.9981818181818182,6,6,1.0,0.052438643691054616,523,522,0.34372713599998406,97267,0.06292877901334569,1654,1327,0.8022974607013301,0.013642859345924106,0.026829490199249902,0.8209812409812409,5,6,0.8333333333333334,0.06213674228342489,1444,1006,3.7877844780000487,-0.009478102671466322,0.19588875453446186,0.012353621428712273,5.091694615000051
NGC4133,ok,,96838,0.0845032322019463,541,136,0.2513863216266174,0.0014044073607468142,0.0027932100350178167,0.16666666666666666,1,6,0.16666666666666666,0.0844244111584588,680,679,0.2172235540000429,116699,0.10183443167697527,541,240,0.4436229205175601,0.002056572892655464,0.004094165813715455,0.509009009009009,3,6,0.5,0.10167300054914019,1582,1139,2.8424884890000612,-0.017331199475028966,-0.1922365988909427,-0.001300955778697638,4.703626030999999
NGC4145,ok,,199189,0.06296945180674139,852,852,1.0,0.004277344632484726,0.008518253757979615,1.0,6,6,1.0,0.06271700208574973,1299,1299,0.5466921639999782,366307,0.11580032523368268,852,536,0.6291079812206573,0.0014632535004791064,0.0029197159813595746,0.5970996905412348,4,6,0.6666666666666666,0.11566203265102713,6763,3862,36.07134584800008,-0.05283087342694129,0.37089201877934275,0.00559853777662004,38.75319658199999
NGC4204,ok,,254922,0.06443403916513431,1766,1137,0.6438278595696489,0.004460187822157366,0.008859003926946331,0.8333333333333334,5,6,0.8333333333333334,0.06417529742254446,1747,1746,0.6456015349999689,387632,0.0979777950496989,1766,1136,0.6432616081540203,0.0029306146035415035,0.005834647327413085,0.832996632996633,5,6,0.8333333333333334,0.09773428592164132,6644,3973,43.882754213,-0.0335437558845646,0.0005662514156286047,0.0030243565995332466,45.53758948199993
NGC4214,ok,,240656,0.20364340403062572,1019,1019,1.0,0.004234259690180174,0.008432812661632358,1.0,6,6,1.0,0.20295612979395003,1691,1690,0.23720769800002017,136208,0.1152593776020688,1019,604,0.592737978410206,0.004434394455538588,0.008802932367537,0.8081302994691663,4,6,0.6666666666666666,0.11484730248074713,2275,1691,4.649122870999918,0.08838402642855693,0.40726202158979397,-0.0003701197059046424,5.361253698000041
NGC4293,ok,,193332,0.10039788996800054,1252,322,0.2571884984025559,0.0016655287277843297,0.003309624635119024,0.15377268385864376,1,6,0.16666666666666666,0.10029588350898927,1232,1230,0.433328060000008,124649,0.06473060117632519,1252,321,0.2563897763578275,0.0025752312493481696,0.005099244644601711,0.15686955515035744,1,6,0.16666666666666666,0.06460590956378227,1483,1235,6.938237315999913,0.035667288791675356,0.0007987220447284171,-0.0017896200094826868,8.33214378599996
NGC4294,ok,,467931,0.13166023274658983,424,224,0.5283018867924528,0.00047870305664724075,0.0009565393771818386,0.32653877712229057,2,6,0.3333333333333333,0.1316129079460702,3146,3144,0.6469810260000486,305861,0.08605912078512583,424,132,0.3113207547169811,0.0004315685883456864,0.0008619423086341152,0.16546982301844912,1,6,0.16666666666666666,0.08603224397634436,3607,3098,20.970702279999955,0.045601111961464005,0.2169811320754717,9.459706854772335e-05,52.93417203199999
NGC4303,ok,,231472,0.10491201734634309,1328,1318,0.9924698795180723,0.005693993225962536,0.011323024054982818,0.9965635738831615,6,6,1.0,0.10437747390495125,1399,1396,0.6084065200000168,169957,0.07703105227471328,1328,980,0.7379518072289156,0.005766164382755638,0.011442916776133344,0.8698796134902583,5,6,0.8333333333333334,0.07663300402355357,2154,1723,9.40744241799996,0.027880965071629807,0.2545180722891567,-0.00011989272115052636,10.98338663300001
NGC4314,ok,,90903,0.07697544742089954,1475,1347,0.9132203389830509,0.01481799280551797,0.029162787676719565,0.879472693032015,5,6,0.8333333333333334,0.07592966272701067,611,610,0.23576726600003894,76124,0.06446078742691172,1475,1126,0.7633898305084745,0.014791655719615365,0.02902099253856364,0.7734326242982039,5,6,0.8333333333333334,0.06358672612890645,1085,845,2.4849991090000003,0.01251465999398782,0.14983050847457635,0.00014179513815592432,3.2097465240000247
NGC4369,ok,,181989,0.11304528234144597,719,0,0.0,0.0,0.0,0.0,0,6,0.0,0.1130957929550734,1233,1232,0.3051429030000463,122482,0.07608158884188046,719,0,0.0,0.0,0.0,0.0,0,6,0.0,0.07611558342934628,1514,1258,5.039225995000038,0.036963693499565506,0.0,0.0,7.395743429999925
NGC4389,ok,,85352,0.047568570145137865,1367,1367,1.0,0.016016027743931016,0.03152711631822323,1.0,6,6,1.0,0.0468423979336582,511,510,0.3277179829999568,99952,0.05570547524541686,1367,1217,0.8902706656912948,0.012175844405314551,0.024023134851311207,0.9019731556973704,6,6,1.0,0.05506916901803587,1456,990,5.3509063730000435,-0.008136905100278993,0.10972933430870524,0.007503981466912026,6.448249720000035
NGC4405,ok,,136262,0.11468938536953242,571,0,0.0,0.0,0.0,0.0,0,6,0.0,0.1147445316940696,881,880,0.35618389900002967,110520,0.09302278603749192,571,102,0.1786339754816112,0.0009229098805646037,0.001836332376160085,0.17216346781564174,1,6,0.16666666666666666,0.09298162143954865,1437,1115,3.0885070069999756,0.0216665993320405,-0.1786339754816112,-0.001836332376160085,5.9452318549999745
NGC4424,ok,,421906,0.15560861688441974,1058,593,0.5604914933837429,0.0014055263494712092,0.002804021146007698,0.4615925237945877,3,6,0.5,0.15545056396595172,2782,2779,0.6013935209999772,256947,0.09476795135077719,1058,265,0.2504725897920605,0.0010313410936885817,0.0020542237553535787,0.171442746614174,0,6,0.0,0.094707169396407,2960,2528,13.13522376100002,0.06084066553364255,0.31001890359168244,0.0007497973906541193,15.16900306499997
NGC4449,ok,,135343,0.11459548706659328,1035,761,0.7352657004830918,0.005622751084282157,0.01116015779671208,0.6823178226796442,4,6,0.6666666666666666,0.11405109257085715,753,752,0.23152431500000148,106274,0.08998264256382033,1035,344,0.3323671497584541,0.0032369158966445225,0.00641139140239868,0.4935317206025262,2,6,0.3333333333333333,0.08977004529603437,1742,1248,3.464064828000005,0.024612844502772957,0.4028985507246377,0.0047487663943134,4.292650987000002
NGC4450,ok,,170290,0.08516101026993075,1096,1001,0.9133211678832117,0.005878207763227435,0.011681234173152998,0.8302469135802468,5,6,0.8333333333333334,0.08470684423735869,1083,1081,0.4009155979999832,131937,0.06598090441002909,1096,493,0.4498175182481752,0.003736631877335395,0.007411694842633031,0.5519861782414224,3,6,0.5,0.06577040701956641,1735,1354,5.966238964000013,0.019180105859901667,0.46350364963503654,0.004269539330519967,7.2110250019999285
NGC4457,ok,,139813,0.10770753728583754,1104,632,0.572463768115942,0.004520323575060974,0.008969819113378798,0.49374288964732654,3,6,0.5,0.10731193175509801,959,958,0.22253795400001763,118255,0.0910999322075681,1104,311,0.2817028985507246,0.0026299099403830706,0.0052111696646252054,0.4402830169850109,3,6,0.5,0.09093768890095114,1515,1223,3.3045245480000176,0.016607605078269444,0.2907608695652174,0.0037586494487535926,4.129504730999997
NGC4487,ok,,180414,0.06312393023037746,693,205,0.2958152958152958,0.0011362754553416031,0.0022638550691027955,0.3146586484182392,2,6,0.3333333333333333,0.06306749599898369,1229,1228,0.5503162730000213,364167,0.12741612236415062,693,325,0.468975468975469,0.0008924476957000497,0.0017815052348846133,0.7190173976192732,4,6,0.6666666666666666,0.1273332845710382,6782,3799,29.310069098999975,-0.06429219213377316,-0.17316017316017318,0.00048234983421818214,32.34788037999999
NGC4496A,ok,,113781,0.09171331016204853,1113,1037,0.9317160826594789,0.009113999701180337,0.018051421310077115,0.8229598893499309,5,6,0.8333333333333334,0.09095903761426959,720,719,0.20976388799999768,102391,0.08253238713671272,1113,593,0.5327942497753818,0.0057915246457208155,0.01145849435770598,0.6358690743354152,4,6,0.6666666666666666,0.08212807875414581,1322,1040,2.7579471170000716,0.00918092302533581,0.3989218328840971,0.006592926952371134,3.5861340199999177
NGC4498,ok,,158193,0.13587662337662337,1133,482,0.42541924095322153,0.003046911051690024,0.0060504876793492585,0.3333333333333333,2,6,0.3333333333333333,0.1355945755635552,1097,1096,0.19995781299996906,130678,0.11224318010032296,1133,311,0.2744924977934687,0.0023798956212981526,0.00471887778713461,0.2950059314792554,2,6,0.3333333333333333,0.11208513060277343,1717,1387,2.8921843699999954,0.023633443276300417,0.15092674315975285,0.0013316098922146486,4.736027828000033
NGC4525,ok,,69775,0.03980330805278966,684,254,0.3713450292397661,0.0036402723038337515,0.007209866731006685,0.3333333333333333,2,6,0.3333333333333333,0.03967389350406406,474,473,0.23567441000000144,91939,0.05244681245525515,684,461,0.6739766081871345,0.005014194193976441,0.009954330997700357,0.7069761568405085,4,6,0.6666666666666666,0.052204203477579036,1400,965,3.803332609999984,-0.012643504402465491,-0.30263157894736836,-0.0027444642666936718,5.314850522000029
NGC4532,ok,,150155,0.11821832067078691,946,946,1.0,0.00630015650494489,0.012521426066008827,1.0,6,6,1.0,0.11756108553077362,923,923,0.21295006200000444,130390,0.10265716647640043,946,351,0.37103594080338265,0.002691924227318046,0.005345069135652069,0.2793436328225175,2,6,0.3333333333333333,0.10245713061099714,1536,1228,3.134840840000038,0.015561154194386487,0.6289640591966174,0.007176356930356759,4.058535877000054
NGC4535,ok,,462554,0.07856243285819225,1289,1289,1.0,0.002786701660779066,0.005557915070400977,1.0,6,6,1.0,0.0783606582998609,3034,3033,1.133580262999999,604652,0.1026970519173365,1289,1161,0.9006982156710628,0.001920112725997764,0.003832056256302181,0.9113888179944891,6,6,1.0,0.10252230721611515,9394,6091,86.4518393410001,-0.02413461905914424,0.09930178432893721,0.001725858814098796,89.45467188099997
NGC4540,ok,,70599,0.04395328683101029,2082,1134,0.5446685878962536,0.01606255046105469,0.03120485408841376,0.3471741637831603,2,6,0.3333333333333333,0.043303415025814355,453,452,0.23705749800001286,93298,0.05808515353984615,2082,1050,0.5043227665706052,0.011254260541490707,0.022017194380373244,0.6294917760986835,4,6,0.6666666666666666,0.05750598760960661,1386,931,3.5825517899999113,-0.014131866708835858,0.04034582132564846,0.009187659708040516,4.578095398999949
NGC4559,ok,,413388,0.10503472420724304,402,25,0.06218905472636816,6.047587254588909e-05,0.00012083423959013026,0.16666666666666666,1,6,0.16666666666666666,0.10503910096370693,2657,2656,0.7465764460000628,283333,0.07199000337167695,402,107,0.26616915422885573,0.00037764750311470956,0.0007542248929458827,0.34634529787833923,2,6,0.3333333333333333,0.0719701676481612,3530,2909,20.791426201000036,0.03304472083556609,-0.20398009950248758,-0.0006333906533557524,78.8414003370001
NGC4579,ok,,193784,0.09733839387430758,1142,74,0.0647985989492119,0.00038186847211328076,0.0007592624893549346,0.04584882280049566,0,6,0.0,0.09735707041211528,1255,1254,0.3808589170000687,143726,0.07219408206032867,1142,242,0.2119089316987741,0.0016837593754783406,0.003340972471491288,0.41414141414141414,3,6,0.5,0.07211389133762815,1873,1538,6.0249331479999455,0.025144311813978915,-0.1471103327495622,-0.0025817099821363533,7.819393135000041
NGC4618,ok,,96019,0.0813312304335452,600,44,0.07333333333333333,0.0004582426394776034,0.0009107939432202775,0.19727891156462585,1,6,0.16666666666666666,0.08133529718845552,567,566,0.19315047399993546,81393,0.06894253052705761,600,204,0.34,0.0025063580406177437,0.004976034539533864,0.5129251700680272,2,6,0.3333333333333333,0.06880470376070347,1166,878,2.1169716079999716,0.012388699906487596,-0.2666666666666667,-0.0040652405963135865,3.0335328109999864
NGC4625,ok,,95759,0.09636416696856258,809,520,0.6427688504326329,0.005430298979730365,0.010769613122359373,0.49992027425655744,3,6,0.5,0.09591896957531944,619,618,0.15551358999994136,53573,0.05391156462585034,809,328,0.4054388133498146,0.006122487073712504,0.012062814901989629,0.4433915755949654,3,6,0.5,0.053625148678985324,701,574,1.2307762619999494,0.04245260234271224,0.2373300370828183,-0.0012932017796302552,4.944917584999985
NGC4639,ok,,92294,0.11824453740062905,854,155,0.18149882903981265,0.0016794157800073678,0.0033280371022458882,0.16666666666666666,1,6,0.16666666666666666,0.11817525372556212,620,619,0.15157379100003254,73756,0.09449416105619864,854,253,0.2962529274004684,0.0034302294050653505,0.006781932716793995,0.3097798592950418,2,6,0.3333333333333333,0.09427317069416852,948,765,1.265475261000006,0.02375037634443042,-0.11475409836065573,-0.0034538956145481066,2.150494875999925
NGC4654,ok,,115116,0.10363836229132287,668,252,0.3772455089820359,0.0021890962159908265,0.004352933047744075,0.3333333333333333,2,6,0.3333333333333333,0.10347371673547558,562,561,0.20974864100003288,87384,0.07867138061142637,668,437,0.6541916167664671,0.005000915499404925,0.009925952846045518,0.6583029325163255,4,6,0.6666666666666666,0.07832505614465277,1256,955,2.3002907210000103,0.0249669816798965,-0.2769461077844312,-0.005573019798301443,3.340115333999961
NGC4668,ok,,69179,0.04395926306485261,732,471,0.6434426229508197,0.006808424521892482,0.013474274434638328,0.8333333333333334,5,6,0.8333333333333334,0.043680287353581586,471,470,0.2448893189999808,92549,0.05880954968110328,732,456,0.6229508196721312,0.004927119687949086,0.009776910624886096,0.8142296388346452,5,6,0.8333333333333334,0.05854702077273955,1398,949,3.8124771799999735,-0.014850286616250673,0.020491803278688492,0.0036973638097522327,5.204635365000058
NGC4713,ok,,96378,0.09324208228847404,422,272,0.6445497630331753,0.0028222208387806346,0.005619834710743802,0.5839416058394161,4,6,0.6666666666666666,0.09301690846972058,600,598,0.16955783799994606,97240,0.09407603479768428,422,228,0.5402843601895735,0.0023447141094199916,0.004669165079560116,0.5256408067150916,3,6,0.5,0.09389378732300306,1379,1026,2.2047094590000142,-0.0008339525092102423,0.10426540284360186,0.0009506696311836864,5.474149567999916
NGC4725,ok,,324503,0.09355303052798881,1562,875,0.560179257362356,0.0026964311578013146,0.005367028046555135,0.5277198284700492,3,6,0.5,0.09334280525085728,2090,2088,0.7032462290000012,224897,0.06483698427026284,1562,556,0.3559539052496799,0.0024722428489486296,0.004910381128592814,0.3923948220064725,2,6,0.3333333333333333,0.0647058297575691,2889,2339,16.434946857,0.028716046257725975,0.20422535211267606,0.0004566469179623214,18.866523643999926
NGC4765,ok,,62602,0.049056515061279504,732,57,0.0778688524590164,0.0009105140410849493,0.0017999810528310227,0.16666666666666666,1,6,0.16666666666666666,0.04903997842225268,444,443,0.213163232999932,157679,0.12356126383098769,732,118,0.16120218579234974,0.0007483558368584275,0.001489795531875943,0.20446096654275092,1,6,0.16666666666666666,0.12353966008775369,3238,1723,6.035522804000038,-0.07450474876970818,-0.08333333333333334,0.0003101855209550798,10.99598257599996
NGC4781,ok,,196925,0.06583363755377347,586,450,0.7679180887372014,0.0022851339342389236,0.004556708233971779,0.6426116838487973,4,6,0.6666666666666666,0.06569606903612774,1228,1227,0.5528395600000522,318294,0.10640828656361952,586,409,0.6979522184300341,0.0012849755257717708,0.0025652282990466634,0.6794169336977923,4,6,0.6666666666666666,0.1062923776844355,5620,3301,25.40109706999999,-0.040574649009846045,0.06996587030716728,0.0019914799349251156,29.449636727999973
NGC4900,ok,,72393,0.08362906691434355,676,522,0.772189349112426,0.00721064191289213,0.014287864894825439,0.6963510272862791,4,6,0.6666666666666666,0.08309093515598265,397,396,0.24245732800000042,71375,0.08245306384610764,676,491,0.7263313609467456,0.006879159369527145,0.013629234847538549,0.6663158716181323,4,6,0.6666666666666666,0.08194985248009175,1014,724,1.523081038999976,0.0011760030682359118,0.04585798816568043,0.00065863004728689,2.1705559689999063
NGC4981,ok,,68244,0.08265988372093024,468,273,0.5833333333333334,0.004000351679268507,0.007946210268948655,0.5131532172058301,3,6,0.5,0.08237591076336877,388,387,0.14612953899995773,66590,0.08065649224806201,468,378,0.8076923076923077,0.00567652800720829,0.011273822660980048,0.826784202400518,5,6,0.8333333333333334,0.08024413063606793,941,688,1.3665907210000796,0.002003391472868224,-0.22435897435897434,-0.0033276123920313923,1.9299362470000005
NGC5042,ok,,144341,0.08359162352178093,564,352,0.624113475177305,0.0024386695394932835,0.004858355474276251,0.6859903381642513,4,6,0.6666666666666666,0.08341501677696828,846,845,0.35964800299996114,169285,0.09803734204338811,564,381,0.675531914893617,0.0022506424077738726,0.004486337864809331,0.6448146203485713,4,6,0.6666666666666666,0.09784865506182452,2499,1696,6.693285921999973,-0.014445718521607184,-0.05141843971631199,0.00037201760946692017,8.450495005999983
NGC5068,ok,,514024,0.15391156666275418,1338,608,0.45440956651718983,0.0011828241482887958,0.0023595065216294566,0.521853998510296,3,6,0.5,0.15379112975744655,3273,3272,0.6732259460000023,357825,0.10714170221837893,1338,517,0.3863976083707025,0.0014448403549220988,0.0028789157012275766,0.47083867669270635,3,6,0.5,0.10702977895385751,4608,3635,23.889006705000043,0.04676986444437525,0.0680119581464873,-0.00051940917959812,25.846680902999992
NGC5134,ok,,55841,0.06923233330109822,1363,1349,0.9897285399853265,0.024157876828853352,0.04716453394867492,0.9962059620596206,6,6,1.0,0.06767418726271747,378,377,0.15033152600005906,58902,0.07302739736217631,1363,1286,0.9435069699192957,0.021832874944823607,0.04267817140960757,0.9770823369998406,6,6,1.0,0.07155391568172814,782,588,1.0856592700000647,-0.003795064061078088,0.04622157006603078,0.004486362539067347,1.5461254939999662
NGC5236,ok,,1596598,0.18337031524205924,1484,1263,0.851078167115903,0.0007910569849141738,0.0015806447979515444,0.8333333333333334,5,6,0.8333333333333334,0.18325649280981304,9955,9947,2.355662465000023,1265097,0.14529721050745611,1484,1414,0.9528301886792453,0.001117700856139885,0.002232782585559076,0.973738970935226,6,6,1.0,0.1451595524472183,16932,12989,194.90392048699994,0.038073104734603125,-0.10175202156334229,-0.0006521377876075316,200.01645659500002
NGC5569,ok,,90002,0.06980795482750062,899,899,1.0,0.009988666918512922,0.019779760398675482,1.0,6,6,1.0,0.06915889011092216,609,607,0.20001884300006623,94272,0.0731198808637379,899,837,0.9310344827586207,0.008878564154786151,0.0175893917264713,0.971689497716895,6,6,1.0,0.07252124953720988,1417,988,2.952498691999949,-0.0033119260362372838,0.06896551724137934,0.0021903686722041828,3.7390196540000034
NGC5669,ok,,117775,0.1450779435948288,478,128,0.26778242677824265,0.0010868180853322012,0.0021648499403820625,0.22361381281800963,1,6,0.16666666666666666,0.14500565123556838,776,775,0.15689000400004716,96238,0.11854817351457554,478,174,0.36401673640167365,0.001808017622976371,0.003598163695769056,0.33710999965975974,2,6,0.3333333333333333,0.1184035536842728,1299,1000,1.7581253890000426,0.02652977008025327,-0.09623430962343099,-0.0014333137553869933,5.904775730999972
NGC5713,ok,,95641,0.1081247604695306,950,200,0.21052631578947367,0.0020911533756443365,0.004141172573014049,0.3644736842105263,2,6,0.3333333333333333,0.10801466285948395,640,639,0.15985696600000665,61614,0.06965630839880028,950,337,0.3547368421052632,0.00546953614438277,0.010772968480276196,0.3657255941215092,2,6,0.3333333333333333,0.0693498024542974,834,675,1.2488701080000055,0.03846845207073031,-0.1442105263157895,-0.006631795907262148,3.0242479979999644
NGC6217,ok,,96871,0.09132294824803536,1357,1290,0.9506263817243921,0.013316678882224814,0.026265423300891804,0.9668690298571453,6,6,1.0,0.09022224949145503,574,573,0.18404663100000107,101015,0.09522961069128316,1357,1055,0.7774502579218865,0.010443993466316883,0.020611104598913767,0.7785818241114492,5,6,0.8333333333333334,0.09435574077657531,1290,963,2.2565096160000166,-0.003906662443247805,0.17317612380250558,0.005654318701978037,2.837030716999948
NGC6237,ok,,94031,0.08420638808317206,1102,1102,1.0,0.011719539300868862,0.0231675654084282,1.0,6,6,1.0,0.08330173516522033,516,514,0.18312103699997806,95508,0.08552906714857438,1102,707,0.6415607985480943,0.0074025212547639985,0.014636166028361453,0.7599053638126202,4,6,0.6666666666666666,0.08497979958245598,1404,937,2.441074910999987,-0.0013226790654023157,0.35843920145190566,0.008531399380066746,3.073053110999922
NGC6412,ok,,130065,0.13912450983118727,921,832,0.9033659066232356,0.0063968015992004,0.01270364771807674,0.8333333333333334,5,6,0.8333333333333334,0.13837087415855695,638,637,0.1655172370000173,110732,0.11844489464980607,921,660,0.7166123778501629,0.005960336668713651,0.011822342435939923,0.6636108279855241,5,6,0.8333333333333334,0.11785502820781596,1430,1059,2.0675400390000505,0.0206796151813812,0.18675352877307272,0.000881305282136818,2.771963886000094
NGC7418,ok,,284150,0.07353521551395073,900,890,0.9888888888888889,0.0031321485131092733,0.0062445185055253465,0.9943883277216611,6,6,1.0,0.07332196979992157,1874,1873,0.7033785749999879,388169,0.10045430607367496,900,816,0.9066666666666666,0.0021021771444911883,0.004194628716243135,0.9464956897581009,6,6,1.0,0.10026648650677476,6493,4051,36.85548616599999,-0.026919090559724232,0.08222222222222231,0.0020498897892822117,38.66198168099993
NGC7424,ok,,222461,0.08352519336186828,1175,914,0.7778723404255319,0.004108585325068214,0.00817399703088948,0.8333333333333334,5,6,0.8333333333333334,0.0832187362074956,1510,1509,0.47261278199994194,332809,0.12495644664714275,1175,844,0.7182978723404255,0.002535989110871401,0.005054134329788253,0.7982729305525226,5,6,0.8333333333333334,0.1246945693921438,5446,3369,21.563289881999935,-0.04143125328527447,0.05957446808510636,0.0031198627011012276,23.51295527000002
NGC7496,ok,,99231,0.0569002057400794,1882,1405,0.7465462274176408,0.014158881801050075,0.027790689624479545,0.528159440154225,3,6,0.5,0.0561551628927951,581,580,0.27804261999995106,101484,0.05819210205808889,1882,1087,0.577577045696068,0.010711048046982776,0.021032060832382023,0.6298500700052554,4,6,0.6666666666666666,0.057630996759020614,1458,1004,4.115957048000041,-0.0012918963180094875,0.16896918172157271,0.006758628792097522,4.8937011539999276
NGC7513,ok,,98233,0.058400622096555756,395,351,0.8886075949367088,0.003573137336740199,0.007117654215841342,0.837037037037037,5,6,0.8333333333333334,0.05820561719111901,613,611,0.25605843599998934,112592,0.06693720891243682,395,329,0.8329113924050633,0.0029220548529202786,0.005823678830307912,0.8144144144144144,5,6,0.8333333333333334,0.06675729146039715,1503,1108,3.977281334000054,-0.008536586815881063,0.05569620253164553,0.00129397538553343,4.722741676000055
NGC7531,ok,,188082,0.06170517457739721,639,121,0.18935837245696402,0.0006433364170946715,0.0012823162234197574,0.16666666666666666,1,6,0.16666666666666666,0.061678407684361544,1269,1268,0.6108514119999882,362490,0.11892423906892055,639,365,0.5712050078247262,0.0010069243289470055,0.002010304877880863,0.668324854814748,4,6,0.6666666666666666,0.11882940281600664,6286,3758,27.612266435999913,-0.05721906449152334,-0.38184663536776214,-0.0007279886544611057,30.002284547000045
NGC7552,ok,,80633,0.08762551619213214,925,364,0.3935135135135135,0.004514280753537633,0.00892616297604159,0.6666666666666666,4,6,0.6666666666666666,0.08731772320578716,458,455,0.16380089000006137,54552,0.05928276461638774,925,526,0.5686486486486486,0.009642176272180671,0.018962813418173297,0.7538691771460858,5,6,0.8333333333333334,0.05877022653721683,654,535,1.1158625450000272,0.028342751575744403,-0.17513513513513512,-0.010036650442131707,1.547911245000023
NGC7582,ok,,343382,0.06539493450260679,1638,730,0.4456654456654457,0.002125912249331648,0.004231638745579966,0.41616301337923195,2,6,0.3333333333333333,0.06527627333234526,2095,2094,0.9377052610000192,461231,0.08783853269994302,1638,920,0.5616605616605617,0.001994662110742773,0.003975206807973746,0.6104777014100397,4,6,0.6666666666666666,0.08769067933029773,6854,4370,53.032764289000056,-0.022443598197336226,-0.11599511599511597,0.00025643193760621977,56.54904470300005
NGC7764,ok,,85831,0.051211080509586976,744,736,0.989247311827957,0.00857499038808822,0.017002598902685535,0.9903454015813566,6,6,1.0,0.05079449405472518,569,568,0.2610714850000022,104997,0.06264647761607232,744,428,0.5752688172043011,0.004076306942103107,0.00809525160533757,0.5745318352059925,3,6,0.5,0.06241881954061411,1639,1084,4.184034978,-0.011435397106485348,0.4139784946236559,0.008907347297347965,6.257583867999983
NGC7800,ok,,69079,0.07694681147312726,1544,1423,0.9216321243523317,0.02059960335268316,0.04029848632881639,0.7294515951930703,4,6,0.6666666666666666,0.07549157225012999,416,415,0.1418967500000008,65462,0.07291785018100808,1544,1271,0.8231865284974094,0.019415844306620633,0.03793690117302929,0.7698330814737786,5,6,0.8333333333333334,0.07162527365360197,842,630,1.2375280260000636,0.0040289612921191875,0.0984455958549223,0.002361585155787105,1.6903512139999748
PGC002492,ok,,88099,0.056871380137525726,485,460,0.9484536082474226,0.0052213986537872166,0.010385622685812335,0.8333333333333334,5,6,0.8333333333333334,0.056592150235663406,538,537,0.23610182499999155,104476,0.06744337973470911,485,392,0.8082474226804124,0.0037520578888931427,0.007469441030477987,0.9124293785310735,5,6,0.8333333333333334,0.06721137125171202,1528,1045,3.6128684039999825,-0.010571999597183385,0.14020618556701026,0.002916181655334348,4.541980086999956
PGC006626,ok,,57909,0.06695734820734821,1645,1574,0.956838905775076,0.027180576421627037,0.05285958961614669,0.9876090750436299,6,6,1.0,0.06526153849718322,386,385,0.1386979590000692,68063,0.07869792244792245,1645,1393,0.8468085106382979,0.02046633266238632,0.03996671831066736,0.9346746638315514,6,6,1.0,0.07723416653247901,946,674,1.3435426040000493,-0.011740574240574245,0.11003039513677815,0.01289287130547933,1.8203218879999667
PGC007654,ok,,68056,0.08142676305405398,958,941,0.9822546972860126,0.013826848477724227,0.027269829309995074,0.9796163069544365,6,6,1.0,0.08039303527878529,463,462,0.13563678999992135,74819,0.08951846986219092,958,641,0.6691022964509394,0.008567342519948142,0.01691806220884965,0.8544754747383196,5,6,0.8333333333333334,0.08885337958593065,1075,748,1.42792014500003,-0.008091706808136936,0.3131524008350731,0.010351767101145423,1.9807178659999636
PGC011677,ok,,76801,0.09456574203589511,950,950,1.0,0.01236963060376818,0.02443698473331533,1.0,6,6,1.0,0.0935053760259568,529,528,0.13242003400000613,89097,0.10970591422210839,950,948,0.9978947368421053,0.010640088891881882,0.021055670927404575,0.9975902240093539,6,6,1.0,0.10866574456911664,1251,872,1.5690269059999764,-0.015140172186213274,0.002105263157894721,0.003381313805910755,2.038462009
PGC013821,ok,,84025,0.11083630127951458,1502,459,0.3055925432756325,0.005462659922642071,0.010733452593917711,0.5,3,6,0.5,0.11044967076307366,560,559,0.13253237900005388,89551,0.11812557710064635,1502,447,0.29760319573901467,0.004991569050038526,0.009818457381964352,0.5428917647992072,4,6,0.6666666666666666,0.11776927774062315,1227,880,1.5089552530000674,-0.0072892758211317715,0.007989347536617841,0.0009149952119533594,1.999637182000015
PGC035705,ok,,86965,0.05439354620402286,705,656,0.9304964539007092,0.0075432645317081585,0.014965210448271928,0.9583333333333334,6,6,1.0,0.05400705585236524,596,595,0.24672672099995907,109779,0.06866290011764993,705,619,0.8780141843971632,0.005638601189662868,0.011205242388038087,0.9061153015602664,6,6,1.0,0.06830585705829276,1515,1087,3.675149615999999,-0.014269353913627068,0.052482269503546064,0.003759968060233841,4.946984618999977
PGC042160,ok,,76346,0.048129592960544275,763,693,0.908256880733945,0.009077096377020408,0.017974555499358055,0.6666666666666666,4,6,0.6666666666666666,0.047715667526124314,518,516,0.26074023399996804,99878,0.06296449697054517,763,566,0.7418086500655308,0.005666913634634254,0.011247900954879224,0.7129177386611613,4,6,0.6666666666666666,0.06263781176363738,1487,989,3.604681647999996,-0.014834904010000892,0.1664482306684142,0.00672665454447883,4.662970410999947
PGC048179,ok,,62936,0.07767690082297822,1087,574,0.5280588776448942,0.009120376255243421,0.01793105602674039,0.6602209944751382,4,6,0.6666666666666666,0.07707185768611403,389,388,0.1332961029999069,66160,0.08165602768603406,1087,393,0.36154553817847285,0.005940145102781137,0.011688253751096703,0.6411165057573898,4,6,0.6666666666666666,0.08128002412434916,910,650,1.2047539940000433,-0.003979126863055835,0.16651333946642138,0.006242802275643685,1.563027060999957
PGC051523,ok,,84508,0.06320727480519792,654,642,0.981651376146789,0.0075969139016424485,0.015077147084380358,0.9047619047619048,5,6,0.8333333333333334,0.06275779290362361,599,598,0.20279613399998198,111231,0.08319458967029121,654,607,0.9281345565749235,0.0054571117763932715,0.010850426777494747,0.9695201037613489,6,6,1.0,0.08278108032063601,1598,1135,3.195119008000006,-0.019987314865093295,0.05351681957186549,0.0042267203068856105,4.274369859999979
UGC02302,ok,,225432,0.09611780135517947,741,740,0.9986504723346828,0.003282586323148444,0.006543663478841418,0.9994517543859649,6,6,1.0,0.09583256384480117,1468,1467,0.4012539799999786,277006,0.11810748998453124,741,737,0.9946018893387314,0.002660592189338859,0.005306988014271981,0.9968803369042075,6,6,1.0,0.11783048164082109,4521,2826,15.527022984000041,-0.021989688629351772,0.004048582995951455,0.0012366754645694372,16.835471059999918
UGC02345,ok,,60515,0.07826362484157161,1351,1342,0.993338267949667,0.022176319920680823,0.0433840881906055,0.9915254237288136,6,6,1.0,0.07666197243314604,378,376,0.12123757799997747,72750,0.09408706448358811,1351,1329,0.9837157660991858,0.0182680412371134,0.03586996126907868,0.9809562056524186,6,6,1.0,0.09252995003038081,1039,673,1.2623537210000677,-0.015823439642016504,0.009622501850481191,0.007514126921526816,1.6648452260000113
UGC04393,ok,,98796,0.1768002863278454,944,923,0.9777542372881356,0.00934248350135633,0.018508121114898735,0.8333333333333334,5,6,0.8333333333333334,0.17544491768485057,596,594,0.10160017800001242,57974,0.10374731567644953,944,786,0.8326271186440678,0.013557801773208679,0.02668115007298279,0.8388989268973921,5,6,0.8333333333333334,0.10251391039981644,726,580,0.7590109770000026,0.07305297065139586,0.1451271186440678,-0.008173028958084055,1.031883166000057
UGC04499,ok,,83257,0.049172436928732244,1472,1441,0.9789402173913043,0.01730785399425874,0.03401432803408514,0.8603603603603603,5,6,0.8333333333333334,0.048363413671046504,508,507,0.28253206700003375,103582,0.06117659009995488,1472,1463,0.9938858695652174,0.014124075611592748,0.027852342604755654,0.9952109384282113,6,6,1.0,0.06036500734176198,1402,982,3.7426345430000083,-0.012004153171222637,-0.014945652173913082,0.006161985429329487,5.026399365999964
UGC04988,ok,,71730,0.04621885559201115,680,659,0.9691176470588235,0.00918722988986477,0.018201905814114072,0.86,5,6,0.8333333333333334,0.04581430608450806,519,518,0.23104020200003106,95993,0.06185259451894503,680,560,0.8235294117647058,0.005833758711572719,0.01158544784996845,0.7831081485279664,5,6,0.8333333333333334,0.06151871610872026,1453,991,3.5010504159999982,-0.015633738926933878,0.14558823529411768,0.006616457964145622,4.458084955000004
UGC05354,ok,,69075,0.03902079414306777,866,758,0.8752886836027713,0.010973579442634817,0.021675412133083598,0.9377162629757786,6,6,1.0,0.03861148538667438,430,429,0.254993607000074,94704,0.05349873743793109,866,544,0.628175519630485,0.005744213549586079,0.01138432562519619,0.7992230578757895,5,6,0.8333333333333334,0.05321746364754395,1349,914,3.776001973999996,-0.014477943294863321,0.24711316397228633,0.010291086507887407,4.6408625630000415
UGC05393,ok,,78810,0.04723121179431859,613,542,0.8841761827079935,0.006877299835046314,0.013648439368948542,0.6666666666666666,4,6,0.6666666666666666,0.04692362710260931,546,545,0.24467089899997063,109821,0.06581625314635023,613,613,1.0,0.005581810400560913,0.011101653476284478,1.0,6,6,1.0,0.06547293234299788,1567,1080,4.072827765999932,-0.018585041352031637,-0.11582381729200653,0.0025467858926640635,5.117727247999937
UGC05633,ok,,55930,0.06854796703128352,1130,977,0.8646017699115044,0.017468263901305202,0.03424465474938661,0.8333333333333334,5,6,0.8333333333333334,0.06744395829625857,389,388,0.11965916600001947,61782,0.0757201948708521,1130,930,0.8230088495575221,0.015052928037292416,0.02956510681586979,0.6599420997761246,4,6,0.6666666666666666,0.07468381617462061,881,637,1.161411689999909,-0.0071722278395685846,0.04159292035398232,0.004679547933516819,1.9532035759999644
UGC05832,ok,,56560,0.06815278949270996,1453,704,0.4845147969717825,0.012446958981612447,0.024270422146760208,0.6770391324846771,4,6,0.6666666666666666,0.06742253879849888,379,378,0.12977568799999517,67629,0.08149054102903965,1453,724,0.49827942188575364,0.010705466589776575,0.020960597550736804,0.7603462096049087,5,6,0.8333333333333334,0.08075954164840961,972,683,1.3059546269998918,-0.013337751536329684,-0.013764624913971124,0.0033098245960234036,1.9822957860000088
UGC06682,ok,,80835,0.0754392104710576,1727,1674,0.9693109438332368,0.020708851363889405,0.04055134323296432,0.8325176726481783,5,6,0.8333333333333334,0.07399621236906406,531,530,0.17656750899993767,92007,0.08586547210751032,1727,1719,0.9953676896352056,0.018683361048615867,0.03667825975633175,0.9976769764533621,6,6,1.0,0.0843972413483667,1234,866,2.057449958999996,-0.010426261636452716,-0.026056745801968817,0.003873083476632566,2.7619278319999694
UGC06840,ok,,70951,0.039409296574799954,1211,1063,0.8777869529314616,0.014982170793928204,0.029461489426568,0.8236041382140407,5,6,0.8333333333333334,0.03884498855293413,439,438,0.2696020090000957,88521,0.04916844501272522,1211,1080,0.8918249380677127,0.01220049479784458,0.024071680114117595,0.8338848509813507,5,6,0.8333333333333334,0.048601256926183514,1434,952,4.162075287999983,-0.009759148437925268,-0.014037985136251097,0.005389809312450405,5.219475279999983
UGC06931,ok,,52294,0.047285517939814815,686,686,1.0,0.013118139748345891,0.025896564741411852,1.0,6,6,1.0,0.046694184218002706,326,324,0.3227831099999321,88908,0.08039279513888889,686,686,1.0,0.007715841094164754,0.01531352545929415,1.0,6,6,1.0,0.07982201054256384,3347,1102,5.158141405000038,-0.033107277199074074,0.0,0.010583039282117703,6.431739041000014
UGC06983,ok,,89268,0.049085516396480414,882,856,0.9705215419501134,0.009589102477931622,0.01899057127010538,0.9835234474017743,6,6,1.0,0.048638419135850014,585,583,0.26510335299997223,110024,0.06049855330024601,882,847,0.9603174603174603,0.007698320366465498,0.015274196166122663,0.9757284236146466,6,6,1.0,0.060061945052647794,1614,1131,4.703606400000012,-0.011413036903765598,0.010204081632653073,0.0037163751039827175,5.939330423999991
UGC07129,ok,,72006,0.04120210868553909,752,474,0.6303191489361702,0.006582784767936005,0.013029495038346299,0.6666666666666666,4,6,0.6666666666666666,0.04094850410189155,501,500,0.24643986999990375,94850,0.05427353288369557,752,589,0.7832446808510638,0.006209804955192409,0.01232191795150729,0.8799947390304542,5,6,0.8333333333333334,0.05395972355237375,1413,969,4.025016624000045,-0.013071424198156475,-0.15292553191489355,0.0007075770868390091,5.090701718999981
UGC07257,ok,,54844,0.05013941837397036,622,533,0.8569131832797428,0.009718474217781343,0.019218980997367754,0.8333333333333334,5,6,0.8333333333333334,0.049680390191070685,356,355,0.17129756700001053,70913,0.06483000100564074,622,522,0.8392282958199357,0.007361132655507452,0.01459425456070455,0.8232044198895028,5,6,0.8333333333333334,0.0643893934182699,1044,710,1.9696428759999662,-0.014690582631670376,0.01768488745980701,0.004624726436663205,3.132742891000021
UGC07612,ok,,75004,0.04839592205445864,779,779,1.0,0.010386112740653831,0.02055870050011216,1.0,6,6,1.0,0.04791736199832023,523,522,0.21947116599994843,92317,0.05956704090850432,779,695,0.8921694480102695,0.007528407552238482,0.014930824095557274,0.9320388349514563,6,6,1.0,0.05914832658821281,1432,954,3.7215977189999876,-0.011171118854045682,0.10783055198973046,0.005627876404554885,4.648690019000014
UGC07911,ok,,61645,0.07193031586562584,806,806,1.0,0.013074864141455107,0.02581223679364622,1.0,6,6,1.0,0.07105666406604033,379,378,0.1394363650000514,58002,0.06767949032099975,806,806,1.0,0.01389607254922244,0.027411236566453542,1.0,6,6,1.0,0.06680183694540086,935,662,1.335344434000035,0.004250825544626094,0.0,-0.0015989997728073219,1.6894575729999133
UGC08385,ok,,70744,0.04384329109766263,603,541,0.8971807628524047,0.0076472916431075426,0.01516531879406282,0.6666666666666666,4,6,0.6666666666666666,0.043524273975456336,470,469,0.2730176930000425,89544,0.055494510602299874,603,603,1.0,0.006734119538997588,0.013378149023262006,1.0,6,6,1.0,0.05514141064699602,1443,964,3.9222707600000604,-0.011651219504637246,-0.10281923714759533,0.0017871697708008137,4.933978194000019
UGC08489,ok,,83203,0.044136502064314964,1538,1436,0.9336801040312094,0.0172589930651539,0.03389150470256428,0.8304178814382895,5,6,0.8333333333333334,0.04341016706917797,563,561,0.31087740999998914,99894,0.05299053804805931,1538,1036,0.6736020806241872,0.010370993252848019,0.02042747850776875,0.9168691286038224,6,6,1.0,0.0524837929253219,1393,992,4.202686542999913,-0.008854035983744346,0.26007802340702213,0.01346402619479553,5.253879105999999
UGC08507,ok,,67902,0.071344290681071,1707,1665,0.9753954305799648,0.024520632676504374,0.04783864155497134,0.9860846440891905,6,6,1.0,0.06971992876119422,489,489,0.15097941500005163,88936,0.0934446089365811,1707,1674,0.9806678383128296,0.01882252406224701,0.03693611199982348,0.9890472484849969,6,6,1.0,0.0918504827144848,1420,883,2.1862551909999866,-0.022100318255510107,-0.005272407732864748,0.01090252955514786,2.6120544000000336
UGC08851,ok,,59557,0.05590841672455551,466,372,0.7982832618025751,0.006246117165068758,0.012395248488079571,0.6666666666666666,4,6,0.6666666666666666,0.055583521319616754,412,410,0.17577670000002854,75467,0.07084373767906427,466,409,0.8776824034334764,0.00541958736931374,0.010772654840451451,0.8333333333333334,5,6,0.8333333333333334,0.07049063011249124,1079,759,1.8063538969998945,-0.014935320954508759,-0.07939914163090123,0.0016225936476281198,4.130002321999996
UGC09245,ok,,91009,0.09359743712365468,2156,2133,0.9893320964749536,0.023437242470524894,0.04578972790210917,0.9970122109638867,6,6,1.0,0.09160689308990311,596,595,0.16079387599995698,107265,0.11031578297826389,2156,1319,0.6117810760667903,0.012296648487391041,0.02410871770501092,0.8846935800258899,5,6,0.8333333333333334,0.10920140302559604,1452,1047,2.2909766830000535,-0.016718345854609212,0.37755102040816324,0.021681010197098248,3.359715709999932
UGC09661,ok,,64738,0.07619229203004475,882,801,0.9081632653061225,0.01237294942692082,0.024413288631514783,0.8333333333333334,5,6,0.8333333333333334,0.07532776301155536,438,437,0.1388206450000098,82785,0.09743240285006108,882,849,0.9625850340136054,0.0102554810654104,0.020294739861594174,0.9784063672952562,6,6,1.0,0.0965333936549228,1164,831,1.4979718509999884,-0.021240110820016325,-0.05442176870748294,0.0041185487699206096,2.2482383960000334
UGC12151,ok,,89052,0.058940641058564704,531,531,1.0,0.005962808246866999,0.011854927832289608,1.0,6,6,1.0,0.0586097878299329,608,607,0.2215689370000291,108537,0.07183713289508868,531,439,0.8267419962335216,0.004044703649446733,0.008050023838339384,0.8732782369146005,5,6,0.8333333333333334,0.07157172698952888,1635,1109,3.459521777999953,-0.012896491836523978,0.17325800376647837,0.0038049039939502243,4.3167201150000665
