name,status,png,raw_segments,kept_segments,masked_fraction,background_level,background_rms,error
ESO013-016,ok,Foreground Masking\Azure\mean-parameter-4sets\full-batches\sep-toy\ESO013-016_sep_thr2.2_area15_deb0.0005_dil5.png,617,616,0.14368500464252554,0.0073697855696082115,0.018322760239243507,
ESO026-001,ok,Foreground Masking\Azure\mean-parameter-4sets\full-batches\sep-toy\ESO026-001_sep_thr2.2_area15_deb0.0005_dil5.png,540,538,0.13436588683604922,0.014705301262438297,0.02022196725010872,
ESO054-021,ok,Foreground Masking\Azure\mean-parameter-4sets\full-batches\sep-toy\ESO054-021_sep_thr2.2_area15_deb0.0005_dil5.png,439,438,0.08778693923819882,0.0024058653507381678,0.019128717482089996,
ESO079-005,ok,Foreground Masking\Azure\mean-parameter-4sets\full-batches\sep-toy\ESO079-005_sep_thr2.2_area15_deb0.0005_dil5.png,415,415,0.07884188989688189,-0.0096091628074646,0.01802937686443329,
ESO085-047,ok,Foreground Masking\Azure\mean-parameter-4sets\full-batches\sep-toy\ESO085-047_sep_thr2.2_area15_deb0.0005_dil5.png,642,640,0.11912536680343404,0.02832880988717079,0.02219363860785961,
ESO120-012,ok,Foreground Masking\Azure\mean-parameter-4sets\full-batches\sep-toy\ESO120-012_sep_thr2.2_area15_deb0.0005_dil5.png,491,490,0.08766637265671362,0.026691464707255363,0.020483167842030525,
ESO202-041,ok,Foreground Masking\Azure\mean-parameter-4sets\full-batches\sep-toy\ESO202-041_sep_thr2.2_area15_deb0.0005_dil5.png,423,422,0.08349277748150896,0.0025067219976335764,0.018752742558717728,
ESO236-039,ok,Foreground Masking\Azure\mean-parameter-4sets\full-batches\sep-toy\ESO236-039_sep_thr2.2_area15_deb0.0005_dil5.png,426,425,0.06503092933556509,0.03194398432970047,0.020405512303113937,
ESO298-023,ok,Foreground Masking\Azure\mean-parameter-4sets\full-batches\sep-toy\ESO298-023_sep_thr2.2_area15_deb0.0005_dil5.png,383,382,0.08479440789473684,0.007003935519605875,0.017359815537929535,
ESO357-012,ok,Foreground Masking\Azure\mean-parameter-4sets\full-batches\sep-toy\ESO357-012_sep_thr2.2_area15_deb0.0005_dil5.png,258,257,0.05263504611330698,0.040837496519088745,0.020175201818346977,
ESO358-020,ok,Foreground Masking\Azure\mean-parameter-4sets\full-batches\sep-toy\ESO358-020_sep_thr2.2_area15_deb0.0005_dil5.png,434,433,0.0959623259261874,0.045193325728178024,0.01837727800011635,
ESO359-031,ok,Foreground Masking\Azure\mean-parameter-4sets\full-batches\sep-toy\ESO359-031_sep_thr2.2_area15_deb0.0005_dil5.png,385,383,0.07504189944134078,0.10849608480930328,0.020705092698335648,
ESO420-009,ok,Foreground Masking\Azure\mean-parameter-4sets\full-batches\sep-toy\ESO420-009_sep_thr2.2_area15_deb0.0005_dil5.png,885,884,0.15939649173182108,0.0011765486560761929,0.007225978188216686,
ESO440-044,ok,Foreground Masking\Azure\mean-parameter-4sets\full-batches\sep-toy\ESO440-044_sep_thr2.2_area15_deb0.0005_dil5.png,388,387,0.09159219257840011,0.04148803651332855,0.02041030302643776,
ESO443-085,ok,Foreground Masking\Azure\mean-parameter-4sets\full-batches\sep-toy\ESO443-085_sep_thr2.2_area15_deb0.0005_dil5.png,413,412,0.10594657251506603,0.07175420969724655,0.021404018625617027,
ESO479-004,ok,Foreground Masking\Azure\mean-parameter-4sets\full-batches\sep-toy\ESO479-004_sep_thr2.2_area15_deb0.0005_dil5.png,290,289,0.07577724671333254,0.033413711935281754,0.01925959810614586,
ESO485-021,ok,Foreground Masking\Azure\mean-parameter-4sets\full-batches\sep-toy\ESO485-021_sep_thr2.2_area15_deb0.0005_dil5.png,480,479,0.13059437781807623,0.03465750813484192,0.01678866147994995,
ESO572-030,ok,Foreground Masking\Azure\mean-parameter-4sets\full-batches\sep-toy\ESO572-030_sep_thr2.2_area15_deb0.0005_dil5.png,371,370,0.0874808881586454,0.039831481873989105,0.020247237756848335,
IC0600,ok,Foreground Masking\Azure\mean-parameter-4sets\full-batches\sep-toy\IC0600_sep_thr2.2_area15_deb0.0005_dil5.png,407,406,0.05881699957142757,0.040655847638845444,0.021983416751027107,
IC0797,ok,Foreground Masking\Azure\mean-parameter-4sets\full-batches\sep-toy\IC0797_sep_thr2.2_area15_deb0.0005_dil5.png,642,641,0.09740586784014185,0.08406338095664978,0.016926312819123268,
IC1014,ok,Foreground Masking\Azure\mean-parameter-4sets\full-batches\sep-toy\IC1014_sep_thr2.2_area15_deb0.0005_dil5.png,255,254,0.05532312640155777,0.0415002778172493,0.021629568189382553,
IC1933,ok,Foreground Masking\Azure\mean-parameter-4sets\full-batches\sep-toy\IC1933_sep_thr2.2_area15_deb0.0005_dil5.png,384,383,0.07716669944319046,0.0039405799470841885,0.01827968657016754,
IC1953,ok,Foreground Masking\Azure\mean-parameter-4sets\full-batches\sep-toy\IC1953_sep_thr2.2_area15_deb0.0005_dil5.png,197,196,0.06342755613892641,0.05796143412590027,0.025905605405569077,
IC1954,ok,Foreground Masking\Azure\mean-parameter-4sets\full-batches\sep-toy\IC1954_sep_thr2.2_area15_deb0.0005_dil5.png,428,427,0.09600532184785093,0.004840878304094076,0.019353246316313744,
IC2007,ok,Foreground Masking\Azure\mean-parameter-4sets\full-batches\sep-toy\IC2007_sep_thr2.2_area15_deb0.0005_dil5.png,425,424,0.10213701844666338,0.06913461536169052,0.01893317885696888,
IC3115,ok,Foreground Masking\Azure\mean-parameter-4sets\full-batches\sep-toy\IC3115_sep_thr2.2_area15_deb0.0005_dil5.png,370,369,0.049427787575935724,0.0625804141163826,0.02051236294209957,
IC3517,ok,Foreground Masking\Azure\mean-parameter-4sets\full-batches\sep-toy\IC3517_sep_thr2.2_area15_deb0.0005_dil5.png,213,212,0.05453910743679373,0.05557410418987274,0.018384093418717384,
IC3521,ok,Foreground Masking\Azure\mean-parameter-4sets\full-batches\sep-toy\IC3521_sep_thr2.2_area15_deb0.0005_dil5.png,454,453,0.05795193582000465,0.08548489212989807,0.020764455199241638,
IC4901,ok,Foreground Masking\Azure\mean-parameter-4sets\full-batches\sep-toy\IC4901_sep_thr2.2_area15_deb0.0005_dil5.png,1470,1468,0.11462079110820529,0.04713688790798187,0.02409105934202671,
IC5273,ok,Foreground Masking\Azure\mean-parameter-4sets\full-batches\sep-toy\IC5273_sep_thr2.2_area15_deb0.0005_dil5.png,472,471,0.06199954257649806,0.02024824544787407,0.020122841000556946,
NGC0210,ok,Foreground Masking\Azure\mean-parameter-4sets\full-batches\sep-toy\NGC0210_sep_thr2.2_area15_deb0.0005_dil5.png,638,637,0.09514744026582567,0.06278198957443237,0.018357830122113228,
NGC0255,ok,Foreground Masking\Azure\mean-parameter-4sets\full-batches\sep-toy\NGC0255_sep_thr2.2_area15_deb0.0005_dil5.png,311,310,0.042998768186455656,0.05965568870306015,0.020852845162153244,
NGC0289,ok,Foreground Masking\Azure\mean-parameter-4sets\full-batches\sep-toy\NGC0289_sep_thr2.2_area15_deb0.0005_dil5.png,1094,1092,0.0603927047134311,0.029369153082370758,0.022389806807041168,
NGC0298,ok,Foreground Masking\Azure\mean-parameter-4sets\full-batches\sep-toy\NGC0298_sep_thr2.2_area15_deb0.0005_dil5.png,219,218,0.06234933158010081,0.06535109877586365,0.019247958436608315,
NGC0578,ok,Foreground Masking\Azure\mean-parameter-4sets\full-batches\sep-toy\NGC0578_sep_thr2.2_area15_deb0.0005_dil5.png,573,572,0.06596962575647451,0.038454342633485794,0.026347847655415535,
NGC0600,ok,Foreground Masking\Azure\mean-parameter-4sets\full-batches\sep-toy\NGC0600_sep_thr2.2_area15_deb0.0005_dil5.png,251,249,0.060430077102638466,0.08413951098918915,0.01916743442416191,
NGC0672,ok,Foreground Masking\Azure\mean-parameter-4sets\full-batches\sep-toy\NGC0672_sep_thr2.2_area15_deb0.0005_dil5.png,1855,1853,0.15217093875191776,0.056810490787029266,0.010755335912108421,
NGC0685,ok,Foreground Masking\Azure\mean-parameter-4sets\full-batches\sep-toy\NGC0685_sep_thr2.2_area15_deb0.0005_dil5.png,424,423,0.09113201363467983,0.0028696416411548853,0.01902107335627079,
NGC0701,ok,Foreground Masking\Azure\mean-parameter-4sets\full-batches\sep-toy\NGC0701_sep_thr2.2_area15_deb0.0005_dil5.png,182,181,0.053954964157126285,0.08704670518636703,0.020643576979637146,
NGC0918,ok,Foreground Masking\Azure\mean-parameter-4sets\full-batches\sep-toy\NGC0918_sep_thr2.2_area15_deb0.0005_dil5.png,294,293,0.08568538761150898,0.11925166845321655,0.020189261063933372,
NGC0986,ok,Foreground Masking\Azure\mean-parameter-4sets\full-batches\sep-toy\NGC0986_sep_thr2.2_area15_deb0.0005_dil5.png,1344,1343,0.1487740619802853,0.018162310123443604,0.009850047528743744,
NGC0991,ok,Foreground Masking\Azure\mean-parameter-4sets\full-batches\sep-toy\NGC0991_sep_thr2.2_area15_deb0.0005_dil5.png,299,298,0.0826909557192649,0.060311365872621536,0.01880556158721447,
NGC1022,ok,Foreground Masking\Azure\mean-parameter-4sets\full-batches\sep-toy\NGC1022_sep_thr2.2_area15_deb0.0005_dil5.png,282,281,0.07557573093154576,0.08552925288677216,0.019283352419734,
NGC1051,ok,Foreground Masking\Azure\mean-parameter-4sets\full-batches\sep-toy\NGC1051_sep_thr2.2_area15_deb0.0005_dil5.png,332,331,0.08339014032589541,0.06482284516096115,0.018198512494564056,
NGC1097,ok,Foreground Masking\Azure\mean-parameter-4sets\full-batches\sep-toy\NGC1097_sep_thr2.2_area15_deb0.0005_dil5.png,2285,2281,0.14603133565648974,0.03567416965961456,0.010957572609186172,
NGC1187,ok,Foreground Masking\Azure\mean-parameter-4sets\full-batches\sep-toy\NGC1187_sep_thr2.2_area15_deb0.0005_dil5.png,1228,1227,0.10049377975733374,0.04081083461642265,0.02217000350356102,
NGC1255,ok,Foreground Masking\Azure\mean-parameter-4sets\full-batches\sep-toy\NGC1255_sep_thr2.2_area15_deb0.0005_dil5.png,684,683,0.07734763219367169,0.035729240626096725,0.023868005722761154,
NGC1291,ok,Foreground Masking\Azure\mean-parameter-4sets\full-batches\sep-toy\NGC1291_sep_thr2.2_area15_deb0.0005_dil5.png,2323,2321,0.10851731621736783,0.027526531368494034,0.011994583532214165,
NGC1302,ok,Foreground Masking\Azure\mean-parameter-4sets\full-batches\sep-toy\NGC1302_sep_thr2.2_area15_deb0.0005_dil5.png,1146,1145,0.08979035478421134,0.035834960639476776,0.02157203108072281,
NGC1313,ok,Foreground Masking\Azure\mean-parameter-4sets\full-batches\sep-toy\NGC1313_sep_thr2.2_area15_deb0.0005_dil5.png,4088,4087,0.3485351671698535,0.019925568252801895,0.008390404284000397,
NGC1326A,ok,Foreground Masking\Azure\mean-parameter-4sets\full-batches\sep-toy\NGC1326A_sep_thr2.2_area15_deb0.0005_dil5.png,307,306,0.04673689000807825,0.004954437259584665,0.020734086632728577,
NGC1341,ok,Foreground Masking\Azure\mean-parameter-4sets\full-batches\sep-toy\NGC1341_sep_thr2.2_area15_deb0.0005_dil5.png,338,337,0.046290954438384116,0.005925881210714579,0.02032264694571495,
NGC1347,ok,Foreground Masking\Azure\mean-parameter-4sets\full-batches\sep-toy\NGC1347_sep_thr2.2_area15_deb0.0005_dil5.png,353,352,0.09446030235754307,0.053707804530858994,0.018934639170765877,
NGC1350,ok,Foreground Masking\Azure\mean-parameter-4sets\full-batches\sep-toy\NGC1350_sep_thr2.2_area15_deb0.0005_dil5.png,817,815,0.09144777411534066,0.026679739356040955,0.023877227678894997,
NGC1367,ok,Foreground Masking\Azure\mean-parameter-4sets\full-batches\sep-toy\NGC1367_sep_thr2.2_area15_deb0.0005_dil5.png,1000,998,0.07877158321740452,0.04351253807544708,0.021856803447008133,
NGC1436,ok,Foreground Masking\Azure\mean-parameter-4sets\full-batches\sep-toy\NGC1436_sep_thr2.2_area15_deb0.0005_dil5.png,364,363,0.0853682502734937,0.00786952767521143,0.01922600343823433,
NGC1493,ok,Foreground Masking\Azure\mean-parameter-4sets\full-batches\sep-toy\NGC1493_sep_thr2.2_area15_deb0.0005_dil5.png,1075,1074,0.0789507007111445,0.01567855291068554,0.022147148847579956,
NGC1512,ok,Foreground Masking\Azure\mean-parameter-4sets\full-batches\sep-toy\NGC1512_sep_thr2.2_area15_deb0.0005_dil5.png,1845,1843,0.11307648383671776,0.02624141424894333,0.011249647475779057,
NGC1559,ok,Foreground Masking\Azure\mean-parameter-4sets\full-batches\sep-toy\NGC1559_sep_thr2.2_area15_deb0.0005_dil5.png,1523,1523,0.12208245217658845,0.014912188984453678,0.013732374645769596,
NGC1640,ok,Foreground Masking\Azure\mean-parameter-4sets\full-batches\sep-toy\NGC1640_sep_thr2.2_area15_deb0.0005_dil5.png,380,379,0.11645406213374553,0.03779930993914604,0.01721065491437912,
NGC1672,ok,Foreground Masking\Azure\mean-parameter-4sets\full-batches\sep-toy\NGC1672_sep_thr2.2_area15_deb0.0005_dil5.png,845,843,0.1425193495603531,0.022416044026613235,0.015061013400554657,
NGC1800,ok,Foreground Masking\Azure\mean-parameter-4sets\full-batches\sep-toy\NGC1800_sep_thr2.2_area15_deb0.0005_dil5.png,561,560,0.19895584371556913,0.022723574191331863,0.008798368275165558,
NGC1808,ok,Foreground Masking\Azure\mean-parameter-4sets\full-batches\sep-toy\NGC1808_sep_thr2.2_area15_deb0.0005_dil5.png,911,908,0.20747798066595058,0.011009462177753448,0.010836481116712093,
NGC1879,ok,Foreground Masking\Azure\mean-parameter-4sets\full-batches\sep-toy\NGC1879_sep_thr2.2_area15_deb0.0005_dil5.png,429,428,0.11674533173593324,0.03577175363898277,0.016906771808862686,
NGC2500,ok,Foreground Masking\Azure\mean-parameter-4sets\full-batches\sep-toy\NGC2500_sep_thr2.2_area15_deb0.0005_dil5.png,552,549,0.12799478786817975,0.03444045037031174,0.016619887202978134,
NGC2681,ok,Foreground Masking\Azure\mean-parameter-4sets\full-batches\sep-toy\NGC2681_sep_thr2.2_area15_deb0.0005_dil5.png,782,781,0.10865194162803396,0.010683158412575722,0.015474059619009495,
NGC2903,ok,Foreground Masking\Azure\mean-parameter-4sets\full-batches\sep-toy\NGC2903_sep_thr2.2_area15_deb0.0005_dil5.png,3459,3456,0.16518687057631057,0.0752481147646904,0.010331333614885807,
NGC2968,ok,Foreground Masking\Azure\mean-parameter-4sets\full-batches\sep-toy\NGC2968_sep_thr2.2_area15_deb0.0005_dil5.png,984,982,0.0854693023926274,0.0700325295329094,0.015891674906015396,
NGC3185,ok,Foreground Masking\Azure\mean-parameter-4sets\full-batches\sep-toy\NGC3185_sep_thr2.2_area15_deb0.0005_dil5.png,556,555,0.08180913342680095,0.07495645433664322,0.02081635594367981,
NGC3227,ok,Foreground Masking\Azure\mean-parameter-4sets\full-batches\sep-toy\NGC3227_sep_thr2.2_area15_deb0.0005_dil5.png,247,245,0.04713805862574272,0.1181848868727684,0.03376828506588936,
NGC3264,ok,Foreground Masking\Azure\mean-parameter-4sets\full-batches\sep-toy\NGC3264_sep_thr2.2_area15_deb0.0005_dil5.png,325,324,0.03905475186943672,0.03362156078219414,0.021725695580244064,
NGC3287,ok,Foreground Masking\Azure\mean-parameter-4sets\full-batches\sep-toy\NGC3287_sep_thr2.2_area15_deb0.0005_dil5.png,381,380,0.05129141880734237,0.09859609603881836,0.022170916199684143,
NGC3319,ok,Foreground Masking\Azure\mean-parameter-4sets\full-batches\sep-toy\NGC3319_sep_thr2.2_area15_deb0.0005_dil5.png,1014,1013,0.2357484776821926,0.017726046964526176,0.006785430945456028,
NGC3344,ok,Foreground Masking\Azure\mean-parameter-4sets\full-batches\sep-toy\NGC3344_sep_thr2.2_area15_deb0.0005_dil5.png,553,552,0.11907328145490279,0.026279490441083908,0.017797797918319702,
NGC3359,ok,Foreground Masking\Azure\mean-parameter-4sets\full-batches\sep-toy\NGC3359_sep_thr2.2_area15_deb0.0005_dil5.png,815,815,0.05813940027195116,0.04053106904029846,0.021703500300645828,
NGC3380,ok,Foreground Masking\Azure\mean-parameter-4sets\full-batches\sep-toy\NGC3380_sep_thr2.2_area15_deb0.0005_dil5.png,288,287,0.06472807021535074,0.08649041503667831,0.020225511863827705,
NGC3447,ok,Foreground Masking\Azure\mean-parameter-4sets\full-batches\sep-toy\NGC3447_sep_thr2.2_area15_deb0.0005_dil5.png,328,327,0.07913478509783613,0.07126440107822418,0.02026275172829628,
NGC3485,ok,Foreground Masking\Azure\mean-parameter-4sets\full-batches\sep-toy\NGC3485_sep_thr2.2_area15_deb0.0005_dil5.png,338,337,0.08590269029919155,0.10458032041788101,0.020725306123495102,
NGC3486,ok,Foreground Masking\Azure\mean-parameter-4sets\full-batches\sep-toy\NGC3486_sep_thr2.2_area15_deb0.0005_dil5.png,956,955,0.18303765950824774,0.06821496784687042,0.008306775242090225,
NGC3504,ok,Foreground Masking\Azure\mean-parameter-4sets\full-batches\sep-toy\NGC3504_sep_thr2.2_area15_deb0.0005_dil5.png,1127,1126,0.12069150459527715,0.05434643477201462,0.011049044318497181,
NGC3627,ok,Foreground Masking\Azure\mean-parameter-4sets\full-batches\sep-toy\NGC3627_sep_thr2.2_area15_deb0.0005_dil5.png,1438,1433,0.10520273903382331,0.05872885137796402,0.012773379683494568,
NGC3673,ok,Foreground Masking\Azure\mean-parameter-4sets\full-batches\sep-toy\NGC3673_sep_thr2.2_area15_deb0.0005_dil5.png,1604,1602,0.09643712678195437,0.031076906248927116,0.023083318024873734,
NGC3681,ok,Foreground Masking\Azure\mean-parameter-4sets\full-batches\sep-toy\NGC3681_sep_thr2.2_area15_deb0.0005_dil5.png,267,266,0.06598247211263461,0.1179061308503151,0.01978381723165512,
NGC3684,ok,Foreground Masking\Azure\mean-parameter-4sets\full-batches\sep-toy\NGC3684_sep_thr2.2_area15_deb0.0005_dil5.png,372,371,0.05282171895350454,0.14170360565185547,0.021369049325585365,
NGC3726,ok,Foreground Masking\Azure\mean-parameter-4sets\full-batches\sep-toy\NGC3726_sep_thr2.2_area15_deb0.0005_dil5.png,548,547,0.13644893503069253,0.012183540500700474,0.014661774039268494,
NGC3729,ok,Foreground Masking\Azure\mean-parameter-4sets\full-batches\sep-toy\NGC3729_sep_thr2.2_area15_deb0.0005_dil5.png,270,269,0.058042510167450524,0.012482119724154472,0.02798769623041153,
NGC3850,ok,Foreground Masking\Azure\mean-parameter-4sets\full-batches\sep-toy\NGC3850_sep_thr2.2_area15_deb0.0005_dil5.png,336,335,0.06975044085805487,0.022605644538998604,0.01918873004615307,
NGC3930,ok,Foreground Masking\Azure\mean-parameter-4sets\full-batches\sep-toy\NGC3930_sep_thr2.2_area15_deb0.0005_dil5.png,370,369,0.04401994828485186,0.06875065714120865,0.02111932821571827,
NGC3953,ok,Foreground Masking\Azure\mean-parameter-4sets\full-batches\sep-toy\NGC3953_sep_thr2.2_area15_deb0.0005_dil5.png,944,943,0.08829506746135944,0.009088207967579365,0.014749581925570965,
NGC3992,ok,Foreground Masking\Azure\mean-parameter-4sets\full-batches\sep-toy\NGC3992_sep_thr2.2_area15_deb0.0005_dil5.png,1802,1801,0.07781035271117398,0.044090669602155685,0.020913314074277878,
NGC4020,ok,Foreground Masking\Azure\mean-parameter-4sets\full-batches\sep-toy\NGC4020_sep_thr2.2_area15_deb0.0005_dil5.png,435,434,0.10380871745537017,0.07323025166988373,0.011196565814316273,
NGC4064,ok,Foreground Masking\Azure\mean-parameter-4sets\full-batches\sep-toy\NGC4064_sep_thr2.2_area15_deb0.0005_dil5.png,610,609,0.0881278837451186,0.05013519525527954,0.015103588812053204,
NGC4102,ok,Foreground Masking\Azure\mean-parameter-4sets\full-batches\sep-toy\NGC4102_sep_thr2.2_area15_deb0.0005_dil5.png,357,356,0.04321661407581423,0.04459839686751366,0.020359519869089127,
NGC4116,ok,Foreground Masking\Azure\mean-parameter-4sets\full-batches\sep-toy\NGC4116_sep_thr2.2_area15_deb0.0005_dil5.png,635,634,0.09206337062122323,0.10268589854240417,0.0167057067155838,
NGC4123,ok,Foreground Masking\Azure\mean-parameter-4sets\full-batches\sep-toy\NGC4123_sep_thr2.2_area15_deb0.0005_dil5.png,377,376,0.05094043481523846,0.05188272148370743,0.020998725667595863,
NGC4133,ok,Foreground Masking\Azure\mean-parameter-4sets\full-batches\sep-toy\NGC4133_sep_thr2.2_area15_deb0.0005_dil5.png,465,464,0.08264279630844841,0.012143547646701336,0.020072102546691895,
NGC4145,ok,Foreground Masking\Azure\mean-parameter-4sets\full-batches\sep-toy\NGC4145_sep_thr2.2_area15_deb0.0005_dil5.png,933,933,0.0620985159632582,0.06600050628185272,0.026121502742171288,
NGC4204,ok,Foreground Masking\Azure\mean-parameter-4sets\full-batches\sep-toy\NGC4204_sep_thr2.2_area15_deb0.0005_dil5.png,1254,1253,0.06481924513279369,0.06529512256383896,0.022422555834054947,
NGC4214,ok,Foreground Masking\Azure\mean-parameter-4sets\full-batches\sep-toy\NGC4214_sep_thr2.2_area15_deb0.0005_dil5.png,1576,1575,0.23400002707843948,0.01184176467359066,0.0077301193960011005,
NGC4293,ok,Foreground Masking\Azure\mean-parameter-4sets\full-batches\sep-toy\NGC4293_sep_thr2.2_area15_deb0.0005_dil5.png,983,982,0.1093543090206049,0.05417511612176895,0.010275591164827347,
NGC4294,ok,Foreground Masking\Azure\mean-parameter-4sets\full-batches\sep-toy\NGC4294_sep_thr2.2_area15_deb0.0005_dil5.png,2540,2539,0.14702764147121056,0.051374465227127075,0.009729467332363129,
NGC4303,ok,Foreground Masking\Azure\mean-parameter-4sets\full-batches\sep-toy\NGC4303_sep_thr2.2_area15_deb0.0005_dil5.png,1034,1033,0.10757751284477851,0.09267331659793854,0.016248447820544243,
NGC4314,ok,Foreground Masking\Azure\mean-parameter-4sets\full-batches\sep-toy\NGC4314_sep_thr2.2_area15_deb0.0005_dil5.png,498,497,0.08624691452112097,0.014959070831537247,0.014939559623599052,
NGC4369,ok,Foreground Masking\Azure\mean-parameter-4sets\full-batches\sep-toy\NGC4369_sep_thr2.2_area15_deb0.0005_dil5.png,1017,1016,0.12767372911098177,0.014418334700167179,0.009580356068909168,
NGC4389,ok,Foreground Masking\Azure\mean-parameter-4sets\full-batches\sep-toy\NGC4389_sep_thr2.2_area15_deb0.0005_dil5.png,357,356,0.045738881142109375,0.04677402600646019,0.020742466673254967,
NGC4405,ok,Foreground Masking\Azure\mean-parameter-4sets\full-batches\sep-toy\NGC4405_sep_thr2.2_area15_deb0.0005_dil5.png,672,671,0.1213420464339582,0.04880327731370926,0.013886971399188042,
NGC4424,ok,Foreground Masking\Azure\mean-parameter-4sets\full-batches\sep-toy\NGC4424_sep_thr2.2_area15_deb0.0005_dil5.png,2215,2214,0.17253722161243493,0.047364912927150726,0.00884510762989521,
NGC4449,ok,Foreground Masking\Azure\mean-parameter-4sets\full-batches\sep-toy\NGC4449_sep_thr2.2_area15_deb0.0005_dil5.png,643,642,0.1202489310359426,0.014890355989336967,0.016038168221712112,
NGC4450,ok,Foreground Masking\Azure\mean-parameter-4sets\full-batches\sep-toy\NGC4450_sep_thr2.2_area15_deb0.0005_dil5.png,829,827,0.09108162334518889,0.032597340643405914,0.014014353044331074,
NGC4457,ok,Foreground Masking\Azure\mean-parameter-4sets\full-batches\sep-toy\NGC4457_sep_thr2.2_area15_deb0.0005_dil5.png,730,729,0.11367250092444225,0.057377882301807404,0.014865174889564514,
NGC4487,ok,Foreground Masking\Azure\mean-parameter-4sets\full-batches\sep-toy\NGC4487_sep_thr2.2_area15_deb0.0005_dil5.png,933,932,0.0665751837239669,0.09416884928941727,0.02727438323199749,
NGC4496A,ok,Foreground Masking\Azure\mean-parameter-4sets\full-batches\sep-toy\NGC4496A_sep_thr2.2_area15_deb0.0005_dil5.png,597,596,0.09927729450531027,0.05290118232369423,0.0165269672870636,
NGC4498,ok,Foreground Masking\Azure\mean-parameter-4sets\full-batches\sep-toy\NGC4498_sep_thr2.2_area15_deb0.0005_dil5.png,915,914,0.155059953274239,0.03424549847841263,0.013121887110173702,
NGC4525,ok,Foreground Masking\Azure\mean-parameter-4sets\full-batches\sep-toy\NGC4525_sep_thr2.2_area15_deb0.0005_dil5.png,301,300,0.0361056363537831,0.06013326719403267,0.020991068333387375,
NGC4532,ok,Foreground Masking\Azure\mean-parameter-4sets\full-batches\sep-toy\NGC4532_sep_thr2.2_area15_deb0.0005_dil5.png,702,700,0.11821359681927332,0.055549342185258865,0.015426073223352432,
NGC4535,ok,Foreground Masking\Azure\mean-parameter-4sets\full-batches\sep-toy\NGC4535_sep_thr2.2_area15_deb0.0005_dil5.png,2246,2245,0.0802780360835467,0.06776116043329239,0.02171511948108673,
NGC4540,ok,Foreground Masking\Azure\mean-parameter-4sets\full-batches\sep-toy\NGC4540_sep_thr2.2_area15_deb0.0005_dil5.png,324,323,0.04326533966535261,0.07009854167699814,0.02158593200147152,
NGC4559,ok,Foreground Masking\Azure\mean-parameter-4sets\full-batches\sep-toy\NGC4559_sep_thr2.2_area15_deb0.0005_dil5.png,1998,1997,0.10799681990138035,0.0156964473426342,0.012266792356967926,
NGC4579,ok,Foreground Masking\Azure\mean-parameter-4sets\full-batches\sep-toy\NGC4579_sep_thr2.2_area15_deb0.0005_dil5.png,1013,1012,0.10992662349534968,0.03907109797000885,0.01405926514416933,
NGC4618,ok,Foreground Masking\Azure\mean-parameter-4sets\full-batches\sep-toy\NGC4618_sep_thr2.2_area15_deb0.0005_dil5.png,491,490,0.08502090476642227,0.008589459583163261,0.01527252234518528,
NGC4625,ok,Foreground Masking\Azure\mean-parameter-4sets\full-batches\sep-toy\NGC4625_sep_thr2.2_area15_deb0.0005_dil5.png,413,412,0.09248178561365375,0.004678882192820311,0.011745424009859562,
NGC4639,ok,Foreground Masking\Azure\mean-parameter-4sets\full-batches\sep-toy\NGC4639_sep_thr2.2_area15_deb0.0005_dil5.png,509,508,0.13714311337736296,0.04468344897031784,0.01225844956934452,
NGC4654,ok,Foreground Masking\Azure\mean-parameter-4sets\full-batches\sep-toy\NGC4654_sep_thr2.2_area15_deb0.0005_dil5.png,507,506,0.11276285238672713,0.042566388845443726,0.016928741708397865,
NGC4668,ok,Foreground Masking\Azure\mean-parameter-4sets\full-batches\sep-toy\NGC4668_sep_thr2.2_area15_deb0.0005_dil5.png,313,312,0.040667671936389684,0.08949748426675797,0.020877299830317497,
NGC4713,ok,Foreground Masking\Azure\mean-parameter-4sets\full-batches\sep-toy\NGC4713_sep_thr2.2_area15_deb0.0005_dil5.png,469,468,0.10385514380359741,0.146272674202919,0.018353953957557678,
NGC4725,ok,Foreground Masking\Azure\mean-parameter-4sets\full-batches\sep-toy\NGC4725_sep_thr2.2_area15_deb0.0005_dil5.png,1547,1546,0.09320534512965119,0.014997167512774467,0.01380237378180027,
NGC4765,ok,Foreground Masking\Azure\mean-parameter-4sets\full-batches\sep-toy\NGC4765_sep_thr2.2_area15_deb0.0005_dil5.png,293,292,0.046603767670751965,0.05700382590293884,0.03164516016840935,
NGC4781,ok,Foreground Masking\Azure\mean-parameter-4sets\full-batches\sep-toy\NGC4781_sep_thr2.2_area15_deb0.0005_dil5.png,889,888,0.06641165639003334,0.058557845652103424,0.02566276490688324,
NGC4900,ok,Foreground Masking\Azure\mean-parameter-4sets\full-batches\sep-toy\NGC4900_sep_thr2.2_area15_deb0.0005_dil5.png,271,270,0.07330149576500271,0.09051202237606049,0.021350417286157608,
NGC4981,ok,Foreground Masking\Azure\mean-parameter-4sets\full-batches\sep-toy\NGC4981_sep_thr2.2_area15_deb0.0005_dil5.png,277,276,0.07824612403100775,0.1131630390882492,0.01927788555622101,
NGC5042,ok,Foreground Masking\Azure\mean-parameter-4sets\full-batches\sep-toy\NGC5042_sep_thr2.2_area15_deb0.0005_dil5.png,645,644,0.08514947241622943,0.10094437003135681,0.022848837077617645,
NGC5068,ok,Foreground Masking\Azure\mean-parameter-4sets\full-batches\sep-toy\NGC5068_sep_thr2.2_area15_deb0.0005_dil5.png,2634,2633,0.16476751455803693,0.11727112531661987,0.011390377767384052,
NGC5134,ok,Foreground Masking\Azure\mean-parameter-4sets\full-batches\sep-toy\NGC5134_sep_thr2.2_area15_deb0.0005_dil5.png,291,290,0.07842801776402414,0.08934304863214493,0.019321994855999947,
NGC5236,ok,Foreground Masking\Azure\mean-parameter-4sets\full-batches\sep-toy\NGC5236_sep_thr2.2_area15_deb0.0005_dil5.png,8093,8089,0.20278662127769048,0.056972064077854156,0.01422523707151413,
NGC5569,ok,Foreground Masking\Azure\mean-parameter-4sets\full-batches\sep-toy\NGC5569_sep_thr2.2_area15_deb0.0005_dil5.png,431,430,0.07113893025564656,0.05223747342824936,0.020841822028160095,
NGC5669,ok,Foreground Masking\Azure\mean-parameter-4sets\full-batches\sep-toy\NGC5669_sep_thr2.2_area15_deb0.0005_dil5.png,626,625,0.15947302615775957,0.05259830504655838,0.01400851272046566,
NGC5713,ok,Foreground Masking\Azure\mean-parameter-4sets\full-batches\sep-toy\NGC5713_sep_thr2.2_area15_deb0.0005_dil5.png,445,444,0.10336184899999208,0.043086983263492584,0.011908414773643017,
NGC6217,ok,Foreground Masking\Azure\mean-parameter-4sets\full-batches\sep-toy\NGC6217_sep_thr2.2_area15_deb0.0005_dil5.png,391,390,0.08697980300767758,-0.01883433759212494,0.020403165370225906,
NGC6237,ok,Foreground Masking\Azure\mean-parameter-4sets\full-batches\sep-toy\NGC6237_sep_thr2.2_area15_deb0.0005_dil5.png,362,360,0.07160556402814432,-0.008808714337646961,0.020168446004390717,
NGC6412,ok,Foreground Masking\Azure\mean-parameter-4sets\full-batches\sep-toy\NGC6412_sep_thr2.2_area15_deb0.0005_dil5.png,496,494,0.12770916543478214,-0.002386258216574788,0.019445551559329033,
NGC7418,ok,Foreground Masking\Azure\mean-parameter-4sets\full-batches\sep-toy\NGC7418_sep_thr2.2_area15_deb0.0005_dil5.png,1305,1304,0.06982752931768688,0.03928263112902641,0.0232091024518013,
NGC7424,ok,Foreground Masking\Azure\mean-parameter-4sets\full-batches\sep-toy\NGC7424_sep_thr2.2_area15_deb0.0005_dil5.png,1082,1081,0.08323158369002027,0.037888381630182266,0.02472180686891079,
NGC7496,ok,Foreground Masking\Azure\mean-parameter-4sets\full-batches\sep-toy\NGC7496_sep_thr2.2_area15_deb0.0005_dil5.png,426,425,0.05583079311997835,0.0552765429019928,0.019351689144968987,
NGC7513,ok,Foreground Masking\Azure\mean-parameter-4sets\full-batches\sep-toy\NGC7513_sep_thr2.2_area15_deb0.0005_dil5.png,405,404,0.05428660435396248,0.04978927969932556,0.02216634526848793,
NGC7531,ok,Foreground Masking\Azure\mean-parameter-4sets\full-batches\sep-toy\NGC7531_sep_thr2.2_area15_deb0.0005_dil5.png,1039,1038,0.07092706052180475,0.03678120672702789,0.025133701041340828,
NGC7552,ok,Foreground Masking\Azure\mean-parameter-4sets\full-batches\sep-toy\NGC7552_sep_thr2.2_area15_deb0.0005_dil5.png,369,368,0.10325255379265377,0.007283838931471109,0.012305347248911858,
NGC7582,ok,Foreground Masking\Azure\mean-parameter-4sets\full-batches\sep-toy\NGC7582_sep_thr2.2_area15_deb0.0005_dil5.png,1483,1481,0.0633686136613637,0.06305721402168274,0.02236349694430828,
NGC7764,ok,Foreground Masking\Azure\mean-parameter-4sets\full-batches\sep-toy\NGC7764_sep_thr2.2_area15_deb0.0005_dil5.png,369,368,0.04543073368877772,0.026559624820947647,0.022327065467834473,
NGC7800,ok,Foreground Masking\Azure\mean-parameter-4sets\full-batches\sep-toy\NGC7800_sep_thr2.2_area15_deb0.0005_dil5.png,308,307,0.07522361459203565,0.04403539001941681,0.016178356483578682,
PGC002492,ok,Foreground Masking\Azure\mean-parameter-4sets\full-batches\sep-toy\PGC002492_sep_thr2.2_area15_deb0.0005_dil5.png,340,339,0.0481888745148771,0.0528089664876461,0.021353518590331078,
PGC006626,ok,Foreground Masking\Azure\mean-parameter-4sets\full-batches\sep-toy\PGC006626_sep_thr2.2_area15_deb0.0005_dil5.png,241,240,0.057265651015651016,0.07842656970024109,0.019656160846352577,
PGC007654,ok,Foreground Masking\Azure\mean-parameter-4sets\full-batches\sep-toy\PGC007654_sep_thr2.2_area15_deb0.0005_dil5.png,330,329,0.07832671687042501,0.07697024196386337,0.018703099340200424,
PGC011677,ok,Foreground Masking\Azure\mean-parameter-4sets\full-batches\sep-toy\PGC011677_sep_thr2.2_area15_deb0.0005_dil5.png,352,351,0.08792898796272582,0.07940533012151718,0.01820872351527214,
PGC013821,ok,Foreground Masking\Azure\mean-parameter-4sets\full-batches\sep-toy\PGC013821_sep_thr2.2_area15_deb0.0005_dil5.png,417,416,0.11224640548740272,0.04277214780449867,0.01707237772643566,
PGC035705,ok,Foreground Masking\Azure\mean-parameter-4sets\full-batches\sep-toy\PGC035705_sep_thr2.2_area15_deb0.0005_dil5.png,413,412,0.05220379394437492,0.06444357335567474,0.020412422716617584,
PGC042160,ok,Foreground Masking\Azure\mean-parameter-4sets\full-batches\sep-toy\PGC042160_sep_thr2.2_area15_deb0.0005_dil5.png,354,352,0.046259154400384805,0.08417105674743652,0.02104678750038147,
PGC048179,ok,Foreground Masking\Azure\mean-parameter-4sets\full-batches\sep-toy\PGC048179_sep_thr2.2_area15_deb0.0005_dil5.png,283,281,0.07336206598636433,0.09126980602741241,0.020598972216248512,
PGC051523,ok,Foreground Masking\Azure\mean-parameter-4sets\full-batches\sep-toy\PGC051523_sep_thr2.2_area15_deb0.0005_dil5.png,412,411,0.060117517004513094,0.04945385456085205,0.021908355876803398,
UGC02302,ok,Foreground Masking\Azure\mean-parameter-4sets\full-batches\sep-toy\UGC02302_sep_thr2.2_area15_deb0.0005_dil5.png,1002,1000,0.08861494040177847,0.11620620638132095,0.019617047160863876,
UGC02345,ok,Foreground Masking\Azure\mean-parameter-4sets\full-batches\sep-toy\UGC02345_sep_thr2.2_area15_deb0.0005_dil5.png,262,262,0.07604304079046068,0.07619088888168335,0.0183633491396904,
UGC04393,ok,Foreground Masking\Azure\mean-parameter-4sets\full-batches\sep-toy\UGC04393_sep_thr2.2_area15_deb0.0005_dil5.png,450,448,0.17865246957766642,0.027433179318904877,0.010826664045453072,
UGC04499,ok,Foreground Masking\Azure\mean-parameter-4sets\full-batches\sep-toy\UGC04499_sep_thr2.2_area15_deb0.0005_dil5.png,322,321,0.043164749545820724,0.04091685265302658,0.022213056683540344,
UGC04988,ok,Foreground Masking\Azure\mean-parameter-4sets\full-batches\sep-toy\UGC04988_sep_thr2.2_area15_deb0.0005_dil5.png,320,319,0.04051962545522963,0.07169540226459503,0.021018026396632195,
UGC05354,ok,Foreground Masking\Azure\mean-parameter-4sets\full-batches\sep-toy\UGC05354_sep_thr2.2_area15_deb0.0005_dil5.png,294,293,0.03689223312488349,0.022450890392065048,0.021523436531424522,
UGC05393,ok,Foreground Masking\Azure\mean-parameter-4sets\full-batches\sep-toy\UGC05393_sep_thr2.2_area15_deb0.0005_dil5.png,389,388,0.047197650725158816,0.05365951731801033,0.021095560863614082,
UGC05633,ok,Foreground Masking\Azure\mean-parameter-4sets\full-batches\sep-toy\UGC05633_sep_thr2.2_area15_deb0.0005_dil5.png,264,263,0.06409657750405981,0.08753854781389236,0.018155967816710472,
UGC05832,ok,Foreground Masking\Azure\mean-parameter-4sets\full-batches\sep-toy\UGC05832_sep_thr2.2_area15_deb0.0005_dil5.png,246,245,0.06417640679599952,0.100846067070961,0.019815849140286446,
UGC06682,ok,Foreground Masking\Azure\mean-parameter-4sets\full-batches\sep-toy\UGC06682_sep_thr2.2_area15_deb0.0005_dil5.png,357,356,0.07069737056998203,0.011782265268266201,0.018726518377661705,
UGC06840,ok,Foreground Masking\Azure\mean-parameter-4sets\full-batches\sep-toy\UGC06840_sep_thr2.2_area15_deb0.0005_dil5.png,283,281,0.030606622445930317,0.052784960716962814,0.021925942972302437,
UGC06931,ok,Foreground Masking\Azure\mean-parameter-4sets\full-batches\sep-toy\UGC06931_sep_thr2.2_area15_deb0.0005_dil5.png,264,258,0.06343496817129629,0.13837672770023346,0.0269980076700449,
UGC06983,ok,Foreground Masking\Azure\mean-parameter-4sets\full-batches\sep-toy\UGC06983_sep_thr2.2_area15_deb0.0005_dil5.png,388,386,0.04421974439988079,0.0428449921309948,0.02205759659409523,
UGC07129,ok,Foreground Masking\Azure\mean-parameter-4sets\full-batches\sep-toy\UGC07129_sep_thr2.2_area15_deb0.0005_dil5.png,341,340,0.039336152009379566,0.04230427369475365,0.020282305777072906,
UGC07257,ok,Foreground Masking\Azure\mean-parameter-4sets\full-batches\sep-toy\UGC07257_sep_thr2.2_area15_deb0.0005_dil5.png,230,229,0.04449046012634504,0.023233503103256226,0.020558280870318413,
UGC07612,ok,Foreground Masking\Azure\mean-parameter-4sets\full-batches\sep-toy\UGC07612_sep_thr2.2_area15_deb0.0005_dil5.png,348,347,0.0441121435023874,0.062165766954422,0.02031029388308525,
UGC07911,ok,Foreground Masking\Azure\mean-parameter-4sets\full-batches\sep-toy\UGC07911_sep_thr2.2_area15_deb0.0005_dil5.png,265,262,0.06620692874062147,0.11776174604892731,0.01840049773454666,
UGC08385,ok,Foreground Masking\Azure\mean-parameter-4sets\full-batches\sep-toy\UGC08385_sep_thr2.2_area15_deb0.0005_dil5.png,326,325,0.041706407860854694,0.07507245242595673,0.021469920873641968,
UGC08489,ok,Foreground Masking\Azure\mean-parameter-4sets\full-batches\sep-toy\UGC08489_sep_thr2.2_area15_deb0.0005_dil5.png,407,405,0.04395136884531509,0.024564340710639954,0.01917637512087822,
UGC08507,ok,Foreground Masking\Azure\mean-parameter-4sets\full-batches\sep-toy\UGC08507_sep_thr2.2_area15_deb0.0005_dil5.png,309,309,0.0651861673904204,0.19029992818832397,0.024662436917424202,
UGC08851,ok,Foreground Masking\Azure\mean-parameter-4sets\full-batches\sep-toy\UGC08851_sep_thr2.2_area15_deb0.0005_dil5.png,284,282,0.05361132493475771,0.005215252283960581,0.019823655486106873,
UGC09245,ok,Foreground Masking\Azure\mean-parameter-4sets\full-batches\sep-toy\UGC09245_sep_thr2.2_area15_deb0.0005_dil5.png,411,410,0.08660506301775604,0.012020504102110863,0.019059937447309494,
UGC09661,ok,Foreground Masking\Azure\mean-parameter-4sets\full-batches\sep-toy\UGC09661_sep_thr2.2_area15_deb0.0005_dil5.png,307,306,0.07338177589782338,0.08326974511146545,0.02027846686542034,
UGC12151,ok,Foreground Masking\Azure\mean-parameter-4sets\full-batches\sep-toy\UGC12151_sep_thr2.2_area15_deb0.0005_dil5.png,407,406,0.054770874644907985,0.09923481941223145,0.021691806614398956,
