rank,name,status,pollution_score,source_score,source_count,contaminated_pixels,coverage_fraction,residual_sigma,aperture_radius_pixels,center_radius_pixels,rejected_large_segments,image_path,error
1,NGC0298,ok,0.0,0.0,0,0,0.0,0.06557707993049515,19.600000381469727,3.0,2,/mnt/d/Dropbox/Public Documents/UCLAN/MSc Research/Erwin/s4g_images_36um/NGC0298.phot.1.fits,
2,NGC1347,ok,0.0,0.0,0,0,0.0,0.02943972142424746,30.799999237060547,3.59333324432373,0,/mnt/d/Dropbox/Public Documents/UCLAN/MSc Research/Erwin/s4g_images_36um/NGC1347.phot.1.fits,
3,NGC4405,ok,0.0,0.0,0,0,0.0,0.09510621606114818,21.090777440879684,3.0,2,/mnt/d/Dropbox/Public Documents/UCLAN/MSc Research/Erwin/s4g_images_36um/NGC4405.phot.1.fits,
4,NGC4765,ok,0.0,0.0,0,0,0.0,0.09118672175792929,21.581260147661673,3.0,2,/mnt/d/Dropbox/Public Documents/UCLAN/MSc Research/Erwin/s4g_images_36um/NGC4765.phot.1.fits,
5,NGC5669,ok,0.0,0.0,0,0,0.0,0.05245761175006376,23.788433497583625,3.0,2,/mnt/d/Dropbox/Public Documents/UCLAN/MSc Research/Erwin/s4g_images_36um/NGC5669.phot.1.fits,
6,NGC3486,ok,0.13935252000626128,0.05437631334412668,1,15,0.003399048266485384,0.1141189999616775,37.7672035043034,4.40617374216873,0,/mnt/d/Dropbox/Public Documents/UCLAN/MSc Research/Erwin/s4g_images_36um/NGC3486.phot.1.fits,
7,NGC4369,ok,0.4049221234850162,0.1727792663421591,1,13,0.009285714285714286,0.22268187071629414,21.336017624867665,3.0,1,/mnt/d/Dropbox/Public Documents/UCLAN/MSc Research/Erwin/s4g_images_36um/NGC4369.phot.1.fits,
8,NGC3681,ok,0.5508805573523164,0.20534051745490978,4,97,0.013821601595896267,0.0267297099079511,47.599998474121094,5.553333155314127,0,/mnt/d/Dropbox/Public Documents/UCLAN/MSc Research/Erwin/s4g_images_36um/NGC3681.phot.1.fits,
9,PGC013821,ok,0.5723671768708818,0.10398310192942983,1,48,0.01873536299765808,0.06640400139793111,28.799999237060547,3.359999910990397,1,/mnt/d/Dropbox/Public Documents/UCLAN/MSc Research/Erwin/s4g_images_36um/PGC013821.phot.1.fits,
10,UGC08851,ok,1.4307084643870076,1.3441802428747605,1,13,0.003461128860489883,0.012309468288017388,34.79999923706055,4.059999910990397,0,/mnt/d/Dropbox/Public Documents/UCLAN/MSc Research/Erwin/s4g_images_36um/UGC08851.phot.1.fits,
11,NGC4625,ok,1.4736648951911469,0.8290976760382922,2,28,0.02578268876611418,0.11363771228610513,18.8836017521517,3.0,0,/mnt/d/Dropbox/Public Documents/UCLAN/MSc Research/Erwin/s4g_images_36um/NGC4625.phot.1.fits,
12,NGC4713,ok,1.729164500040727,1.3980386722261573,3,32,0.013245033112582781,0.10215427916245662,27.957540013439555,3.2617130015679483,0,/mnt/d/Dropbox/Public Documents/UCLAN/MSc Research/Erwin/s4g_images_36um/NGC4713.phot.1.fits,
13,UGC09661,ok,1.7747259716997026,1.3022354215107064,4,90,0.01889962200755985,0.017133883126535857,39.20000076293945,4.5733334223429365,0,/mnt/d/Dropbox/Public Documents/UCLAN/MSc Research/Erwin/s4g_images_36um/UGC09661.phot.1.fits,
14,NGC3344,ok,1.8100590481899703,1.70283371001775,2,52,0.004289013526888816,0.060121027244858315,62.53660475425703,7.295937221329986,0,/mnt/d/Dropbox/Public Documents/UCLAN/MSc Research/Erwin/s4g_images_36um/NGC3344.phot.1.fits,
15,IC0797,ok,1.8511390372372358,1.3794409240296885,2,41,0.018867924528301886,0.05153464539992428,26.486091893093594,3.0900440541942524,0,/mnt/d/Dropbox/Public Documents/UCLAN/MSc Research/Erwin/s4g_images_36um/IC0797.phot.1.fits,
16,IC4901,ok,1.9094084575303274,1.2931603380997059,8,213,0.024649924777224858,0.035019848517204466,52.79999923706055,6.159999910990396,0,/mnt/d/Dropbox/Public Documents/UCLAN/MSc Research/Erwin/s4g_images_36um/IC4901.phot.1.fits,
17,ESO420-009,ok,1.9469689190399349,1.064940253108292,2,32,0.03528114663726571,0.027615069763864474,17.200000762939453,3.0,0,/mnt/d/Dropbox/Public Documents/UCLAN/MSc Research/Erwin/s4g_images_36um/ESO420-009.phot.1.fits,
18,UGC07129,ok,2.1828799251147375,1.6266806203638686,5,192,0.022247972190034764,0.013639286711292711,52.79999923706055,6.159999910990396,0,/mnt/d/Dropbox/Public Documents/UCLAN/MSc Research/Erwin/s4g_images_36um/UGC07129.phot.1.fits,
19,NGC1436,ok,2.201040413738217,1.9026251019456668,4,58,0.011936612471701996,0.03525660501071546,39.599998474121094,4.619999821980794,0,/mnt/d/Dropbox/Public Documents/UCLAN/MSc Research/Erwin/s4g_images_36um/NGC1436.phot.1.fits,
20,IC1954,ok,2.261246528844161,1.716287400778766,5,80,0.021798365122615803,0.11345666302907699,34.400001525878906,4.013333511352539,0,/mnt/d/Dropbox/Public Documents/UCLAN/MSc Research/Erwin/s4g_images_36um/IC1954.phot.1.fits,
21,IC2007,ok,2.3185689274578203,1.3769559338985933,8,269,0.03766451974236908,0.020462508487168497,48.0,5.6,0,/mnt/d/Dropbox/Public Documents/UCLAN/MSc Research/Erwin/s4g_images_36um/IC2007.phot.1.fits,
22,IC3521,ok,2.349271172563462,1.4988145515588958,4,149,0.034018264840182645,0.030157789109352587,37.599998474121094,4.38666648864746,1,/mnt/d/Dropbox/Public Documents/UCLAN/MSc Research/Erwin/s4g_images_36um/IC3521.phot.1.fits,
23,NGC4559,ok,2.409709289665649,1.7995397981402255,4,72,0.02440677966101695,0.10464866759957123,30.900440931743535,3.6050514420367454,0,/mnt/d/Dropbox/Public Documents/UCLAN/MSc Research/Erwin/s4g_images_36um/NGC4559.phot.1.fits,
24,NGC1800,ok,2.516314473304431,1.2383935111051185,6,238,0.05111683848797251,0.021639336908112355,38.7481712566734,4.52061997994523,1,/mnt/d/Dropbox/Public Documents/UCLAN/MSc Research/Erwin/s4g_images_36um/NGC1800.phot.1.fits,
25,NGC4639,ok,2.5683884101647765,1.5552897609629752,13,495,0.040523945968072045,0.021459068488330266,62.781847277051035,7.324548848989287,0,/mnt/d/Dropbox/Public Documents/UCLAN/MSc Research/Erwin/s4g_images_36um/NGC4639.phot.1.fits,
26,NGC6412,ok,3.058129728899095,2.7613260759310583,4,52,0.011872146118721462,0.049588098683070736,37.599998474121094,4.38666648864746,0,/mnt/d/Dropbox/Public Documents/UCLAN/MSc Research/Erwin/s4g_images_36um/NGC6412.phot.1.fits,
27,NGC0918,ok,3.2739845525200253,2.8178701540979345,2,37,0.01824457593688363,0.10843673948010422,25.600000381469727,3.0,0,/mnt/d/Dropbox/Public Documents/UCLAN/MSc Research/Erwin/s4g_images_36um/NGC0918.phot.1.fits,
28,IC0600,ok,3.405125154407946,2.6385898937859573,5,140,0.030661410424879545,0.017449683718291295,38.400001525878906,4.480000178019206,0,/mnt/d/Dropbox/Public Documents/UCLAN/MSc Research/Erwin/s4g_images_36um/IC0600.phot.1.fits,
29,ESO079-005,ok,3.5803198994343552,3.1226492566245474,10,221,0.018306825712392314,0.013811270303809091,62.400001525878906,7.280000178019205,0,/mnt/d/Dropbox/Public Documents/UCLAN/MSc Research/Erwin/s4g_images_36um/ESO079-005.phot.1.fits,
30,NGC3684,ok,3.654667862842931,2.7694057461268087,8,179,0.03541048466864491,0.06735715722041725,40.400001525878906,4.7133335113525385,0,/mnt/d/Dropbox/Public Documents/UCLAN/MSc Research/Erwin/s4g_images_36um/NGC3684.phot.1.fits,
31,NGC1022,ok,3.667386704266506,3.383295795175597,7,161,0.011363636363636364,0.020688148289828127,67.5999984741211,7.88666648864746,0,/mnt/d/Dropbox/Public Documents/UCLAN/MSc Research/Erwin/s4g_images_36um/NGC1022.phot.1.fits,
32,NGC4102,ok,3.703049746210093,3.1370368463812133,8,172,0.022640515993155193,0.07536894149176007,49.599998474121094,5.786666488647461,0,/mnt/d/Dropbox/Public Documents/UCLAN/MSc Research/Erwin/s4g_images_36um/NGC4102.phot.1.fits,
33,IC3115,ok,3.949924770930693,3.599784714908284,7,95,0.014005602240896359,0.017608600486994953,46.79999923706055,5.459999910990397,0,/mnt/d/Dropbox/Public Documents/UCLAN/MSc Research/Erwin/s4g_images_36um/IC3115.phot.1.fits,
34,NGC4450,ok,3.9563394394011904,3.6037329832646243,20,523,0.014104258245462636,0.017649682318453104,109.37774418104226,12.760736821121597,0,/mnt/d/Dropbox/Public Documents/UCLAN/MSc Research/Erwin/s4g_images_36um/NGC4450.phot.1.fits,
35,NGC3729,ok,3.995616760842526,3.2398607782464417,18,667,0.030230239303843366,0.02603820743957567,84.4000015258789,9.846666844685872,0,/mnt/d/Dropbox/Public Documents/UCLAN/MSc Research/Erwin/s4g_images_36um/NGC3729.phot.1.fits,
36,PGC006626,ok,4.051719628620835,3.9618354116799455,3,59,0.003595368677635588,0.013129674273154281,72.80000305175781,8.493333689371743,0,/mnt/d/Dropbox/Public Documents/UCLAN/MSc Research/Erwin/s4g_images_36um/PGC006626.phot.1.fits,
37,UGC06931,ok,4.1215317027496425,3.921752149153611,4,58,0.007991182143841279,0.013298223218909251,48.400001525878906,5.646666844685872,0,/mnt/d/Dropbox/Public Documents/UCLAN/MSc Research/Erwin/s4g_images_36um/UGC06931.phot.1.fits,
38,NGC4133,ok,4.179145289734479,3.4989778639065827,7,221,0.027206697033115845,0.0281183865794913,51.20000076293945,5.973333422342935,0,/mnt/d/Dropbox/Public Documents/UCLAN/MSc Research/Erwin/s4g_images_36um/NGC4133.phot.1.fits,
39,UGC07257,ok,4.291539843972097,3.587010106766011,6,163,0.02818118948824343,0.016878721926438973,43.20000076293945,5.040000089009602,0,/mnt/d/Dropbox/Public Documents/UCLAN/MSc Research/Erwin/s4g_images_36um/UGC07257.phot.1.fits,
40,ESO298-023,ok,4.402721215743217,4.214549172732464,4,42,0.007526881720430108,0.013649022421712922,42.400001525878906,4.946666844685872,0,/mnt/d/Dropbox/Public Documents/UCLAN/MSc Research/Erwin/s4g_images_36um/ESO298-023.phot.1.fits,
41,NGC3850,ok,4.478877997666522,4.149141786635346,7,198,0.013189448441247002,0.012447697022024104,69.5999984741211,8.119999821980795,0,/mnt/d/Dropbox/Public Documents/UCLAN/MSc Research/Erwin/s4g_images_36um/NGC3850.phot.1.fits,
42,NGC4487,ok,4.797332180426062,4.200247813180404,7,154,0.023883374689826303,0.03433541676691856,45.599998474121094,5.319999821980794,0,/mnt/d/Dropbox/Public Documents/UCLAN/MSc Research/Erwin/s4g_images_36um/NGC4487.phot.1.fits,
43,NGC1341,ok,4.946149109988603,2.9218747932342315,14,477,0.08097097267017485,0.027126563539279443,43.599998474121094,5.08666648864746,0,/mnt/d/Dropbox/Public Documents/UCLAN/MSc Research/Erwin/s4g_images_36um/NGC1341.phot.1.fits,
44,IC1014,ok,5.073009449950693,4.6133079574133795,7,154,0.018388059701492536,0.01697649749674925,52.0,6.0666666666666655,0,/mnt/d/Dropbox/Public Documents/UCLAN/MSc Research/Erwin/s4g_images_36um/IC1014.phot.1.fits,
45,NGC5713,ok,5.227242214985406,3.634972209541748,13,351,0.06369080021774633,0.10821038954763879,42.18155488175937,4.921181402871926,0,/mnt/d/Dropbox/Public Documents/UCLAN/MSc Research/Erwin/s4g_images_36um/NGC5713.phot.1.fits,
46,NGC4424,ok,5.259645857303694,4.695036127155711,20,467,0.022584389205919334,0.010784712722914357,81.6654466903967,9.527635447212948,0,/mnt/d/Dropbox/Public Documents/UCLAN/MSc Research/Erwin/s4g_images_36um/NGC4424.phot.1.fits,
47,NGC4540,ok,5.539251058350446,4.7901124907895305,19,487,0.029965542702436624,0.018666179859356362,72.4000015258789,8.446666844685872,0,/mnt/d/Dropbox/Public Documents/UCLAN/MSc Research/Erwin/s4g_images_36um/NGC4540.phot.1.fits,
48,NGC1559,ok,5.589918505329434,4.789021500684232,7,200,0.03203588018580811,0.1845617565024183,44.87920859965728,5.2359076699600156,0,/mnt/d/Dropbox/Public Documents/UCLAN/MSc Research/Erwin/s4g_images_36um/NGC1559.phot.1.fits,
49,NGC0701,ok,5.600846963918701,3.8099194992881147,16,638,0.07163709858522345,0.028438783346109598,53.599998474121094,6.2533331553141265,0,/mnt/d/Dropbox/Public Documents/UCLAN/MSc Research/Erwin/s4g_images_36um/NGC0701.phot.1.fits,
50,NGC4579,ok,5.64370069992133,5.19897903573884,19,549,0.017788866567299593,0.03207523774035489,99.81332789058449,11.644888253901524,0,/mnt/d/Dropbox/Public Documents/UCLAN/MSc Research/Erwin/s4g_images_36um/NGC4579.phot.1.fits,
51,NGC0255,ok,5.649102949982664,4.915988404143155,11,277,0.029324581833580353,0.02553900355087587,55.20000076293945,6.440000089009603,0,/mnt/d/Dropbox/Public Documents/UCLAN/MSc Research/Erwin/s4g_images_36um/NGC0255.phot.1.fits,
52,NGC1051,ok,5.689122285873698,5.304452607725759,8,218,0.01538678712591756,0.01554073579712767,67.5999984741211,7.88666648864746,0,/mnt/d/Dropbox/Public Documents/UCLAN/MSc Research/Erwin/s4g_images_36um/NGC1051.phot.1.fits,
53,NGC3264,ok,5.769701323525723,5.450603765915678,9,185,0.012763902304401822,0.014231231603669348,68.4000015258789,7.980000178019205,0,/mnt/d/Dropbox/Public Documents/UCLAN/MSc Research/Erwin/s4g_images_36um/NGC3264.phot.1.fits,
54,UGC02302,ok,6.006300839601334,5.597309080027897,5,135,0.01635967038293747,0.014188783509688023,51.599998474121094,6.019999821980794,0,/mnt/d/Dropbox/Public Documents/UCLAN/MSc Research/Erwin/s4g_images_36um/UGC02302.phot.1.fits,
55,NGC4294,ok,6.069262745712382,4.430563217657846,9,250,0.06554798112218144,0.05144676705150916,35.06954744759946,4.091447202219937,0,/mnt/d/Dropbox/Public Documents/UCLAN/MSc Research/Erwin/s4g_images_36um/NGC4294.phot.1.fits,
56,NGC4525,ok,6.386370148610079,5.875289929458881,12,250,0.02044320876604792,0.015822808256083478,62.79999923706055,7.326666577657064,0,/mnt/d/Dropbox/Public Documents/UCLAN/MSc Research/Erwin/s4g_images_36um/NGC4525.phot.1.fits,
57,IC1953,ok,6.511432127745851,5.9747348800394295,8,117,0.02146788990825688,0.04443321892308515,41.93631235896536,4.892569775212626,0,/mnt/d/Dropbox/Public Documents/UCLAN/MSc Research/Erwin/s4g_images_36um/IC1953.phot.1.fits,
58,NGC1326A,ok,6.750429562194615,6.572694871614553,6,88,0.007109387623202456,0.012071622338860024,63.20000076293945,7.373333422342935,0,/mnt/d/Dropbox/Public Documents/UCLAN/MSc Research/Erwin/s4g_images_36um/NGC1326A.phot.1.fits,
59,UGC04988,ok,6.987288425171134,6.7350751247799465,4,49,0.010088532015647519,0.013356045397943314,39.599998474121094,4.619999821980794,0,/mnt/d/Dropbox/Public Documents/UCLAN/MSc Research/Erwin/s4g_images_36um/UGC04988.phot.1.fits,
60,NGC4618,ok,7.087180643658925,6.419619636887493,11,209,0.02670244027085729,0.04316989872415718,50.274525390677226,5.865361295579009,0,/mnt/d/Dropbox/Public Documents/UCLAN/MSc Research/Erwin/s4g_images_36um/NGC4618.phot.1.fits,
61,NGC3447,ok,7.382679031586729,7.013494945275198,9,219,0.014767363452461227,0.015254441841771453,69.19999694824219,8.073332977294921,0,/mnt/d/Dropbox/Public Documents/UCLAN/MSc Research/Erwin/s4g_images_36um/NGC3447.phot.1.fits,
62,NGC4145,ok,7.507981923005162,7.008479352950445,13,241,0.01998010280218869,0.021057260260675188,62.400001525878906,7.280000178019205,0,/mnt/d/Dropbox/Public Documents/UCLAN/MSc Research/Erwin/s4g_images_36um/NGC4145.phot.1.fits,
63,ESO054-021,ok,7.567858929123049,6.701059228449564,9,139,0.03467198802693939,0.024655100392780255,36.0,4.199999999999999,0,/mnt/d/Dropbox/Public Documents/UCLAN/MSc Research/Erwin/s4g_images_36um/ESO054-021.phot.1.fits,
64,NGC4781,ok,7.746013393082626,6.499594181770381,29,818,0.04985676845248979,0.0375996958826737,72.80000305175781,8.493333689371743,0,/mnt/d/Dropbox/Public Documents/UCLAN/MSc Research/Erwin/s4g_images_36um/NGC4781.phot.1.fits,
65,NGC2681,ok,7.998424113680109,7.862237343252093,4,70,0.005447470817120622,0.03648306548699994,64.4000015258789,7.513333511352538,0,/mnt/d/Dropbox/Public Documents/UCLAN/MSc Research/Erwin/s4g_images_36um/NGC2681.phot.1.fits,
66,NGC5068,ok,8.639467775504428,8.292597317855659,17,315,0.013874818305950755,0.039395516247563316,85.58931769987672,9.98542039831895,0,/mnt/d/Dropbox/Public Documents/UCLAN/MSc Research/Erwin/s4g_images_36um/NGC5068.phot.1.fits,
67,PGC007654,ok,8.682135061317755,8.499569145413382,6,95,0.007302636636174956,0.011950683346452353,64.80000305175781,7.560000356038412,0,/mnt/d/Dropbox/Public Documents/UCLAN/MSc Research/Erwin/s4g_images_36um/PGC007654.phot.1.fits,
68,ESO358-020,ok,8.725944005347321,8.388782093528128,9,182,0.013486476472767692,0.012573765162414936,66.0,7.699999999999999,0,/mnt/d/Dropbox/Public Documents/UCLAN/MSc Research/Erwin/s4g_images_36um/ESO358-020.phot.1.fits,
69,NGC1367,ok,8.827201989312936,8.568161838089496,15,296,0.010361606048937586,0.01650690298565455,96.0,11.2,0,/mnt/d/Dropbox/Public Documents/UCLAN/MSc Research/Erwin/s4g_images_36um/NGC1367.phot.1.fits,
70,UGC12151,ok,8.837971076594288,8.597684085935022,6,71,0.00961147962637065,0.013256838958032213,48.79999923706055,5.69333324432373,0,/mnt/d/Dropbox/Public Documents/UCLAN/MSc Research/Erwin/s4g_images_36um/UGC12151.phot.1.fits,
71,PGC042160,ok,9.113378676245333,8.444866018017484,10,169,0.026740506329113924,0.015012200808643274,45.20000076293945,5.273333422342936,0,/mnt/d/Dropbox/Public Documents/UCLAN/MSc Research/Erwin/s4g_images_36um/PGC042160.phot.1.fits,
72,ESO359-031,ok,9.333594064151706,9.05996505947721,7,96,0.01094516018697982,0.013361668456539445,53.20000076293945,6.206666755676269,0,/mnt/d/Dropbox/Public Documents/UCLAN/MSc Research/Erwin/s4g_images_36um/ESO359-031.phot.1.fits,
73,UGC05832,ok,9.349816712578626,8.81809520739775,11,234,0.02126886020723505,0.015915435283568348,59.599998474121094,6.953333155314127,0,/mnt/d/Dropbox/Public Documents/UCLAN/MSc Research/Erwin/s4g_images_36um/UGC05832.phot.1.fits,
74,ESO236-039,ok,9.397965062093785,8.898267908853326,7,99,0.019987886129618413,0.015555283734029089,40.0,4.666666666666667,0,/mnt/d/Dropbox/Public Documents/UCLAN/MSc Research/Erwin/s4g_images_36um/ESO236-039.phot.1.fits,
75,NGC4668,ok,9.691907933055239,8.888218355722008,16,413,0.032147583093329185,0.015593828303862039,64.4000015258789,7.513333511352538,0,/mnt/d/Dropbox/Public Documents/UCLAN/MSc Research/Erwin/s4g_images_36um/NGC4668.phot.1.fits,
76,NGC4532,ok,9.707191235967066,8.178632409194545,23,1109,0.06114235307090087,0.011955662408868141,76.51537709978284,8.926793994974664,0,/mnt/d/Dropbox/Public Documents/UCLAN/MSc Research/Erwin/s4g_images_36um/NGC4532.phot.1.fits,
77,PGC011677,ok,9.830294693176329,9.704178393496733,6,74,0.005044651987183857,0.012435432993509625,68.80000305175781,8.026667022705078,0,/mnt/d/Dropbox/Public Documents/UCLAN/MSc Research/Erwin/s4g_images_36um/PGC011677.phot.1.fits,
78,NGC4900,ok,9.887563129209276,9.288396751994966,12,207,0.02396665508857242,0.07402454644740591,52.79999923706055,6.159999910990396,0,/mnt/d/Dropbox/Public Documents/UCLAN/MSc Research/Erwin/s4g_images_36um/NGC4900.phot.1.fits,
79,NGC0991,ok,10.183783396688273,9.883545999676683,11,172,0.012009495880463622,0.019799758386293678,68.0,7.933333333333334,0,/mnt/d/Dropbox/Public Documents/UCLAN/MSc Research/Erwin/s4g_images_36um/NGC0991.phot.1.fits,
80,NGC4654,ok,10.324236670243248,9.044549878034616,36,791,0.0511874716883453,0.057063445652490136,70.62957526317489,8.24011711403707,0,/mnt/d/Dropbox/Public Documents/UCLAN/MSc Research/Erwin/s4g_images_36um/NGC4654.phot.1.fits,
81,NGC2500,ok,10.472610180465777,10.001555265379624,7,152,0.01884219660344614,0.03003099374619379,51.01024828144719,5.951195632835505,0,/mnt/d/Dropbox/Public Documents/UCLAN/MSc Research/Erwin/s4g_images_36um/NGC2500.phot.1.fits,
82,NGC7764,ok,10.5609973638506,8.948954680923771,13,423,0.06448170731707317,0.0343012541563622,46.0,5.366666666666666,0,/mnt/d/Dropbox/Public Documents/UCLAN/MSc Research/Erwin/s4g_images_36um/NGC7764.phot.1.fits,
83,IC5273,ok,10.572103768270898,9.876480664840358,22,541,0.027824924137221624,0.027717406014540598,79.19999694824219,9.239999643961587,0,/mnt/d/Dropbox/Public Documents/UCLAN/MSc Research/Erwin/s4g_images_36um/IC5273.phot.1.fits,
84,NGC3953,ok,10.704170511446693,10.218417297774517,13,328,0.019430128546887034,0.06660169008772641,73.81771870427286,8.612067182165168,0,/mnt/d/Dropbox/Public Documents/UCLAN/MSc Research/Erwin/s4g_images_36um/NGC3953.phot.1.fits,
85,NGC3380,ok,10.73839633903221,10.142565598521943,13,383,0.023833229620410703,0.015376289759484772,72.0,8.399999999999999,0,/mnt/d/Dropbox/Public Documents/UCLAN/MSc Research/Erwin/s4g_images_36um/NGC3380.phot.1.fits,
86,NGC0289,ok,10.890148866164544,9.514205162184677,29,1181,0.055037748159194703,0.024480636918770268,83.19999694824219,9.706666310628256,0,/mnt/d/Dropbox/Public Documents/UCLAN/MSc Research/Erwin/s4g_images_36um/NGC0289.phot.1.fits,
87,IC1933,ok,10.955921148722295,10.138175345364981,16,341,0.032709832134292564,0.02417247814331354,58.0,6.766666666666666,0,/mnt/d/Dropbox/Public Documents/UCLAN/MSc Research/Erwin/s4g_images_36um/IC1933.phot.1.fits,
88,ESO202-041,ok,11.229350935125604,11.091448432195175,6,80,0.005516100117217128,0.01169189018081654,68.4000015258789,7.980000178019205,0,/mnt/d/Dropbox/Public Documents/UCLAN/MSc Research/Erwin/s4g_images_36um/ESO202-041.phot.1.fits,
89,PGC002492,ok,11.274380212522084,11.013111582932844,9,115,0.010450745183569612,0.01322963577053746,59.599998474121094,6.953333155314127,0,/mnt/d/Dropbox/Public Documents/UCLAN/MSc Research/Erwin/s4g_images_36um/PGC002492.phot.1.fits,
90,PGC035705,ok,11.555641098030835,11.23464411917887,10,153,0.01283987915407855,0.012995893551526654,62.0,7.233333333333333,0,/mnt/d/Dropbox/Public Documents/UCLAN/MSc Research/Erwin/s4g_images_36um/PGC035705.phot.1.fits,
91,ESO013-016,ok,11.66699328295301,11.153294652816024,14,264,0.02054794520547945,0.01794568187149671,64.4000015258789,7.513333511352538,0,/mnt/d/Dropbox/Public Documents/UCLAN/MSc Research/Erwin/s4g_images_36um/ESO013-016.phot.1.fits,
92,NGC4498,ok,11.721235143318737,10.341784205563911,28,812,0.055178037510192984,0.013057429056465062,68.91288695884094,8.039836811864776,0,/mnt/d/Dropbox/Public Documents/UCLAN/MSc Research/Erwin/s4g_images_36um/NGC4498.phot.1.fits,
93,UGC05354,ok,12.271178844090333,11.648449212538697,10,336,0.024909185262065387,0.013264245166328731,66.0,7.699999999999999,0,/mnt/d/Dropbox/Public Documents/UCLAN/MSc Research/Erwin/s4g_images_36um/UGC05354.phot.1.fits,
94,IC3517,ok,12.857120048693142,12.68282810969532,10,112,0.006971677559912854,0.01212305372719736,72.0,8.399999999999999,0,/mnt/d/Dropbox/Public Documents/UCLAN/MSc Research/Erwin/s4g_images_36um/IC3517.phot.1.fits,
95,NGC4981,ok,12.899040977849864,12.113161413540366,27,557,0.031435182572379934,0.036012638012321116,75.5999984741211,8.819999821980794,0,/mnt/d/Dropbox/Public Documents/UCLAN/MSc Research/Erwin/s4g_images_36um/NGC4981.phot.1.fits,
96,NGC4064,ok,13.277391750849326,12.385307912290518,16,824,0.03568335354235233,0.009067063425931455,86.3250405906467,10.071254735575447,0,/mnt/d/Dropbox/Public Documents/UCLAN/MSc Research/Erwin/s4g_images_36um/NGC4064.phot.1.fits,
97,NGC4457,ok,13.510104271521218,13.029213677286856,13,381,0.019235623769374464,0.011486689779088264,79.94875370845071,9.32735459931925,0,/mnt/d/Dropbox/Public Documents/UCLAN/MSc Research/Erwin/s4g_images_36um/NGC4457.phot.1.fits,
98,NGC4020,ok,13.63021304199644,12.44991445835474,27,740,0.04721194334566799,0.014409886930093985,71.1200603087629,8.297340369355672,0,/mnt/d/Dropbox/Public Documents/UCLAN/MSc Research/Erwin/s4g_images_36um/NGC4020.phot.1.fits,
99,NGC0685,ok,13.722422635804003,13.279291173470178,21,348,0.01772525849335303,0.021111145733517217,79.5999984741211,9.28666648864746,0,/mnt/d/Dropbox/Public Documents/UCLAN/MSc Research/Erwin/s4g_images_36um/NGC0685.phot.1.fits,
100,UGC09245,ok,14.77138958472237,14.42186892733821,14,245,0.013980826295366355,0.012349278737349275,75.19999694824219,8.77333297729492,0,/mnt/d/Dropbox/Public Documents/UCLAN/MSc Research/Erwin/s4g_images_36um/UGC09245.phot.1.fits,
101,NGC0600,ok,14.788896709465982,14.419468124329486,18,308,0.014777143405459867,0.016032421783760936,82.0,9.566666666666666,0,/mnt/d/Dropbox/Public Documents/UCLAN/MSc Research/Erwin/s4g_images_36um/NGC0600.phot.1.fits,
102,NGC4496A,ok,15.412360865708752,14.764857677246082,13,264,0.025900127538506817,0.027510369013883706,57.38653048603109,6.695095223370294,0,/mnt/d/Dropbox/Public Documents/UCLAN/MSc Research/Erwin/s4g_images_36um/NGC4496A.phot.1.fits,
103,NGC5569,ok,15.58745010293578,15.247139798486131,11,186,0.013612412177985948,0.013482471837385247,66.4000015258789,7.746666844685873,0,/mnt/d/Dropbox/Public Documents/UCLAN/MSc Research/Erwin/s4g_images_36um/NGC5569.phot.1.fits,
104,PGC051523,ok,15.791162209679687,15.227909197631494,14,374,0.02253012048192771,0.012861350482614362,73.19999694824219,8.539999643961588,0,/mnt/d/Dropbox/Public Documents/UCLAN/MSc Research/Erwin/s4g_images_36um/PGC051523.phot.1.fits,
105,ESO443-085,ok,16.865659607052706,16.426110021908496,18,267,0.01758198340576847,0.01445838311783423,70.0,8.166666666666666,0,/mnt/d/Dropbox/Public Documents/UCLAN/MSc Research/Erwin/s4g_images_36um/ESO443-085.phot.1.fits,
106,NGC3485,ok,16.960517435571962,16.07750512830198,36,772,0.03532049229079929,0.018646032804132993,84.0,9.799999999999999,0,/mnt/d/Dropbox/Public Documents/UCLAN/MSc Research/Erwin/s4g_images_36um/NGC3485.phot.1.fits,
107,UGC04499,ok,17.794985596082476,17.589993434018083,14,204,0.008199686482575666,0.012457638563420205,89.5999984741211,10.453333155314127,0,/mnt/d/Dropbox/Public Documents/UCLAN/MSc Research/Erwin/s4g_images_36um/UGC04499.phot.1.fits,
108,NGC1640,ok,18.17287507144863,17.612907335517626,27,722,0.02239870943724018,0.015878151520563558,102.0,11.899999999999999,0,/mnt/d/Dropbox/Public Documents/UCLAN/MSc Research/Erwin/s4g_images_36um/NGC1640.phot.1.fits,
109,NGC3504,ok,18.720920249272016,17.677872600515876,35,1070,0.04172190595024565,0.013720340311245435,90.98462513567253,10.614872932495128,0,/mnt/d/Dropbox/Public Documents/UCLAN/MSc Research/Erwin/s4g_images_36um/NGC3504.phot.1.fits,
110,NGC5042,ok,18.8972840815482,18.387928572192692,21,392,0.020374220374220375,0.024161808970185206,78.80000305175781,9.193333689371745,0,/mnt/d/Dropbox/Public Documents/UCLAN/MSc Research/Erwin/s4g_images_36um/NGC5042.phot.1.fits,
111,NGC0578,ok,19.41756613522864,18.28690468198654,30,694,0.045226458129683934,0.033824541299711144,70.4000015258789,8.21333351135254,0,/mnt/d/Dropbox/Public Documents/UCLAN/MSc Research/Erwin/s4g_images_36um/NGC0578.phot.1.fits,
112,NGC3627,ok,19.902446388762083,18.39796183825156,137,4945,0.06017938202042083,0.025953768577177044,162.84041769042955,18.99804873055011,0,/mnt/d/Dropbox/Public Documents/UCLAN/MSc Research/Erwin/s4g_images_36um/NGC3627.phot.1.fits,
113,ESO085-047,ok,19.983032038630938,19.58934937908586,13,171,0.015747306381803113,0.013764335906759224,59.20000076293945,6.9066667556762695,0,/mnt/d/Dropbox/Public Documents/UCLAN/MSc Research/Erwin/s4g_images_36um/ESO085-047.phot.1.fits,
114,NGC4449,ok,20.18519400503687,19.48989162759992,46,923,0.027812095097477927,0.05581519366967385,103.49195169965843,12.074061031626815,0,/mnt/d/Dropbox/Public Documents/UCLAN/MSc Research/Erwin/s4g_images_36um/NGC4449.phot.1.fits,
115,NGC4214,ok,20.79746259415503,20.091176543041392,35,671,0.028251442044545494,0.04617517205052116,87.55124852700466,10.214312328150543,0,/mnt/d/Dropbox/Public Documents/UCLAN/MSc Research/Erwin/s4g_images_36um/NGC4214.phot.1.fits,
116,ESO026-001,ok,20.81179850392805,20.246027641127483,22,384,0.02263083451202263,0.017265595299780993,74.0,8.633333333333333,0,/mnt/d/Dropbox/Public Documents/UCLAN/MSc Research/Erwin/s4g_images_36um/ESO026-001.phot.1.fits,
117,ESO479-004,ok,20.82957626526583,20.34066070468972,26,554,0.01955662242304434,0.015495914022781675,95.5999984741211,11.153333155314126,0,/mnt/d/Dropbox/Public Documents/UCLAN/MSc Research/Erwin/s4g_images_36um/ESO479-004.phot.1.fits,
118,NGC7531,ok,21.66431132430641,20.885749476752903,31,1068,0.031142473902140318,0.01374323454204647,105.19999694824219,12.27333297729492,0,/mnt/d/Dropbox/Public Documents/UCLAN/MSc Research/Erwin/s4g_images_36um/NGC7531.phot.1.fits,
119,NGC7424,ok,21.665451339765045,21.25245485668822,28,512,0.01651985932307295,0.017139540952334463,100.0,11.666666666666666,0,/mnt/d/Dropbox/Public Documents/UCLAN/MSc Research/Erwin/s4g_images_36um/NGC7424.phot.1.fits,
120,UGC06682,ok,22.500839617332552,22.242161050135365,15,262,0.010347142687887525,0.011169230056882418,90.4000015258789,10.546666844685872,0,/mnt/d/Dropbox/Public Documents/UCLAN/MSc Research/Erwin/s4g_images_36um/UGC06682.phot.1.fits,
121,UGC05393,ok,22.68266412092824,22.360351789882284,18,248,0.01289249324183822,0.012136482794802707,78.80000305175781,9.193333689371745,0,/mnt/d/Dropbox/Public Documents/UCLAN/MSc Research/Erwin/s4g_images_36um/UGC05393.phot.1.fits,
122,NGC3726,ok,22.77808795497315,22.30670418390298,32,481,0.01885535084280674,0.031275919706878166,90.7393872904906,10.586261850557236,0,/mnt/d/Dropbox/Public Documents/UCLAN/MSc Research/Erwin/s4g_images_36um/NGC3726.phot.1.fits,
123,NGC1313,ok,23.111413652077832,22.654226456362156,36,601,0.018287487828627068,0.05153072858537212,103.00146665407041,12.016837776308215,0,/mnt/d/Dropbox/Public Documents/UCLAN/MSc Research/Erwin/s4g_images_36um/NGC1313.phot.1.fits,
124,UGC05633,ok,23.277534505042286,23.01845605351779,18,242,0.010363138060979788,0.012506154629177065,86.80000305175781,10.126667022705078,0,/mnt/d/Dropbox/Public Documents/UCLAN/MSc Research/Erwin/s4g_images_36um/UGC05633.phot.1.fits,
125,UGC02345,ok,23.37141506442051,23.222420989734,13,173,0.005959762987460383,0.012178934140028342,96.80000305175781,11.293333689371744,0,/mnt/d/Dropbox/Public Documents/UCLAN/MSc Research/Erwin/s4g_images_36um/UGC02345.phot.1.fits,
126,NGC3287,ok,23.710834987626175,23.055718582645124,31,968,0.026204656199242015,0.013040483681177262,109.19999694824219,12.739999643961589,0,/mnt/d/Dropbox/Public Documents/UCLAN/MSc Research/Erwin/s4g_images_36um/NGC3287.phot.1.fits,
127,NGC0672,ok,25.49474866388671,24.864957903580102,45,1216,0.025191630412264347,0.015985930807464143,124.82797166333211,14.563263360722079,0,/mnt/d/Dropbox/Public Documents/UCLAN/MSc Research/Erwin/s4g_images_36um/NGC0672.phot.1.fits,
128,NGC1255,ok,26.747306563547937,25.854535829008114,55,1107,0.03571082938159295,0.02352695877563365,100.0,11.666666666666666,0,/mnt/d/Dropbox/Public Documents/UCLAN/MSc Research/Erwin/s4g_images_36um/NGC1255.phot.1.fits,
129,NGC1302,ok,27.457452707901343,27.204541847050034,25,371,0.0101164344340523,0.01552790321128322,108.80000305175781,12.693333689371745,0,/mnt/d/Dropbox/Public Documents/UCLAN/MSc Research/Erwin/s4g_images_36um/NGC1302.phot.1.fits,
130,UGC07612,ok,27.787359774958983,27.490042239831467,18,270,0.011892701405100648,0.012354101429517211,85.5999984741211,9.98666648864746,0,/mnt/d/Dropbox/Public Documents/UCLAN/MSc Research/Erwin/s4g_images_36um/UGC07612.phot.1.fits,
131,NGC2903,ok,27.799064699754112,26.519646469129068,136,4423,0.05117672922500174,0.03408493364890195,167.00951718986735,19.48444367215119,0,/mnt/d/Dropbox/Public Documents/UCLAN/MSc Research/Erwin/s4g_images_36um/NGC2903.phot.1.fits,
132,UGC06983,ok,27.899561927461804,27.622844704441732,20,316,0.01106868892080283,0.012986789918766188,96.0,11.2,0,/mnt/d/Dropbox/Public Documents/UCLAN/MSc Research/Erwin/s4g_images_36um/UGC06983.phot.1.fits,
133,ESO572-030,ok,28.022189705063806,27.68799347352417,20,315,0.01336784926158547,0.012902936519744857,87.19999694824219,10.17333297729492,0,/mnt/d/Dropbox/Public Documents/UCLAN/MSc Research/Erwin/s4g_images_36um/ESO572-030.phot.1.fits,
134,PGC048179,ok,29.633096387370646,29.17098223390366,37,615,0.01848456613867933,0.015132229921310062,103.5999984741211,12.08666648864746,0,/mnt/d/Dropbox/Public Documents/UCLAN/MSc Research/Erwin/s4g_images_36um/PGC048179.phot.1.fits,
135,NGC0986,ok,30.57411746193117,29.030889670771174,60,2127,0.06172911164639986,0.013001146827751197,105.45388252678636,12.302952961458407,0,/mnt/d/Dropbox/Public Documents/UCLAN/MSc Research/Erwin/s4g_images_36um/NGC0986.phot.1.fits,
136,UGC08489,ok,30.601902073444652,30.267156767058466,21,373,0.013389812255447464,0.011790623561883403,94.80000305175781,11.060000356038412,0,/mnt/d/Dropbox/Public Documents/UCLAN/MSc Research/Erwin/s4g_images_36um/UGC08489.phot.1.fits,
137,UGC08385,ok,30.66060381498952,30.38954892267089,22,366,0.010842195692745209,0.011816732693021827,104.4000015258789,12.180000178019206,0,/mnt/d/Dropbox/Public Documents/UCLAN/MSc Research/Erwin/s4g_images_36um/UGC08385.phot.1.fits,
138,UGC04393,ok,31.427167544848704,30.953189462428604,28,455,0.018959123296804034,0.010844666304291607,88.0,10.266666666666666,0,/mnt/d/Dropbox/Public Documents/UCLAN/MSc Research/Erwin/s4g_images_36um/UGC04393.phot.1.fits,
139,ESO357-012,ok,33.06516884411577,32.810638480303346,26,368,0.010181214552496888,0.012052282788034722,108.0,12.6,0,/mnt/d/Dropbox/Public Documents/UCLAN/MSc Research/Erwin/s4g_images_36um/ESO357-012.phot.1.fits,
140,NGC6237,ok,33.91234623018573,33.64311721975954,26,471,0.010769160417047742,0.012186991290656143,118.80000305175781,13.86000035603841,0,/mnt/d/Dropbox/Public Documents/UCLAN/MSc Research/Erwin/s4g_images_36um/NGC6237.phot.1.fits,
141,NGC7552,ok,37.97196779704882,37.0170554127212,67,1940,0.03819649537310494,0.013790819865888333,128.01611042681805,14.93521288312877,0,/mnt/d/Dropbox/Public Documents/UCLAN/MSc Research/Erwin/s4g_images_36um/NGC7552.phot.1.fits,
142,NGC3227,ok,38.27393808723241,37.83375412163071,60,1294,0.017607358624067926,0.01368393241815811,154.01171493551757,17.968033409143718,0,/mnt/d/Dropbox/Public Documents/UCLAN/MSc Research/Erwin/s4g_images_36um/NGC3227.phot.1.fits,
143,ESO120-012,ok,38.45040149852259,38.03412727893163,30,495,0.01665096878363832,0.013419374310369754,98.0,11.433333333333332,0,/mnt/d/Dropbox/Public Documents/UCLAN/MSc Research/Erwin/s4g_images_36um/ESO120-012.phot.1.fits,
144,NGC1493,ok,39.05741801375467,38.42268791045189,71,1396,0.02538920413211116,0.01572558185964991,133.1999969482422,15.539999643961588,0,/mnt/d/Dropbox/Public Documents/UCLAN/MSc Research/Erwin/s4g_images_36um/NGC1493.phot.1.fits,
145,NGC3930,ok,39.534225183804736,39.20315842479615,35,631,0.013242670360343343,0.013645358560396956,124.0,14.466666666666667,0,/mnt/d/Dropbox/Public Documents/UCLAN/MSc Research/Erwin/s4g_images_36um/NGC3930.phot.1.fits,
146,UGC07911,ok,40.77063547224077,40.52450069977869,29,405,0.00984539089848308,0.012930649670049187,115.19999694824219,13.439999643961588,0,/mnt/d/Dropbox/Public Documents/UCLAN/MSc Research/Erwin/s4g_images_36um/UGC07911.phot.1.fits,
147,NGC7800,ok,42.58521698437951,42.098784506466174,42,740,0.019457299116533447,0.013295869024437358,110.80000305175781,12.926667022705077,0,/mnt/d/Dropbox/Public Documents/UCLAN/MSc Research/Erwin/s4g_images_36um/NGC7800.phot.1.fits,
148,ESO485-021,ok,43.50061726783702,43.010229229389175,32,551,0.01961552153791385,0.013832367987538402,95.19999694824219,11.106666310628254,0,/mnt/d/Dropbox/Public Documents/UCLAN/MSc Research/Erwin/s4g_images_36um/ESO485-021.phot.1.fits,
149,ESO440-044,ok,46.90181562726764,46.52550066304607,35,528,0.015052598568862787,0.012452174301831456,106.4000015258789,12.413333511352539,0,/mnt/d/Dropbox/Public Documents/UCLAN/MSc Research/Erwin/s4g_images_36um/ESO440-044.phot.1.fits,
150,NGC6217,ok,47.239089633080894,46.40132963859985,73,1943,0.033510399779241834,0.013324751761004014,136.8000030517578,15.96000035603841,0,/mnt/d/Dropbox/Public Documents/UCLAN/MSc Research/Erwin/s4g_images_36um/NGC6217.phot.1.fits,
151,UGC08507,ok,49.170685008424385,48.86691383887915,35,579,0.012150846781809405,0.014129168677162138,124.0,14.466666666666667,0,/mnt/d/Dropbox/Public Documents/UCLAN/MSc Research/Erwin/s4g_images_36um/UGC08507.phot.1.fits,
152,NGC4303,ok,49.764306371207574,49.41976992932938,33,506,0.01378145767512801,0.008331333325315838,144.39999389648438,16.84666595458984,0,/mnt/d/Dropbox/Public Documents/UCLAN/MSc Research/Erwin/s4g_images_36um/NGC4303.phot.1.fits,
153,NGC7496,ok,50.045365453875505,49.452284141464666,74,1663,0.023723252496433665,0.015286225083200329,150.39999389648438,17.54666595458984,0,/mnt/d/Dropbox/Public Documents/UCLAN/MSc Research/Erwin/s4g_images_36um/NGC7496.phot.1.fits,
154,NGC2968,ok,51.69797310425266,51.15982083019286,53,1285,0.02152609096239216,0.009333076859317405,138.8000030517578,16.193333689371745,0,/mnt/d/Dropbox/Public Documents/UCLAN/MSc Research/Erwin/s4g_images_36um/NGC2968.phot.1.fits,
155,NGC7513,ok,52.37855958365839,51.731887896418286,69,1580,0.02586686748960414,0.014751730580162789,140.39999389648438,16.379999287923177,0,/mnt/d/Dropbox/Public Documents/UCLAN/MSc Research/Erwin/s4g_images_36um/NGC7513.phot.1.fits,
156,NGC7418,ok,53.587412857774815,52.53885969856814,85,1935,0.041942126368267045,0.020945226272698295,122.0,14.23333333333333,0,/mnt/d/Dropbox/Public Documents/UCLAN/MSc Research/Erwin/s4g_images_36um/NGC7418.phot.1.fits,
157,NGC4116,ok,56.10743710365142,55.5553627571349,64,1459,0.022082973860660823,0.011069362440361568,146.0,17.03333333333333,0,/mnt/d/Dropbox/Public Documents/UCLAN/MSc Research/Erwin/s4g_images_36um/NGC4116.phot.1.fits,
158,UGC06840,ok,56.84156415348334,56.64834137049848,34,536,0.007728911319394376,0.01121446209452446,149.60000610351562,17.453334045410156,0,/mnt/d/Dropbox/Public Documents/UCLAN/MSc Research/Erwin/s4g_images_36um/UGC06840.phot.1.fits,
159,NGC3185,ok,59.26561046607461,58.69638058366742,60,1185,0.022769195296287757,0.01432263981141573,129.60000610351562,15.120000712076823,0,/mnt/d/Dropbox/Public Documents/UCLAN/MSc Research/Erwin/s4g_images_36um/NGC3185.phot.1.fits,
160,NGC4314,ok,59.690609571434365,59.14240637485491,81,2154,0.021928127863178257,0.01195030453768008,178.0453886170892,20.771962005327072,0,/mnt/d/Dropbox/Public Documents/UCLAN/MSc Research/Erwin/s4g_images_36um/NGC4314.phot.1.fits,
161,NGC1187,ok,61.37960950727087,60.48632620222208,117,2695,0.035731332201951634,0.016738502324414792,156.0,18.2,0,/mnt/d/Dropbox/Public Documents/UCLAN/MSc Research/Erwin/s4g_images_36um/NGC1187.phot.1.fits,
162,NGC4535,ok,62.51859435048463,61.62096093584005,110,2517,0.03590533658578337,0.024311339786435522,150.39999389648438,17.54666595458984,0,/mnt/d/Dropbox/Public Documents/UCLAN/MSc Research/Erwin/s4g_images_36um/NGC4535.phot.1.fits,
163,NGC1879,ok,62.55851655952233,62.26587441905411,50,707,0.011705685618729096,0.011903834784743461,139.60000610351562,16.286667378743488,0,/mnt/d/Dropbox/Public Documents/UCLAN/MSc Research/Erwin/s4g_images_36um/NGC1879.phot.1.fits,
164,NGC1512,ok,64.71822195935236,64.16494068304321,106,2103,0.022131251052365717,0.01067875934004896,175.10249705400932,20.428624656301086,0,/mnt/d/Dropbox/Public Documents/UCLAN/MSc Research/Erwin/s4g_images_36um/NGC1512.phot.1.fits,
165,NGC3359,ok,64.99777525000893,64.37545486544352,85,1916,0.024892815382616604,0.014835080680723475,157.60000610351562,18.38666737874349,0,/mnt/d/Dropbox/Public Documents/UCLAN/MSc Research/Erwin/s4g_images_36um/NGC3359.phot.1.fits,
166,NGC3673,ok,67.18156473815934,66.64214224076194,87,1969,0.021576899895896114,0.013413120383668807,171.60000610351562,20.020000712076822,0,/mnt/d/Dropbox/Public Documents/UCLAN/MSc Research/Erwin/s4g_images_36um/NGC3673.phot.1.fits,
167,NGC3992,ok,70.08098562073718,69.63420878487281,150,2749,0.01787107343457458,0.015866841927012026,222.8000030517578,25.99333368937174,0,/mnt/d/Dropbox/Public Documents/UCLAN/MSc Research/Erwin/s4g_images_36um/NGC3992.phot.1.fits,
168,NGC4293,ok,73.39107401540198,72.69066146471279,96,3185,0.028016502027567888,0.007784605440610582,191.53367591702698,22.345595523653145,0,/mnt/d/Dropbox/Public Documents/UCLAN/MSc Research/Erwin/s4g_images_36um/NGC4293.phot.1.fits,
169,NGC7582,ok,86.31978834936372,85.73114086422993,99,3041,0.023545899405351834,0.013012748405919821,204.39999389648438,23.84666595458984,0,/mnt/d/Dropbox/Public Documents/UCLAN/MSc Research/Erwin/s4g_images_36um/NGC7582.phot.1.fits,
170,NGC4389,ok,86.34509327396353,85.83394345207034,83,1831,0.020445992875727223,0.012268427905522006,170.0,19.833333333333332,0,/mnt/d/Dropbox/Public Documents/UCLAN/MSc Research/Erwin/s4g_images_36um/NGC4389.phot.1.fits,
171,NGC5134,ok,91.7703134828642,91.33561383414653,96,1777,0.01738798594870691,0.01295961305096468,181.60000610351562,21.186667378743486,0,/mnt/d/Dropbox/Public Documents/UCLAN/MSc Research/Erwin/s4g_images_36um/NGC5134.phot.1.fits,
172,NGC0210,ok,93.47974740668359,93.11849147046794,100,1990,0.014450237448625412,0.012268340486119186,210.8000030517578,24.593333689371743,0,/mnt/d/Dropbox/Public Documents/UCLAN/MSc Research/Erwin/s4g_images_36um/NGC0210.phot.1.fits,
173,NGC4123,ok,95.13489188560384,94.7527439026881,100,1768,0.01528591931662949,0.013308921508063981,193.1999969482422,22.539999643961586,0,/mnt/d/Dropbox/Public Documents/UCLAN/MSc Research/Erwin/s4g_images_36um/NGC4123.phot.1.fits,
174,NGC1350,ok,101.8440475509557,101.49041110941664,129,2311,0.014145457661561816,0.013055178026747454,229.60000610351562,26.78666737874349,0,/mnt/d/Dropbox/Public Documents/UCLAN/MSc Research/Erwin/s4g_images_36um/NGC1350.phot.1.fits,
175,NGC3319,ok,109.22960224323762,108.53123458813882,111,2146,0.027934706203951994,0.006816478374845131,157.44509154418546,18.368594013488302,0,/mnt/d/Dropbox/Public Documents/UCLAN/MSc Research/Erwin/s4g_images_36um/NGC3319.phot.1.fits,
176,NGC1672,ok,116.54992040212157,115.34597705143672,182,4968,0.048157734027394074,0.014790175958479392,182.45974467215723,21.286970211751676,0,/mnt/d/Dropbox/Public Documents/UCLAN/MSc Research/Erwin/s4g_images_36um/NGC1672.phot.1.fits,
177,NGC4204,ok,126.03516536788386,125.72482918475959,93,1436,0.012413447324971258,0.01157306864064323,193.1999969482422,22.539999643961586,0,/mnt/d/Dropbox/Public Documents/UCLAN/MSc Research/Erwin/s4g_images_36um/NGC4204.phot.1.fits,
178,NGC1291,ok,126.91669338479142,126.59639534860455,151,2256,0.01281192144747453,0.015008319507488245,238.3748153438122,27.810395123444756,0,/mnt/d/Dropbox/Public Documents/UCLAN/MSc Research/Erwin/s4g_images_36um/NGC1291.phot.1.fits,
179,NGC1097,ok,146.61657650795564,145.79576708390366,221,5407,0.03283237696207912,0.013187032606474228,230.52709203530043,26.89482740411838,0,/mnt/d/Dropbox/Public Documents/UCLAN/MSc Research/Erwin/s4g_images_36um/NGC1097.phot.1.fits,
180,NGC4725,ok,181.33395734144352,180.82459955752486,306,5773,0.020374311356746323,0.01107231438182038,302.3828845900574,35.278003202173366,0,/mnt/d/Dropbox/Public Documents/UCLAN/MSc Research/Erwin/s4g_images_36um/NGC4725.phot.1.fits,
181,NGC5236,ok,336.8311354989874,336.0110401063713,911,21472,0.03280381570464344,0.03435067480953069,459.6000061035156,53.62000071207682,0,/mnt/d/Dropbox/Public Documents/UCLAN/MSc Research/Erwin/s4g_images_36um/NGC5236.phot.1.fits,
182,NGC1808,ok,400.07322384473866,399.36955179313145,418,9189,0.028146882064288472,0.008790586973407852,335.4904988717229,39.140558201701005,0,/mnt/d/Dropbox/Public Documents/UCLAN/MSc Research/Erwin/s4g_images_36um/NGC1808.phot.1.fits,
