rank,name,status,pollution_score,source_score,source_count,contaminated_pixels,coverage_fraction,weighted_coverage_fraction,residual_sigma,aperture_radius_pixels,center_radius_pixels,rejected_large_segments,image_path,error
1,NGC0298,ok,0.0,0.0,0,0,0.0,0.0,0.06557707993049515,19.600000381469727,3.0,2,/mnt/d/Dropbox/Public Documents/UCLAN/MSc Research/Erwin/s4g_images_36um/NGC0298.phot.1.fits,
2,NGC1347,ok,0.0,0.0,0,0,0.0,0.0,0.02943972142424746,30.799999237060547,3.59333324432373,0,/mnt/d/Dropbox/Public Documents/UCLAN/MSc Research/Erwin/s4g_images_36um/NGC1347.phot.1.fits,
3,NGC4405,ok,0.0,0.0,0,0,0.0,0.0,0.09510621606114818,21.090777440879684,3.0,2,/mnt/d/Dropbox/Public Documents/UCLAN/MSc Research/Erwin/s4g_images_36um/NGC4405.phot.1.fits,
4,NGC4765,ok,0.0,0.0,0,0,0.0,0.0,0.09118672175792929,21.581260147661673,3.0,2,/mnt/d/Dropbox/Public Documents/UCLAN/MSc Research/Erwin/s4g_images_36um/NGC4765.phot.1.fits,
5,NGC5669,ok,0.0,0.0,0,0,0.0,0.0,0.05245761175006376,23.788433497583625,3.0,2,/mnt/d/Dropbox/Public Documents/UCLAN/MSc Research/Erwin/s4g_images_36um/NGC5669.phot.1.fits,
6,NGC3486,ok,0.0004953436198176679,0.0004885912818904473,1,15,0.003399048266485384,2.700935170888232e-07,0.1141189999616775,37.7672035043034,4.40617374216873,0,/mnt/d/Dropbox/Public Documents/UCLAN/MSc Research/Erwin/s4g_images_36um/NGC3486.phot.1.fits,
7,PGC013821,ok,0.0009459920419652208,0.0009189040518995574,1,48,0.01873536299765808,1.0835196026265374e-06,0.06640400139793111,28.799999237060547,3.359999910990397,1,/mnt/d/Dropbox/Public Documents/UCLAN/MSc Research/Erwin/s4g_images_36um/PGC013821.phot.1.fits,
8,NGC4369,ok,0.0018270350117024314,0.001747296108747195,1,13,0.009285714285714286,3.189556118209453e-06,0.22268187071629414,21.336017624867665,3.0,1,/mnt/d/Dropbox/Public Documents/UCLAN/MSc Research/Erwin/s4g_images_36um/NGC4369.phot.1.fits,
9,NGC3681,ok,0.002087904880304085,0.0020563823367744493,4,97,0.013821601595896267,1.260901741185435e-06,0.0267297099079511,47.599998474121094,5.553333155314127,0,/mnt/d/Dropbox/Public Documents/UCLAN/MSc Research/Erwin/s4g_images_36um/NGC3681.phot.1.fits,
10,NGC4625,ok,0.011232456976878004,0.010344706338284415,2,28,0.02578268876611418,3.551002554374355e-05,0.11363771228610513,18.8836017521517,3.0,0,/mnt/d/Dropbox/Public Documents/UCLAN/MSc Research/Erwin/s4g_images_36um/NGC4625.phot.1.fits,
11,IC2007,ok,0.01169796977377365,0.01150430812367112,8,269,0.03766451974236908,7.746466004101198e-06,0.020462508487168497,48.0,5.6,0,/mnt/d/Dropbox/Public Documents/UCLAN/MSc Research/Erwin/s4g_images_36um/IC2007.phot.1.fits,
12,IC4901,ok,0.01376944518852011,0.013585840064900632,8,213,0.024649924777224858,7.34420494477911e-06,0.035019848517204466,52.79999923706055,6.159999910990396,0,/mnt/d/Dropbox/Public Documents/UCLAN/MSc Research/Erwin/s4g_images_36um/IC4901.phot.1.fits,
13,ESO420-009,ok,0.014996564605078614,0.01362568360275174,2,32,0.03528114663726571,5.483524009307497e-05,0.027615069763864474,17.200000762939453,3.0,0,/mnt/d/Dropbox/Public Documents/UCLAN/MSc Research/Erwin/s4g_images_36um/ESO420-009.phot.1.fits,
14,UGC09661,ok,0.016333344288824166,0.01600898468372052,4,90,0.01889962200755985,1.297438420414578e-05,0.017133883126535857,39.20000076293945,4.5733334223429365,0,/mnt/d/Dropbox/Public Documents/UCLAN/MSc Research/Erwin/s4g_images_36um/UGC09661.phot.1.fits,
15,IC3521,ok,0.01893379905689649,0.018510980308313125,4,149,0.034018264840182645,1.691274994333449e-05,0.030157789109352587,37.599998474121094,4.38666648864746,1,/mnt/d/Dropbox/Public Documents/UCLAN/MSc Research/Erwin/s4g_images_36um/IC3521.phot.1.fits,
16,NGC1341,ok,0.018940068033325444,0.018390409523405468,14,477,0.08097097267017485,2.1986340396799065e-05,0.027126563539279443,43.599998474121094,5.08666648864746,0,/mnt/d/Dropbox/Public Documents/UCLAN/MSc Research/Erwin/s4g_images_36um/NGC1341.phot.1.fits,
17,IC1954,ok,0.021687249271805466,0.021088073776767347,5,80,0.021798365122615803,2.3967019801524674e-05,0.11345666302907699,34.400001525878906,4.013333511352539,0,/mnt/d/Dropbox/Public Documents/UCLAN/MSc Research/Erwin/s4g_images_36um/IC1954.phot.1.fits,
18,NGC4559,ok,0.02338773464952513,0.022613788775699934,4,72,0.02440677966101695,3.0957834953007824e-05,0.10464866759957123,30.900440931743535,3.6050514420367454,0,/mnt/d/Dropbox/Public Documents/UCLAN/MSc Research/Erwin/s4g_images_36um/NGC4559.phot.1.fits,
19,UGC08851,ok,0.023549839359123127,0.023131126567503556,1,13,0.003461128860489883,1.674851166478279e-05,0.012309468288017388,34.79999923706055,4.059999910990397,0,/mnt/d/Dropbox/Public Documents/UCLAN/MSc Research/Erwin/s4g_images_36um/UGC08851.phot.1.fits,
20,NGC4713,ok,0.024166920051445526,0.023065428522094533,3,32,0.013245033112582781,4.4059661174039725e-05,0.10215427916245662,27.957540013439555,3.2617130015679483,0,/mnt/d/Dropbox/Public Documents/UCLAN/MSc Research/Erwin/s4g_images_36um/NGC4713.phot.1.fits,
21,NGC4639,ok,0.025761187744284753,0.025508067056492938,13,495,0.040523945968072045,1.0124827511672678e-05,0.021459068488330266,62.781847277051035,7.324548848989287,0,/mnt/d/Dropbox/Public Documents/UCLAN/MSc Research/Erwin/s4g_images_36um/NGC4639.phot.1.fits,
22,NGC3729,ok,0.025810557241298344,0.025631008662965575,18,667,0.030230239303843366,7.181943133310725e-06,0.02603820743957567,84.4000015258789,9.846666844685872,0,/mnt/d/Dropbox/Public Documents/UCLAN/MSc Research/Erwin/s4g_images_36um/NGC3729.phot.1.fits,
23,ESO079-005,ok,0.0277432430390069,0.027463530240594995,10,221,0.018306825712392314,1.1188511936476108e-05,0.013811270303809091,62.400001525878906,7.280000178019205,0,/mnt/d/Dropbox/Public Documents/UCLAN/MSc Research/Erwin/s4g_images_36um/ESO079-005.phot.1.fits,
24,NGC4781,ok,0.03019211126354716,0.029704812323002795,29,818,0.04985676845248979,1.949195762177457e-05,0.0375996958826737,72.80000305175781,8.493333689371743,0,/mnt/d/Dropbox/Public Documents/UCLAN/MSc Research/Erwin/s4g_images_36um/NGC4781.phot.1.fits,
25,NGC3684,ok,0.033797694960336036,0.0328922371540582,8,179,0.03541048466864491,3.6218312251113486e-05,0.06735715722041725,40.400001525878906,4.7133335113525385,0,/mnt/d/Dropbox/Public Documents/UCLAN/MSc Research/Erwin/s4g_images_36um/NGC3684.phot.1.fits,
26,NGC5713,ok,0.03438797325455254,0.0332830462468283,13,351,0.06369080021774633,4.419708030896968e-05,0.10821038954763879,42.18155488175937,4.921181402871926,0,/mnt/d/Dropbox/Public Documents/UCLAN/MSc Research/Erwin/s4g_images_36um/NGC5713.phot.1.fits,
27,NGC3344,ok,0.03632476081068597,0.035869336978865754,2,52,0.004289013526888816,1.8216953272808496e-05,0.060121027244858315,62.53660475425703,7.295937221329986,0,/mnt/d/Dropbox/Public Documents/UCLAN/MSc Research/Erwin/s4g_images_36um/NGC3344.phot.1.fits,
28,NGC1800,ok,0.03968499668785413,0.03886565220876895,6,238,0.05111683848797251,3.277377916340736e-05,0.021639336908112355,38.7481712566734,4.52061997994523,1,/mnt/d/Dropbox/Public Documents/UCLAN/MSc Research/Erwin/s4g_images_36um/NGC1800.phot.1.fits,
29,NGC4102,ok,0.039745076022132994,0.03902335356471063,8,172,0.022640515993155193,2.8868898296894567e-05,0.07536894149176007,49.599998474121094,5.786666488647461,0,/mnt/d/Dropbox/Public Documents/UCLAN/MSc Research/Erwin/s4g_images_36um/NGC4102.phot.1.fits,
30,NGC4294,ok,0.045171534809213446,0.04354072696579768,9,250,0.06554798112218144,6.523231373663051e-05,0.05144676705150916,35.06954744759946,4.091447202219937,0,/mnt/d/Dropbox/Public Documents/UCLAN/MSc Research/Erwin/s4g_images_36um/NGC4294.phot.1.fits,
31,IC0797,ok,0.04573002701273195,0.04386709967302607,2,41,0.018867924528301886,7.451709358823496e-05,0.05153464539992428,26.486091893093594,3.0900440541942524,0,/mnt/d/Dropbox/Public Documents/UCLAN/MSc Research/Erwin/s4g_images_36um/IC0797.phot.1.fits,
32,NGC0255,ok,0.05446808484996293,0.05370770646300613,11,277,0.029324581833580353,3.0415135478272338e-05,0.02553900355087587,55.20000076293945,6.440000089009603,0,/mnt/d/Dropbox/Public Documents/UCLAN/MSc Research/Erwin/s4g_images_36um/NGC0255.phot.1.fits,
33,NGC1436,ok,0.05827188208402593,0.05652049371674162,4,58,0.011936612471701996,7.005553469137217e-05,0.03525660501071546,39.599998474121094,4.619999821980794,0,/mnt/d/Dropbox/Public Documents/UCLAN/MSc Research/Erwin/s4g_images_36um/NGC1436.phot.1.fits,
34,NGC0918,ok,0.06281163456000945,0.060206491800164005,2,37,0.01824457593688363,0.00010420571039381792,0.10843673948010422,25.600000381469727,3.0,0,/mnt/d/Dropbox/Public Documents/UCLAN/MSc Research/Erwin/s4g_images_36um/NGC0918.phot.1.fits,
35,NGC4487,ok,0.06303063625307771,0.061986225666072974,7,154,0.023883374689826303,4.177642348018949e-05,0.03433541676691856,45.599998474121094,5.319999821980794,0,/mnt/d/Dropbox/Public Documents/UCLAN/MSc Research/Erwin/s4g_images_36um/NGC4487.phot.1.fits,
36,IC1014,ok,0.06706555845516193,0.06621466399155798,7,154,0.018388059701492536,3.40357785441582e-05,0.01697649749674925,52.0,6.0666666666666655,0,/mnt/d/Dropbox/Public Documents/UCLAN/MSc Research/Erwin/s4g_images_36um/IC1014.phot.1.fits,
37,NGC1022,ok,0.06730438235542666,0.06681537271075605,7,161,0.011363636363636364,1.9560385786824333e-05,0.020688148289828127,67.5999984741211,7.88666648864746,0,/mnt/d/Dropbox/Public Documents/UCLAN/MSc Research/Erwin/s4g_images_36um/NGC1022.phot.1.fits,
38,NGC1559,ok,0.07243746329176519,0.07053364634561406,7,200,0.03203588018580811,7.61526778460455e-05,0.1845617565024183,44.87920859965728,5.2359076699600156,0,/mnt/d/Dropbox/Public Documents/UCLAN/MSc Research/Erwin/s4g_images_36um/NGC1559.phot.1.fits,
39,UGC07257,ok,0.08311053063496761,0.08169843738044963,6,163,0.02818118948824343,5.64837301807191e-05,0.016878721926438973,43.20000076293945,5.040000089009602,0,/mnt/d/Dropbox/Public Documents/UCLAN/MSc Research/Erwin/s4g_images_36um/UGC07257.phot.1.fits,
40,NGC4540,ok,0.08430955302524809,0.08375988612382318,19,487,0.029965542702436624,2.198667605699653e-05,0.018666179859356362,72.4000015258789,8.446666844685872,0,/mnt/d/Dropbox/Public Documents/UCLAN/MSc Research/Erwin/s4g_images_36um/NGC4540.phot.1.fits,
41,NGC5068,ok,0.0929609669591319,0.0923008325109683,17,315,0.013874818305950755,2.6405377926544228e-05,0.039395516247563316,85.58931769987672,9.98542039831895,0,/mnt/d/Dropbox/Public Documents/UCLAN/MSc Research/Erwin/s4g_images_36um/NGC5068.phot.1.fits,
42,NGC6412,ok,0.09593688824961762,0.09284592987899659,4,52,0.011872146118721462,0.00012363833482484116,0.049588098683070736,37.599998474121094,4.38666648864746,0,/mnt/d/Dropbox/Public Documents/UCLAN/MSc Research/Erwin/s4g_images_36um/NGC6412.phot.1.fits,
43,NGC4654,ok,0.10255351188318433,0.1012819612737034,36,791,0.0511874716883453,5.0862024379237156e-05,0.057063445652490136,70.62957526317489,8.24011711403707,0,/mnt/d/Dropbox/Public Documents/UCLAN/MSc Research/Erwin/s4g_images_36um/NGC4654.phot.1.fits,
44,NGC4145,ok,0.10862710526712241,0.10746322730275122,13,241,0.01998010280218869,4.6555118574847766e-05,0.021057260260675188,62.400001525878906,7.280000178019205,0,/mnt/d/Dropbox/Public Documents/UCLAN/MSc Research/Erwin/s4g_images_36um/NGC4145.phot.1.fits,
45,UGC02302,ok,0.1171555680330341,0.11567781065861465,5,135,0.01635967038293747,5.911029497677811e-05,0.014188783509688023,51.599998474121094,6.019999821980794,0,/mnt/d/Dropbox/Public Documents/UCLAN/MSc Research/Erwin/s4g_images_36um/UGC02302.phot.1.fits,
46,NGC4900,ok,0.1176837987061127,0.11539187018101513,12,207,0.02396665508857242,9.16771410039029e-05,0.07402454644740591,52.79999923706055,6.159999910990396,0,/mnt/d/Dropbox/Public Documents/UCLAN/MSc Research/Erwin/s4g_images_36um/NGC4900.phot.1.fits,
47,ESO054-021,ok,0.12329090931799105,0.12030430881459708,9,139,0.03467198802693939,0.00011946402013575878,0.024655100392780255,36.0,4.199999999999999,0,/mnt/d/Dropbox/Public Documents/UCLAN/MSc Research/Erwin/s4g_images_36um/ESO054-021.phot.1.fits,
48,NGC1326A,ok,0.13384613225610303,0.13263204379403398,6,88,0.007109387623202456,4.856353848276167e-05,0.012071622338860024,63.20000076293945,7.373333422342935,0,/mnt/d/Dropbox/Public Documents/UCLAN/MSc Research/Erwin/s4g_images_36um/NGC1326A.phot.1.fits,
49,NGC4618,ok,0.136901900025036,0.13445022600581202,11,209,0.02670244027085729,9.806696076895896e-05,0.04316989872415718,50.274525390677226,5.865361295579009,0,/mnt/d/Dropbox/Public Documents/UCLAN/MSc Research/Erwin/s4g_images_36um/NGC4618.phot.1.fits,
50,IC5273,ok,0.13708993204463782,0.1361586186268594,22,541,0.027824924137221624,3.7252536711136175e-05,0.027717406014540598,79.19999694824219,9.239999643961587,0,/mnt/d/Dropbox/Public Documents/UCLAN/MSc Research/Erwin/s4g_images_36um/IC5273.phot.1.fits,
51,IC3115,ok,0.1469585007033329,0.14436737278342832,7,95,0.014005602240896359,0.00010364511679618437,0.017608600486994953,46.79999923706055,5.459999910990397,0,/mnt/d/Dropbox/Public Documents/UCLAN/MSc Research/Erwin/s4g_images_36um/IC3115.phot.1.fits,
52,NGC0685,ok,0.15487457317357886,0.15334959884326557,21,348,0.01772525849335303,6.099897321253207e-05,0.021111145733517217,79.5999984741211,9.28666648864746,0,/mnt/d/Dropbox/Public Documents/UCLAN/MSc Research/Erwin/s4g_images_36um/NGC0685.phot.1.fits,
53,NGC7424,ok,0.16785156833047926,0.16665199516477228,28,512,0.01651985932307295,4.7982926628279555e-05,0.017139540952334463,100.0,11.666666666666666,0,/mnt/d/Dropbox/Public Documents/UCLAN/MSc Research/Erwin/s4g_images_36um/NGC7424.phot.1.fits,
54,UGC07129,ok,0.17383341287111426,0.17220640050994873,5,192,0.022247972190034764,6.508049444662117e-05,0.013639286711292711,52.79999923706055,6.159999910990396,0,/mnt/d/Dropbox/Public Documents/UCLAN/MSc Research/Erwin/s4g_images_36um/UGC07129.phot.1.fits,
55,IC0600,ok,0.21667381477358683,0.21263084674234442,5,140,0.030661410424879545,0.00016171872124969675,0.017449683718291295,38.400001525878906,4.480000178019206,0,/mnt/d/Dropbox/Public Documents/UCLAN/MSc Research/Erwin/s4g_images_36um/IC0600.phot.1.fits,
56,NGC0600,ok,0.21970056260809856,0.21798982016573085,18,308,0.014777143405459867,6.842969769470857e-05,0.016032421783760936,82.0,9.566666666666666,0,/mnt/d/Dropbox/Public Documents/UCLAN/MSc Research/Erwin/s4g_images_36um/NGC0600.phot.1.fits,
57,NGC4496A,ok,0.2223652553361223,0.21860147791172713,13,264,0.025900127538506817,0.00015055109697580723,0.027510369013883706,57.38653048603109,6.695095223370294,0,/mnt/d/Dropbox/Public Documents/UCLAN/MSc Research/Erwin/s4g_images_36um/NGC4496A.phot.1.fits,
58,NGC0578,ok,0.22420964163211476,0.2216210495399063,30,694,0.045226458129683934,0.00010354368368833883,0.033824541299711144,70.4000015258789,8.21333351135254,0,/mnt/d/Dropbox/Public Documents/UCLAN/MSc Research/Erwin/s4g_images_36um/NGC0578.phot.1.fits,
59,NGC3264,ok,0.23678803035720927,0.23506988660434014,9,185,0.012763902304401822,6.872575011476513e-05,0.014231231603669348,68.4000015258789,7.980000178019205,0,/mnt/d/Dropbox/Public Documents/UCLAN/MSc Research/Erwin/s4g_images_36um/NGC3264.phot.1.fits,
60,NGC4579,ok,0.24518443927411265,0.2439859530208633,19,549,0.017788866567299593,4.79394501299742e-05,0.03207523774035489,99.81332789058449,11.644888253901524,0,/mnt/d/Dropbox/Public Documents/UCLAN/MSc Research/Erwin/s4g_images_36um/NGC4579.phot.1.fits,
61,NGC2681,ok,0.26528410365933064,0.26303006185720523,4,70,0.005447470817120622,9.016167208501571e-05,0.03648306548699994,64.4000015258789,7.513333511352538,0,/mnt/d/Dropbox/Public Documents/UCLAN/MSc Research/Erwin/s4g_images_36um/NGC2681.phot.1.fits,
62,NGC1367,ok,0.2701747355289925,0.26911762286094154,15,296,0.010361606048937586,4.228450672203902e-05,0.01650690298565455,96.0,11.2,0,/mnt/d/Dropbox/Public Documents/UCLAN/MSc Research/Erwin/s4g_images_36um/NGC1367.phot.1.fits,
63,IC1933,ok,0.3530281510936377,0.34926989422510096,16,341,0.032709832134292564,0.00015033027474146957,0.02417247814331354,58.0,6.766666666666666,0,/mnt/d/Dropbox/Public Documents/UCLAN/MSc Research/Erwin/s4g_images_36um/IC1933.phot.1.fits,
64,NGC4133,ok,0.36880085514913924,0.3642546961834568,7,221,0.027206697033115845,0.00018184635862729807,0.0281183865794913,51.20000076293945,5.973333422342935,0,/mnt/d/Dropbox/Public Documents/UCLAN/MSc Research/Erwin/s4g_images_36um/NGC4133.phot.1.fits,
65,NGC4214,ok,0.3727194106160509,0.37041542705686037,35,671,0.028251442044545494,9.215934236762074e-05,0.04617517205052116,87.55124852700466,10.214312328150543,0,/mnt/d/Dropbox/Public Documents/UCLAN/MSc Research/Erwin/s4g_images_36um/NGC4214.phot.1.fits,
66,NGC4303,ok,0.39891685231436985,0.39592166710737237,33,506,0.01378145767512801,0.00011980740827990049,0.008331333325315838,144.39999389648438,16.84666595458984,0,/mnt/d/Dropbox/Public Documents/UCLAN/MSc Research/Erwin/s4g_images_36um/NGC4303.phot.1.fits,
67,NGC1313,ok,0.40608700981718,0.4042432293538475,36,601,0.018287487828627068,7.375121853329958e-05,0.05153072858537212,103.00146665407041,12.016837776308215,0,/mnt/d/Dropbox/Public Documents/UCLAN/MSc Research/Erwin/s4g_images_36um/NGC1313.phot.1.fits,
68,NGC3447,ok,0.46207510397657375,0.4576174054844065,9,219,0.014767363452461227,0.00017830793968668962,0.015254441841771453,69.19999694824219,8.073332977294921,0,/mnt/d/Dropbox/Public Documents/UCLAN/MSc Research/Erwin/s4g_images_36um/NGC3447.phot.1.fits,
69,NGC2500,ok,0.46647300307546247,0.45796929413725845,7,152,0.01884219660344614,0.0003401483575281607,0.03003099374619379,51.01024828144719,5.951195632835505,0,/mnt/d/Dropbox/Public Documents/UCLAN/MSc Research/Erwin/s4g_images_36um/NGC2500.phot.1.fits,
70,NGC1302,ok,0.513920201718575,0.5116480092331684,25,371,0.0101164344340523,9.088769941626359e-05,0.01552790321128322,108.80000305175781,12.693333689371745,0,/mnt/d/Dropbox/Public Documents/UCLAN/MSc Research/Erwin/s4g_images_36um/NGC1302.phot.1.fits,
71,NGC4535,ok,0.5164791361790652,0.514199495742114,110,2517,0.03590533658578337,9.118561747804573e-05,0.024311339786435522,150.39999389648438,17.54666595458984,0,/mnt/d/Dropbox/Public Documents/UCLAN/MSc Research/Erwin/s4g_images_36um/NGC4535.phot.1.fits,
72,NGC7764,ok,0.5607001990849925,0.5517798579289912,13,423,0.06448170731707317,0.00035681364624004947,0.0343012541563622,46.0,5.366666666666666,0,/mnt/d/Dropbox/Public Documents/UCLAN/MSc Research/Erwin/s4g_images_36um/NGC7764.phot.1.fits,
73,UGC06931,ok,0.5666316722592473,0.560207946971327,4,58,0.007991182143841279,0.0002569490115168097,0.013298223218909251,48.400001525878906,5.646666844685872,0,/mnt/d/Dropbox/Public Documents/UCLAN/MSc Research/Erwin/s4g_images_36um/UGC06931.phot.1.fits,
74,IC1953,ok,0.5928971283048314,0.5818263020839164,8,117,0.02146788990825688,0.0004428330488366025,0.04443321892308515,41.93631235896536,4.892569775212626,0,/mnt/d/Dropbox/Public Documents/UCLAN/MSc Research/Erwin/s4g_images_36um/IC1953.phot.1.fits,
75,NGC5042,ok,0.5958765054711757,0.5918390798239416,21,392,0.020374220374220375,0.0001614970258893617,0.024161808970185206,78.80000305175781,9.193333689371745,0,/mnt/d/Dropbox/Public Documents/UCLAN/MSc Research/Erwin/s4g_images_36um/NGC5042.phot.1.fits,
76,NGC4450,ok,0.6544110517935177,0.6526342233672834,20,523,0.014104258245462636,7.107313704936966e-05,0.017649682318453104,109.37774418104226,12.760736821121597,0,/mnt/d/Dropbox/Public Documents/UCLAN/MSc Research/Erwin/s4g_images_36um/NGC4450.phot.1.fits,
77,NGC4424,ok,0.8152542407151969,0.8114505108235709,20,467,0.022584389205919334,0.00015214919566504287,0.010784712722914357,81.6654466903967,9.527635447212948,0,/mnt/d/Dropbox/Public Documents/UCLAN/MSc Research/Erwin/s4g_images_36um/NGC4424.phot.1.fits,
78,NGC0289,ok,0.9106805309485851,0.9056916672128249,29,1181,0.055037748159194703,0.0001995545494304086,0.024480636918770268,83.19999694824219,9.706666310628256,0,/mnt/d/Dropbox/Public Documents/UCLAN/MSc Research/Erwin/s4g_images_36um/NGC0289.phot.1.fits,
79,ESO298-023,ok,0.9671413840924672,0.9497249578063363,4,42,0.007526881720430108,0.0006966570514452376,0.013649022421712922,42.400001525878906,4.946666844685872,0,/mnt/d/Dropbox/Public Documents/UCLAN/MSc Research/Erwin/s4g_images_36um/ESO298-023.phot.1.fits,
80,NGC4981,ok,0.9825179163953444,0.9749220912713704,27,557,0.031435182572379934,0.00030383300495895923,0.036012638012321116,75.5999984741211,8.819999821980794,0,/mnt/d/Dropbox/Public Documents/UCLAN/MSc Research/Erwin/s4g_images_36um/NGC4981.phot.1.fits,
81,PGC042160,ok,0.9998458041843604,0.9841658165988201,10,169,0.026740506329113924,0.0006271995034216142,0.015012200808643274,45.20000076293945,5.273333422342936,0,/mnt/d/Dropbox/Public Documents/UCLAN/MSc Research/Erwin/s4g_images_36um/PGC042160.phot.1.fits,
82,NGC1640,ok,1.0584693649620014,1.0542165238033954,27,722,0.02239870943724018,0.0001701136463442451,0.015878151520563558,102.0,11.899999999999999,0,/mnt/d/Dropbox/Public Documents/UCLAN/MSc Research/Erwin/s4g_images_36um/NGC1640.phot.1.fits,
83,ESO013-016,ok,1.093250351452174,1.0842458793619536,14,264,0.02054794520547945,0.0003601788836088174,0.01794568187149671,64.4000015258789,7.513333511352538,0,/mnt/d/Dropbox/Public Documents/UCLAN/MSc Research/Erwin/s4g_images_36um/ESO013-016.phot.1.fits,
84,NGC3850,ok,1.28197996723141,1.2743351325867986,7,198,0.013189448441247002,0.0003057933857844604,0.012447697022024104,69.5999984741211,8.119999821980795,0,/mnt/d/Dropbox/Public Documents/UCLAN/MSc Research/Erwin/s4g_images_36um/NGC3850.phot.1.fits,
85,NGC0991,ok,1.3562384571761306,1.3450291587748733,11,172,0.012009495880463622,0.00044837193605029325,0.019799758386293678,68.0,7.933333333333334,0,/mnt/d/Dropbox/Public Documents/UCLAN/MSc Research/Erwin/s4g_images_36um/NGC0991.phot.1.fits,
86,NGC3485,ok,1.4558129205748531,1.448173976999886,36,772,0.03532049229079929,0.0003055577429986797,0.018646032804132993,84.0,9.799999999999999,0,/mnt/d/Dropbox/Public Documents/UCLAN/MSc Research/Erwin/s4g_images_36um/NGC3485.phot.1.fits,
87,PGC006626,ok,1.4821974494430485,1.4723331171628478,3,59,0.003595368677635588,0.0003945732912080298,0.013129674273154281,72.80000305175781,8.493333689371743,0,/mnt/d/Dropbox/Public Documents/UCLAN/MSc Research/Erwin/s4g_images_36um/PGC006626.phot.1.fits,
88,NGC3380,ok,1.4965873009728223,1.4865030308647145,13,383,0.023833229620410703,0.0004033708043243115,0.015376289759484772,72.0,8.399999999999999,0,/mnt/d/Dropbox/Public Documents/UCLAN/MSc Research/Erwin/s4g_images_36um/NGC3380.phot.1.fits,
89,NGC0701,ok,1.6972928963942329,1.6765644280364296,16,638,0.07163709858522345,0.0008291387343121272,0.028438783346109598,53.599998474121094,6.2533331553141265,0,/mnt/d/Dropbox/Public Documents/UCLAN/MSc Research/Erwin/s4g_images_36um/NGC0701.phot.1.fits,
90,NGC1051,ok,1.80036145034815,1.7877459493453833,8,218,0.01538678712591756,0.0005046200401106677,0.01554073579712767,67.5999984741211,7.88666648864746,0,/mnt/d/Dropbox/Public Documents/UCLAN/MSc Research/Erwin/s4g_images_36um/NGC1051.phot.1.fits,
91,NGC1493,ok,1.8730734116629864,1.8684092000696317,71,1396,0.02538920413211116,0.0001865684637341878,0.01572558185964991,133.1999969482422,15.539999643961588,0,/mnt/d/Dropbox/Public Documents/UCLAN/MSc Research/Erwin/s4g_images_36um/NGC1493.phot.1.fits,
92,ESO358-020,ok,1.9960090234731958,1.9816256353525328,9,182,0.013486476472767692,0.0005753355248265174,0.012573765162414936,66.0,7.699999999999999,0,/mnt/d/Dropbox/Public Documents/UCLAN/MSc Research/Erwin/s4g_images_36um/ESO358-020.phot.1.fits,
93,NGC1255,ok,2.0097740013968077,2.000955275695276,55,1107,0.03571082938159295,0.00035274902806126454,0.02352695877563365,100.0,11.666666666666666,0,/mnt/d/Dropbox/Public Documents/UCLAN/MSc Research/Erwin/s4g_images_36um/NGC1255.phot.1.fits,
94,NGC3726,ok,2.019408227655614,2.0085870777762995,32,481,0.01885535084280674,0.00043284599517257033,0.031275919706878166,90.7393872904906,10.586261850557236,0,/mnt/d/Dropbox/Public Documents/UCLAN/MSc Research/Erwin/s4g_images_36um/NGC3726.phot.1.fits,
95,NGC3953,ok,2.157509104718685,2.1420527644128553,13,328,0.019430128546887034,0.0006182536122331864,0.06660169008772641,73.81771870427286,8.612067182165168,0,/mnt/d/Dropbox/Public Documents/UCLAN/MSc Research/Erwin/s4g_images_36um/NGC3953.phot.1.fits,
96,PGC007654,ok,2.444113459397379,2.4249694291031414,6,95,0.007302636636174956,0.0007657612117694978,0.011950683346452353,64.80000305175781,7.560000356038412,0,/mnt/d/Dropbox/Public Documents/UCLAN/MSc Research/Erwin/s4g_images_36um/PGC007654.phot.1.fits,
97,PGC011677,ok,2.56049807679573,2.5438536901520123,6,74,0.005044651987183857,0.0006657754657487193,0.012435432993509625,68.80000305175781,8.026667022705078,0,/mnt/d/Dropbox/Public Documents/UCLAN/MSc Research/Erwin/s4g_images_36um/PGC011677.phot.1.fits,
98,NGC4532,ok,2.6695846027062036,2.6556055509523984,23,1109,0.06114235307090087,0.0005591620701522103,0.011955662408868141,76.51537709978284,8.926793994974664,0,/mnt/d/Dropbox/Public Documents/UCLAN/MSc Research/Erwin/s4g_images_36um/NGC4532.phot.1.fits,
99,ESO359-031,ok,2.6881756328516717,2.6565073752713344,7,96,0.01094516018697982,0.0012667303032134964,0.013361668456539445,53.20000076293945,6.206666755676269,0,/mnt/d/Dropbox/Public Documents/UCLAN/MSc Research/Erwin/s4g_images_36um/ESO359-031.phot.1.fits,
100,UGC02345,ok,2.6955482125076955,2.683553142001395,13,173,0.005959762987460383,0.00047980282025202324,0.012178934140028342,96.80000305175781,11.293333689371744,0,/mnt/d/Dropbox/Public Documents/UCLAN/MSc Research/Erwin/s4g_images_36um/UGC02345.phot.1.fits,
101,NGC1291,ok,2.7423141683240613,2.7369076398682974,151,2256,0.01281192144747453,0.00021626113823054884,0.015008319507488245,238.3748153438122,27.810395123444756,0,/mnt/d/Dropbox/Public Documents/UCLAN/MSc Research/Erwin/s4g_images_36um/NGC1291.phot.1.fits,
102,ESO485-021,ok,2.7428416380091294,2.7220799520708185,32,551,0.01961552153791385,0.0008304674375324381,0.013832367987538402,95.19999694824219,11.106666310628254,0,/mnt/d/Dropbox/Public Documents/UCLAN/MSc Research/Erwin/s4g_images_36um/ESO485-021.phot.1.fits,
103,UGC04988,ok,2.7487678120731496,2.684781590005474,4,49,0.010088532015647519,0.0025594488827070305,0.013356045397943314,39.599998474121094,4.619999821980794,0,/mnt/d/Dropbox/Public Documents/UCLAN/MSc Research/Erwin/s4g_images_36um/UGC04988.phot.1.fits,
104,NGC4525,ok,2.8038683599948007,2.779888863304994,12,250,0.02044320876604792,0.0009591798675922708,0.015822808256083478,62.79999923706055,7.326666577657064,0,/mnt/d/Dropbox/Public Documents/UCLAN/MSc Research/Erwin/s4g_images_36um/NGC4525.phot.1.fits,
105,NGC4668,ok,2.9629331681145903,2.9390004027664047,16,413,0.032147583093329185,0.0009573106139274153,0.015593828303862039,64.4000015258789,7.513333511352538,0,/mnt/d/Dropbox/Public Documents/UCLAN/MSc Research/Erwin/s4g_images_36um/NGC4668.phot.1.fits,
106,UGC09245,ok,3.1850213633015487,3.163646368905878,14,245,0.013980826295366355,0.0008549997758268282,0.012349278737349275,75.19999694824219,8.77333297729492,0,/mnt/d/Dropbox/Public Documents/UCLAN/MSc Research/Erwin/s4g_images_36um/UGC09245.phot.1.fits,
107,UGC05633,ok,3.3011985401838526,3.2807478424427234,18,242,0.010363138060979788,0.0008180279096451688,0.012506154629177065,86.80000305175781,10.126667022705078,0,/mnt/d/Dropbox/Public Documents/UCLAN/MSc Research/Erwin/s4g_images_36um/UGC05633.phot.1.fits,
108,NGC7531,ok,3.6109947257780677,3.5987465284123505,31,1068,0.031142473902140318,0.0004899278946286902,0.01374323454204647,105.19999694824219,12.27333297729492,0,/mnt/d/Dropbox/Public Documents/UCLAN/MSc Research/Erwin/s4g_images_36um/NGC7531.phot.1.fits,
109,PGC035705,ok,3.6612044637984162,3.6285949502896675,10,153,0.01283987915407855,0.0013043805403499544,0.012995893551526654,62.0,7.233333333333333,0,/mnt/d/Dropbox/Public Documents/UCLAN/MSc Research/Erwin/s4g_images_36um/PGC035705.phot.1.fits,
110,ESO236-039,ok,3.7437226529715595,3.6792344464624454,7,99,0.019987886129618413,0.0025795282603645743,0.015555283734029089,40.0,4.666666666666667,0,/mnt/d/Dropbox/Public Documents/UCLAN/MSc Research/Erwin/s4g_images_36um/ESO236-039.phot.1.fits,
111,NGC4449,ok,3.846704783960515,3.8302428096738286,46,923,0.027812095097477927,0.0006584789714674555,0.05581519366967385,103.49195169965843,12.074061031626815,0,/mnt/d/Dropbox/Public Documents/UCLAN/MSc Research/Erwin/s4g_images_36um/NGC4449.phot.1.fits,
112,UGC05832,ok,3.874719397442923,3.8359091702282844,11,234,0.02126886020723505,0.0015524090885855387,0.015915435283568348,59.599998474121094,6.953333155314127,0,/mnt/d/Dropbox/Public Documents/UCLAN/MSc Research/Erwin/s4g_images_36um/UGC05832.phot.1.fits,
113,NGC4020,ok,3.8797556377764444,3.8514487866262543,27,740,0.04721194334566799,0.0011322740460076091,0.014409886930093985,71.1200603087629,8.297340369355672,0,/mnt/d/Dropbox/Public Documents/UCLAN/MSc Research/Erwin/s4g_images_36um/NGC4020.phot.1.fits,
114,UGC06682,ok,3.89679645435547,3.871653816143234,15,262,0.010347142687887525,0.0010057055284894366,0.011169230056882418,90.4000015258789,10.546666844685872,0,/mnt/d/Dropbox/Public Documents/UCLAN/MSc Research/Erwin/s4g_images_36um/UGC06682.phot.1.fits,
115,NGC5569,ok,3.918030486747252,3.8782278923076534,11,186,0.013612412177985948,0.00159210377758395,0.013482471837385247,66.4000015258789,7.746666844685873,0,/mnt/d/Dropbox/Public Documents/UCLAN/MSc Research/Erwin/s4g_images_36um/NGC5569.phot.1.fits,
116,ESO202-041,ok,3.9181771884230248,3.8930789165051687,6,80,0.005516100117217128,0.0010039308767142458,0.01169189018081654,68.4000015258789,7.980000178019205,0,/mnt/d/Dropbox/Public Documents/UCLAN/MSc Research/Erwin/s4g_images_36um/ESO202-041.phot.1.fits,
117,PGC002492,ok,3.947133365978354,3.909140316069703,9,115,0.010450745183569612,0.001519721996346034,0.01322963577053746,59.599998474121094,6.953333155314127,0,/mnt/d/Dropbox/Public Documents/UCLAN/MSc Research/Erwin/s4g_images_36um/PGC002492.phot.1.fits,
118,IC3517,ok,3.9669919146912225,3.943089899842771,10,112,0.006971677559912854,0.0009560805939380502,0.01212305372719736,72.0,8.399999999999999,0,/mnt/d/Dropbox/Public Documents/UCLAN/MSc Research/Erwin/s4g_images_36um/IC3517.phot.1.fits,
119,UGC04499,ok,4.1834626373497175,4.165209439776724,14,204,0.008199686482575666,0.0007301279029197329,0.012457638563420205,89.5999984741211,10.453333155314127,0,/mnt/d/Dropbox/Public Documents/UCLAN/MSc Research/Erwin/s4g_images_36um/UGC04499.phot.1.fits,
120,UGC12151,ok,4.215199160176914,4.156374730944952,6,71,0.00961147962637065,0.002352977169278466,0.013256838958032213,48.79999923706055,5.69333324432373,0,/mnt/d/Dropbox/Public Documents/UCLAN/MSc Research/Erwin/s4g_images_36um/UGC12151.phot.1.fits,
121,NGC5236,ok,4.220324463112267,4.2169824643284555,911,21472,0.03280381570464344,0.0001336799513524924,0.03435067480953069,459.6000061035156,53.62000071207682,0,/mnt/d/Dropbox/Public Documents/UCLAN/MSc Research/Erwin/s4g_images_36um/NGC5236.phot.1.fits,
122,UGC05354,ok,4.229840344080551,4.197258292219079,10,336,0.024909185262065387,0.001303282074458876,0.013264245166328731,66.0,7.699999999999999,0,/mnt/d/Dropbox/Public Documents/UCLAN/MSc Research/Erwin/s4g_images_36um/UGC05354.phot.1.fits,
123,PGC048179,ok,4.2703395773538455,4.250073290793944,37,615,0.01848456613867933,0.0008106514623960453,0.015132229921310062,103.5999984741211,12.08666648864746,0,/mnt/d/Dropbox/Public Documents/UCLAN/MSc Research/Erwin/s4g_images_36um/PGC048179.phot.1.fits,
124,PGC051523,ok,4.3504538669281425,4.321262411163728,14,374,0.02253012048192771,0.0011676582305766004,0.012861350482614362,73.19999694824219,8.539999643961588,0,/mnt/d/Dropbox/Public Documents/UCLAN/MSc Research/Erwin/s4g_images_36um/PGC051523.phot.1.fits,
125,NGC7418,ok,4.645511101244409,4.63035259251179,85,1935,0.041942126368267045,0.000606340349304767,0.020945226272698295,122.0,14.23333333333333,0,/mnt/d/Dropbox/Public Documents/UCLAN/MSc Research/Erwin/s4g_images_36um/NGC7418.phot.1.fits,
126,ESO357-012,ok,4.6570592171608265,4.628935007601363,26,368,0.010181214552496888,0.0011249683823785425,0.012052282788034722,108.0,12.6,0,/mnt/d/Dropbox/Public Documents/UCLAN/MSc Research/Erwin/s4g_images_36um/ESO357-012.phot.1.fits,
127,NGC0986,ok,4.663852534969717,4.6397698858095655,60,2127,0.06172911164639986,0.0009633059664060456,0.013001146827751197,105.45388252678636,12.302952961458407,0,/mnt/d/Dropbox/Public Documents/UCLAN/MSc Research/Erwin/s4g_images_36um/NGC0986.phot.1.fits,
128,ESO443-085,ok,4.712171427037591,4.669432201414738,18,267,0.01758198340576847,0.001709569024914116,0.01445838311783423,70.0,8.166666666666666,0,/mnt/d/Dropbox/Public Documents/UCLAN/MSc Research/Erwin/s4g_images_36um/ESO443-085.phot.1.fits,
129,NGC7496,ok,4.7558998249195374,4.742513667497149,74,1663,0.023723252496433665,0.0005354462968955367,0.015286225083200329,150.39999389648438,17.54666595458984,0,/mnt/d/Dropbox/Public Documents/UCLAN/MSc Research/Erwin/s4g_images_36um/NGC7496.phot.1.fits,
130,ESO085-047,ok,4.763703254977134,4.694618841930471,13,171,0.015747306381803113,0.002763376521866497,0.013764335906759224,59.20000076293945,6.9066667556762695,0,/mnt/d/Dropbox/Public Documents/UCLAN/MSc Research/Erwin/s4g_images_36um/ESO085-047.phot.1.fits,
131,UGC05393,ok,4.771971939517148,4.729010489741633,18,248,0.01289249324183822,0.0017184579910206085,0.012136482794802707,78.80000305175781,9.193333689371745,0,/mnt/d/Dropbox/Public Documents/UCLAN/MSc Research/Erwin/s4g_images_36um/UGC05393.phot.1.fits,
132,UGC07612,ok,4.864415267783512,4.8314999311360145,18,270,0.011892701405100648,0.001316613465899912,0.012354101429517211,85.5999984741211,9.98666648864746,0,/mnt/d/Dropbox/Public Documents/UCLAN/MSc Research/Erwin/s4g_images_36um/UGC07612.phot.1.fits,
133,NGC4204,ok,4.873234881874902,4.8516141498271805,93,1436,0.012413447324971258,0.0008648292819088448,0.01157306864064323,193.1999969482422,22.539999643961586,0,/mnt/d/Dropbox/Public Documents/UCLAN/MSc Research/Erwin/s4g_images_36um/NGC4204.phot.1.fits,
134,ESO026-001,ok,5.067916807260094,5.031551227702886,22,384,0.02263083451202263,0.0014546231822883024,0.017265595299780993,74.0,8.633333333333333,0,/mnt/d/Dropbox/Public Documents/UCLAN/MSc Research/Erwin/s4g_images_36um/ESO026-001.phot.1.fits,
135,NGC3185,ok,5.202153585130373,5.157877331737634,60,1185,0.022769195296287757,0.0017710501357095603,0.01432263981141573,129.60000610351562,15.120000712076823,0,/mnt/d/Dropbox/Public Documents/UCLAN/MSc Research/Erwin/s4g_images_36um/NGC3185.phot.1.fits,
136,NGC0672,ok,5.206876291176241,5.19494388285658,45,1216,0.025191630412264347,0.0004772963327864144,0.015985930807464143,124.82797166333211,14.563263360722079,0,/mnt/d/Dropbox/Public Documents/UCLAN/MSc Research/Erwin/s4g_images_36um/NGC0672.phot.1.fits,
137,UGC08507,ok,5.319037514412527,5.276164431373441,35,579,0.012150846781809405,0.001714923321563443,0.014129168677162138,124.0,14.466666666666667,0,/mnt/d/Dropbox/Public Documents/UCLAN/MSc Research/Erwin/s4g_images_36um/UGC08507.phot.1.fits,
138,NGC6237,ok,5.372610395875269,5.344500079639368,26,471,0.010769160417047742,0.001124412649436055,0.012186991290656143,118.80000305175781,13.86000035603841,0,/mnt/d/Dropbox/Public Documents/UCLAN/MSc Research/Erwin/s4g_images_36um/NGC6237.phot.1.fits,
139,NGC4498,ok,5.40107418833167,5.3633688646795425,28,812,0.055178037510192984,0.0015082129460850754,0.013057429056465062,68.91288695884094,8.039836811864776,0,/mnt/d/Dropbox/Public Documents/UCLAN/MSc Research/Erwin/s4g_images_36um/NGC4498.phot.1.fits,
140,UGC08385,ok,5.4342696223148685,5.404702523461502,22,366,0.010842195692745209,0.0011826839541346447,0.011816732693021827,104.4000015258789,12.180000178019206,0,/mnt/d/Dropbox/Public Documents/UCLAN/MSc Research/Erwin/s4g_images_36um/UGC08385.phot.1.fits,
141,NGC3627,ok,5.452030498943463,5.445383739162886,137,4945,0.06017938202042083,0.0002658703912230759,0.025953768577177044,162.84041769042955,18.99804873055011,0,/mnt/d/Dropbox/Public Documents/UCLAN/MSc Research/Erwin/s4g_images_36um/NGC3627.phot.1.fits,
142,NGC7800,ok,5.504010975559857,5.461116863533093,42,740,0.019457299116533447,0.001715764481070581,0.013295869024437358,110.80000305175781,12.926667022705077,0,/mnt/d/Dropbox/Public Documents/UCLAN/MSc Research/Erwin/s4g_images_36um/NGC7800.phot.1.fits,
143,UGC06983,ok,5.549066221803377,5.5117803869241895,20,316,0.01106868892080283,0.0014914333951674991,0.012986789918766188,96.0,11.2,0,/mnt/d/Dropbox/Public Documents/UCLAN/MSc Research/Erwin/s4g_images_36um/UGC06983.phot.1.fits,
144,NGC3504,ok,5.578258097674139,5.549316373551563,35,1070,0.04172190595024565,0.0011576689649030465,0.013720340311245435,90.98462513567253,10.614872932495128,0,/mnt/d/Dropbox/Public Documents/UCLAN/MSc Research/Erwin/s4g_images_36um/NGC3504.phot.1.fits,
145,ESO440-044,ok,5.590185096535273,5.534857141949963,35,528,0.015052598568862787,0.0022131181834124025,0.012452174301831456,106.4000015258789,12.413333511352539,0,/mnt/d/Dropbox/Public Documents/UCLAN/MSc Research/Erwin/s4g_images_36um/ESO440-044.phot.1.fits,
146,NGC3287,ok,5.627808335320604,5.600277304803422,31,968,0.026204656199242015,0.001101241220687303,0.013040483681177262,109.19999694824219,12.739999643961589,0,/mnt/d/Dropbox/Public Documents/UCLAN/MSc Research/Erwin/s4g_images_36um/NGC3287.phot.1.fits,
147,ESO120-012,ok,5.746252834754545,5.694086532465491,30,495,0.01665096878363832,0.002086652091562163,0.013419374310369754,98.0,11.433333333333332,0,/mnt/d/Dropbox/Public Documents/UCLAN/MSc Research/Erwin/s4g_images_36um/ESO120-012.phot.1.fits,
148,NGC4116,ok,5.7541571847095465,5.725412708921648,64,1459,0.022082973860660823,0.00114977903151594,0.011069362440361568,146.0,17.03333333333333,0,/mnt/d/Dropbox/Public Documents/UCLAN/MSc Research/Erwin/s4g_images_36um/NGC4116.phot.1.fits,
149,NGC1879,ok,5.754354143961814,5.71539565601642,50,707,0.011705685618729096,0.0015583395178157809,0.011903834784743461,139.60000610351562,16.286667378743488,0,/mnt/d/Dropbox/Public Documents/UCLAN/MSc Research/Erwin/s4g_images_36um/NGC1879.phot.1.fits,
150,UGC08489,ok,5.830978507535513,5.787873932119035,21,373,0.013389812255447464,0.0017241830166591513,0.011790623561883403,94.80000305175781,11.060000356038412,0,/mnt/d/Dropbox/Public Documents/UCLAN/MSc Research/Erwin/s4g_images_36um/UGC08489.phot.1.fits,
151,UGC06840,ok,5.924836973653765,5.889390671315358,34,536,0.007728911319394376,0.0014178520935362857,0.01121446209452446,149.60000610351562,17.453334045410156,0,/mnt/d/Dropbox/Public Documents/UCLAN/MSc Research/Erwin/s4g_images_36um/UGC06840.phot.1.fits,
152,NGC2903,ok,5.9484623768851,5.940861756425214,136,4423,0.05117672922500174,0.00030402481839543667,0.03408493364890195,167.00951718986735,19.48444367215119,0,/mnt/d/Dropbox/Public Documents/UCLAN/MSc Research/Erwin/s4g_images_36um/NGC2903.phot.1.fits,
153,NGC4389,ok,5.965773111904683,5.920654307382016,83,1831,0.020445992875727223,0.0018047521809066989,0.012268427905522006,170.0,19.833333333333332,0,/mnt/d/Dropbox/Public Documents/UCLAN/MSc Research/Erwin/s4g_images_36um/NGC4389.phot.1.fits,
154,ESO572-030,ok,6.021373187094364,5.98287823051361,20,315,0.01336784926158547,0.0015397982632301378,0.012902936519744857,87.19999694824219,10.17333297729492,0,/mnt/d/Dropbox/Public Documents/UCLAN/MSc Research/Erwin/s4g_images_36um/ESO572-030.phot.1.fits,
155,NGC6217,ok,6.036524224869609,6.0055317024612815,73,1943,0.033510399779241834,0.0012397008963331187,0.013324751761004014,136.8000030517578,15.96000035603841,0,/mnt/d/Dropbox/Public Documents/UCLAN/MSc Research/Erwin/s4g_images_36um/NGC6217.phot.1.fits,
156,NGC0210,ok,6.073085163658698,6.05540736504572,100,1990,0.014450237448625412,0.0007071119445191265,0.012268340486119186,210.8000030517578,24.593333689371743,0,/mnt/d/Dropbox/Public Documents/UCLAN/MSc Research/Erwin/s4g_images_36um/NGC0210.phot.1.fits,
157,UGC07911,ok,6.104853284934266,6.071248953198809,29,405,0.00984539089848308,0.0013441732694182476,0.012930649670049187,115.19999694824219,13.439999643961588,0,/mnt/d/Dropbox/Public Documents/UCLAN/MSc Research/Erwin/s4g_images_36um/UGC07911.phot.1.fits,
158,NGC4123,ok,6.4635957413869125,6.433047397384166,100,1768,0.01528591931662949,0.0012219337601098819,0.013308921508063981,193.1999969482422,22.539999643961586,0,/mnt/d/Dropbox/Public Documents/UCLAN/MSc Research/Erwin/s4g_images_36um/NGC4123.phot.1.fits,
159,UGC04393,ok,6.500706368687703,6.451678725132575,28,455,0.018959123296804034,0.0019611057422051045,0.010844666304291607,88.0,10.266666666666666,0,/mnt/d/Dropbox/Public Documents/UCLAN/MSc Research/Erwin/s4g_images_36um/UGC04393.phot.1.fits,
160,ESO479-004,ok,6.592761795343251,6.56543170327274,26,554,0.01955662242304434,0.0010932036828204374,0.015495914022781675,95.5999984741211,11.153333155314126,0,/mnt/d/Dropbox/Public Documents/UCLAN/MSc Research/Erwin/s4g_images_36um/ESO479-004.phot.1.fits,
161,NGC7552,ok,6.660545960954545,6.635763687933079,67,1940,0.03819649537310494,0.0009912909208586239,0.013790819865888333,128.01611042681805,14.93521288312877,0,/mnt/d/Dropbox/Public Documents/UCLAN/MSc Research/Erwin/s4g_images_36um/NGC7552.phot.1.fits,
162,NGC1187,ok,7.245629525967199,7.225144454832195,117,2695,0.035731332201951634,0.0008194028454001481,0.016738502324414792,156.0,18.2,0,/mnt/d/Dropbox/Public Documents/UCLAN/MSc Research/Erwin/s4g_images_36um/NGC1187.phot.1.fits,
163,NGC5134,ok,7.327980356665552,7.29103170102903,96,1777,0.01738798594870691,0.0014779462254609031,0.01295961305096468,181.60000610351562,21.186667378743486,0,/mnt/d/Dropbox/Public Documents/UCLAN/MSc Research/Erwin/s4g_images_36um/NGC5134.phot.1.fits,
164,NGC3673,ok,7.362755330568844,7.336840825604841,87,1969,0.021576899895896114,0.0010365801985601272,0.013413120383668807,171.60000610351562,20.020000712076822,0,/mnt/d/Dropbox/Public Documents/UCLAN/MSc Research/Erwin/s4g_images_36um/NGC3673.phot.1.fits,
165,NGC7513,ok,7.472532712970624,7.439400630694813,69,1580,0.02586686748960414,0.0013252832910324473,0.014751730580162789,140.39999389648438,16.379999287923177,0,/mnt/d/Dropbox/Public Documents/UCLAN/MSc Research/Erwin/s4g_images_36um/NGC7513.phot.1.fits,
166,NGC3992,ok,7.745987042990004,7.735952217734921,150,2749,0.01787107343457458,0.00040139301020330944,0.015866841927012026,222.8000030517578,25.99333368937174,0,/mnt/d/Dropbox/Public Documents/UCLAN/MSc Research/Erwin/s4g_images_36um/NGC3992.phot.1.fits,
167,NGC1512,ok,8.054401624278503,8.040798701613966,106,2103,0.022131251052365717,0.0005441169065814814,0.01067875934004896,175.10249705400932,20.428624656301086,0,/mnt/d/Dropbox/Public Documents/UCLAN/MSc Research/Erwin/s4g_images_36um/NGC1512.phot.1.fits,
168,NGC3930,ok,8.08282146126453,8.051675963327618,35,631,0.013242670360343343,0.0012458199174764889,0.013645358560396956,124.0,14.466666666666667,0,/mnt/d/Dropbox/Public Documents/UCLAN/MSc Research/Erwin/s4g_images_36um/NGC3930.phot.1.fits,
169,NGC1097,ok,8.474904128687841,8.450779629308276,221,5407,0.03283237696207912,0.0009649799751826409,0.013187032606474228,230.52709203530043,26.89482740411838,0,/mnt/d/Dropbox/Public Documents/UCLAN/MSc Research/Erwin/s4g_images_36um/NGC1097.phot.1.fits,
170,NGC2968,ok,8.703885744881644,8.667867744142653,53,1285,0.02152609096239216,0.0014407200295596411,0.009333076859317405,138.8000030517578,16.193333689371745,0,/mnt/d/Dropbox/Public Documents/UCLAN/MSc Research/Erwin/s4g_images_36um/NGC2968.phot.1.fits,
171,NGC4457,ok,9.027637690485806,8.976101217786113,13,381,0.019235623769374464,0.002061458907987726,0.011486689779088264,79.94875370845071,9.32735459931925,0,/mnt/d/Dropbox/Public Documents/UCLAN/MSc Research/Erwin/s4g_images_36um/NGC4457.phot.1.fits,
172,NGC3359,ok,9.524370212685184,9.49706081804155,85,1916,0.024892815382616604,0.0010923757857453813,0.014835080680723475,157.60000610351562,18.38666737874349,0,/mnt/d/Dropbox/Public Documents/UCLAN/MSc Research/Erwin/s4g_images_36um/NGC3359.phot.1.fits,
173,NGC1350,ok,10.140930338951689,10.112656468422097,129,2311,0.014145457661561816,0.0011309548211837,0.013055178026747454,229.60000610351562,26.78666737874349,0,/mnt/d/Dropbox/Public Documents/UCLAN/MSc Research/Erwin/s4g_images_36um/NGC1350.phot.1.fits,
174,NGC4064,ok,10.186222621060084,10.138547815311286,16,824,0.03568335354235233,0.0019069922299519543,0.009067063425931455,86.3250405906467,10.071254735575447,0,/mnt/d/Dropbox/Public Documents/UCLAN/MSc Research/Erwin/s4g_images_36um/NGC4064.phot.1.fits,
175,NGC3227,ok,10.654541635492038,10.621087121486374,60,1294,0.017607358624067926,0.0013381805602265446,0.01368393241815811,154.01171493551757,17.968033409143718,0,/mnt/d/Dropbox/Public Documents/UCLAN/MSc Research/Erwin/s4g_images_36um/NGC3227.phot.1.fits,
176,NGC3319,ok,13.511134299349798,13.441238642443052,111,2146,0.027934706203951994,0.0027958262762698494,0.006816478374845131,157.44509154418546,18.368594013488302,0,/mnt/d/Dropbox/Public Documents/UCLAN/MSc Research/Erwin/s4g_images_36um/NGC3319.phot.1.fits,
177,NGC4314,ok,14.297902007666933,14.262356912684433,81,2154,0.021928127863178257,0.001421803799299936,0.01195030453768008,178.0453886170892,20.771962005327072,0,/mnt/d/Dropbox/Public Documents/UCLAN/MSc Research/Erwin/s4g_images_36um/NGC4314.phot.1.fits,
178,NGC1808,ok,14.60133471232624,14.543376199921337,418,9189,0.028146882064288472,0.002318340496196132,0.008790586973407852,335.4904988717229,39.140558201701005,0,/mnt/d/Dropbox/Public Documents/UCLAN/MSc Research/Erwin/s4g_images_36um/NGC1808.phot.1.fits,
179,NGC4293,ok,14.762832700638121,14.722701386099352,96,3185,0.028016502027567888,0.001605252581550752,0.007784605440610582,191.53367591702698,22.345595523653145,0,/mnt/d/Dropbox/Public Documents/UCLAN/MSc Research/Erwin/s4g_images_36um/NGC4293.phot.1.fits,
180,NGC1672,ok,14.868116885101768,14.824528047517592,182,4968,0.048157734027394074,0.0017435535033670255,0.014790175958479392,182.45974467215723,21.286970211751676,0,/mnt/d/Dropbox/Public Documents/UCLAN/MSc Research/Erwin/s4g_images_36um/NGC1672.phot.1.fits,
181,NGC7582,ok,15.015477501454843,14.988739889939657,99,3041,0.023545899405351834,0.0010695044606074012,0.013012748405919821,204.39999389648438,23.84666595458984,0,/mnt/d/Dropbox/Public Documents/UCLAN/MSc Research/Erwin/s4g_images_36um/NGC7582.phot.1.fits,
182,NGC4725,ok,15.671811837676035,15.63819321663884,306,5773,0.020374311356746323,0.0013447448414878336,0.01107231438182038,302.3828845900574,35.278003202173366,0,/mnt/d/Dropbox/Public Documents/UCLAN/MSc Research/Erwin/s4g_images_36um/NGC4725.phot.1.fits,
