name,status,segments_kept,segments_raw,masked_pixels,masked_fraction,report_png,cleaned_fits,elapsed_seconds,error
ESO013-016,ok,0,0,0,0.0,Foreground Masking\Azure\mean-parameter-4sets\full-batches\mtobjects-spike\ESO013-016_mtobjects_optimised_report.png,,1.3368946999980835,
ESO026-001,ok,1,1,224,0.00026087523641818303,Foreground Masking\Azure\mean-parameter-4sets\full-batches\mtobjects-spike\ESO026-001_mtobjects_optimised_report.png,,0.9117239999977755,
ESO054-021,ok,0,0,0,0.0,Foreground Masking\Azure\mean-parameter-4sets\full-batches\mtobjects-spike\ESO054-021_mtobjects_optimised_report.png,,0.9418255999989924,
ESO079-005,ok,0,0,0,0.0,Foreground Masking\Azure\mean-parameter-4sets\full-batches\mtobjects-spike\ESO079-005_mtobjects_optimised_report.png,,1.0056288999985554,
ESO085-047,ok,0,0,0,0.0,Foreground Masking\Azure\mean-parameter-4sets\full-batches\mtobjects-spike\ESO085-047_mtobjects_optimised_report.png,,1.0213981999986572,
ESO120-012,ok,0,0,0,0.0,Foreground Masking\Azure\mean-parameter-4sets\full-batches\mtobjects-spike\ESO120-012_mtobjects_optimised_report.png,,1.0831490000055055,
ESO202-041,ok,0,0,0,0.0,Foreground Masking\Azure\mean-parameter-4sets\full-batches\mtobjects-spike\ESO202-041_mtobjects_optimised_report.png,,1.2485749999977998,
ESO236-039,ok,0,0,0,0.0,Foreground Masking\Azure\mean-parameter-4sets\full-batches\mtobjects-spike\ESO236-039_mtobjects_optimised_report.png,,1.0908504999970319,
ESO298-023,ok,0,0,0,0.0,Foreground Masking\Azure\mean-parameter-4sets\full-batches\mtobjects-spike\ESO298-023_mtobjects_optimised_report.png,,0.9558833000046434,
ESO357-012,ok,0,0,0,0.0,Foreground Masking\Azure\mean-parameter-4sets\full-batches\mtobjects-spike\ESO357-012_mtobjects_optimised_report.png,,1.0182223000010708,
ESO358-020,ok,0,0,0,0.0,Foreground Masking\Azure\mean-parameter-4sets\full-batches\mtobjects-spike\ESO358-020_mtobjects_optimised_report.png,,0.89186989999871,
ESO359-031,ok,0,0,0,0.0,Foreground Masking\Azure\mean-parameter-4sets\full-batches\mtobjects-spike\ESO359-031_mtobjects_optimised_report.png,,0.9445924000028754,
ESO420-009,ok,0,0,0,0.0,Foreground Masking\Azure\mean-parameter-4sets\full-batches\mtobjects-spike\ESO420-009_mtobjects_optimised_report.png,,0.8595002999936696,
ESO440-044,ok,0,0,0,0.0,Foreground Masking\Azure\mean-parameter-4sets\full-batches\mtobjects-spike\ESO440-044_mtobjects_optimised_report.png,,1.109442900000431,
ESO443-085,ok,0,0,0,0.0,Foreground Masking\Azure\mean-parameter-4sets\full-batches\mtobjects-spike\ESO443-085_mtobjects_optimised_report.png,,0.8545020999954431,
ESO479-004,ok,0,0,0,0.0,Foreground Masking\Azure\mean-parameter-4sets\full-batches\mtobjects-spike\ESO479-004_mtobjects_optimised_report.png,,0.8978109000017866,
ESO485-021,ok,0,0,0,0.0,Foreground Masking\Azure\mean-parameter-4sets\full-batches\mtobjects-spike\ESO485-021_mtobjects_optimised_report.png,,0.9939612000016496,
ESO572-030,ok,0,0,0,0.0,Foreground Masking\Azure\mean-parameter-4sets\full-batches\mtobjects-spike\ESO572-030_mtobjects_optimised_report.png,,0.9132874999995693,
IC0600,ok,0,0,0,0.0,Foreground Masking\Azure\mean-parameter-4sets\full-batches\mtobjects-spike\IC0600_mtobjects_optimised_report.png,,1.0250207999997656,
IC0797,ok,0,0,0,0.0,Foreground Masking\Azure\mean-parameter-4sets\full-batches\mtobjects-spike\IC0797_mtobjects_optimised_report.png,,1.0876997000013944,
IC1014,ok,0,0,0,0.0,Foreground Masking\Azure\mean-parameter-4sets\full-batches\mtobjects-spike\IC1014_mtobjects_optimised_report.png,,0.8756037999992259,
IC1933,ok,0,0,0,0.0,Foreground Masking\Azure\mean-parameter-4sets\full-batches\mtobjects-spike\IC1933_mtobjects_optimised_report.png,,0.8928372000009404,
IC1953,ok,0,0,0,0.0,Foreground Masking\Azure\mean-parameter-4sets\full-batches\mtobjects-spike\IC1953_mtobjects_optimised_report.png,,0.7353757000018959,
IC1954,ok,0,0,0,0.0,Foreground Masking\Azure\mean-parameter-4sets\full-batches\mtobjects-spike\IC1954_mtobjects_optimised_report.png,,0.9103224999998929,
IC2007,ok,0,0,0,0.0,Foreground Masking\Azure\mean-parameter-4sets\full-batches\mtobjects-spike\IC2007_mtobjects_optimised_report.png,,0.8276107999990927,
IC3115,ok,0,0,0,0.0,Foreground Masking\Azure\mean-parameter-4sets\full-batches\mtobjects-spike\IC3115_mtobjects_optimised_report.png,,1.052353500002937,
IC3517,ok,0,0,0,0.0,Foreground Masking\Azure\mean-parameter-4sets\full-batches\mtobjects-spike\IC3517_mtobjects_optimised_report.png,,1.0176046000051429,
IC3521,ok,0,0,0,0.0,Foreground Masking\Azure\mean-parameter-4sets\full-batches\mtobjects-spike\IC3521_mtobjects_optimised_report.png,,1.0592991000012262,
IC4901,ok,0,0,0,0.0,Foreground Masking\Azure\mean-parameter-4sets\full-batches\mtobjects-spike\IC4901_mtobjects_optimised_report.png,,1.6606406999999308,
IC5273,ok,0,0,0,0.0,Foreground Masking\Azure\mean-parameter-4sets\full-batches\mtobjects-spike\IC5273_mtobjects_optimised_report.png,,1.1204432000013185,
NGC0210,ok,0,0,0,0.0,Foreground Masking\Azure\mean-parameter-4sets\full-batches\mtobjects-spike\NGC0210_mtobjects_optimised_report.png,,1.4621794000049704,
NGC0255,ok,0,0,0,0.0,Foreground Masking\Azure\mean-parameter-4sets\full-batches\mtobjects-spike\NGC0255_mtobjects_optimised_report.png,,1.1317195999945397,
NGC0289,ok,0,0,0,0.0,Foreground Masking\Azure\mean-parameter-4sets\full-batches\mtobjects-spike\NGC0289_mtobjects_optimised_report.png,,2.2949485999997705,
NGC0298,ok,0,0,0,0.0,Foreground Masking\Azure\mean-parameter-4sets\full-batches\mtobjects-spike\NGC0298_mtobjects_optimised_report.png,,0.855220500001451,
NGC0578,ok,0,1,0,0.0,Foreground Masking\Azure\mean-parameter-4sets\full-batches\mtobjects-spike\NGC0578_mtobjects_optimised_report.png,,1.4540296000050148,
NGC0600,ok,0,0,0,0.0,Foreground Masking\Azure\mean-parameter-4sets\full-batches\mtobjects-spike\NGC0600_mtobjects_optimised_report.png,,0.8637168999994174,
NGC0672,ok,0,2,0,0.0,Foreground Masking\Azure\mean-parameter-4sets\full-batches\mtobjects-spike\NGC0672_mtobjects_optimised_report.png,,1.8574445000049309,
NGC0685,ok,0,0,0,0.0,Foreground Masking\Azure\mean-parameter-4sets\full-batches\mtobjects-spike\NGC0685_mtobjects_optimised_report.png,,0.899820800004818,
NGC0701,ok,0,0,0,0.0,Foreground Masking\Azure\mean-parameter-4sets\full-batches\mtobjects-spike\NGC0701_mtobjects_optimised_report.png,,0.8006523000003654,
NGC0918,ok,0,0,0,0.0,Foreground Masking\Azure\mean-parameter-4sets\full-batches\mtobjects-spike\NGC0918_mtobjects_optimised_report.png,,0.938549200000125,
NGC0986,ok,0,0,0,0.0,Foreground Masking\Azure\mean-parameter-4sets\full-batches\mtobjects-spike\NGC0986_mtobjects_optimised_report.png,,1.3154524999990826,
NGC0991,ok,0,0,0,0.0,Foreground Masking\Azure\mean-parameter-4sets\full-batches\mtobjects-spike\NGC0991_mtobjects_optimised_report.png,,0.8055604999972275,
NGC1022,ok,0,0,0,0.0,Foreground Masking\Azure\mean-parameter-4sets\full-batches\mtobjects-spike\NGC1022_mtobjects_optimised_report.png,,0.791921199997887,
NGC1051,ok,0,0,0,0.0,Foreground Masking\Azure\mean-parameter-4sets\full-batches\mtobjects-spike\NGC1051_mtobjects_optimised_report.png,,0.8091866999966442,
NGC1097,ok,0,0,0,0.0,Foreground Masking\Azure\mean-parameter-4sets\full-batches\mtobjects-spike\NGC1097_mtobjects_optimised_report.png,,2.2350318000026164,
NGC1187,ok,0,0,0,0.0,Foreground Masking\Azure\mean-parameter-4sets\full-batches\mtobjects-spike\NGC1187_mtobjects_optimised_report.png,,2.032585500004643,
NGC1255,ok,0,0,0,0.0,Foreground Masking\Azure\mean-parameter-4sets\full-batches\mtobjects-spike\NGC1255_mtobjects_optimised_report.png,,1.3860952999966685,
NGC1291,ok,0,1,0,0.0,Foreground Masking\Azure\mean-parameter-4sets\full-batches\mtobjects-spike\NGC1291_mtobjects_optimised_report.png,,2.7537512999988394,
NGC1302,ok,0,0,0,0.0,Foreground Masking\Azure\mean-parameter-4sets\full-batches\mtobjects-spike\NGC1302_mtobjects_optimised_report.png,,1.8038725000005797,
NGC1313,ok,0,0,0,0.0,Foreground Masking\Azure\mean-parameter-4sets\full-batches\mtobjects-spike\NGC1313_mtobjects_optimised_report.png,,5.834702400003152,
NGC1326A,ok,0,1,0,0.0,Foreground Masking\Azure\mean-parameter-4sets\full-batches\mtobjects-spike\NGC1326A_mtobjects_optimised_report.png,,1.1649064999946859,
NGC1341,ok,0,0,0,0.0,Foreground Masking\Azure\mean-parameter-4sets\full-batches\mtobjects-spike\NGC1341_mtobjects_optimised_report.png,,1.26862959999562,
NGC1347,ok,0,0,0,0.0,Foreground Masking\Azure\mean-parameter-4sets\full-batches\mtobjects-spike\NGC1347_mtobjects_optimised_report.png,,0.8642812999969465,
NGC1350,ok,1,1,290,0.00014562707016412674,Foreground Masking\Azure\mean-parameter-4sets\full-batches\mtobjects-spike\NGC1350_mtobjects_optimised_report.png,,1.7349933000004967,
NGC1367,ok,1,1,161,6.273794632593338e-05,Foreground Masking\Azure\mean-parameter-4sets\full-batches\mtobjects-spike\NGC1367_mtobjects_optimised_report.png,,1.7326151999950525,
NGC1436,ok,0,0,0,0.0,Foreground Masking\Azure\mean-parameter-4sets\full-batches\mtobjects-spike\NGC1436_mtobjects_optimised_report.png,,0.8726170000009006,
NGC1493,ok,0,0,0,0.0,Foreground Masking\Azure\mean-parameter-4sets\full-batches\mtobjects-spike\NGC1493_mtobjects_optimised_report.png,,1.9684648999973433,
NGC1512,ok,0,0,0,0.0,Foreground Masking\Azure\mean-parameter-4sets\full-batches\mtobjects-spike\NGC1512_mtobjects_optimised_report.png,,2.2398377999998047,
NGC1559,ok,0,0,0,0.0,Foreground Masking\Azure\mean-parameter-4sets\full-batches\mtobjects-spike\NGC1559_mtobjects_optimised_report.png,,1.5762293000007048,
NGC1640,ok,0,0,0,0.0,Foreground Masking\Azure\mean-parameter-4sets\full-batches\mtobjects-spike\NGC1640_mtobjects_optimised_report.png,,0.9370557000002009,
NGC1672,ok,1,1,153,0.00010828393321216857,Foreground Masking\Azure\mean-parameter-4sets\full-batches\mtobjects-spike\NGC1672_mtobjects_optimised_report.png,,1.3834411999996519,
NGC1800,ok,0,0,0,0.0,Foreground Masking\Azure\mean-parameter-4sets\full-batches\mtobjects-spike\NGC1800_mtobjects_optimised_report.png,,0.7822707000013907,
NGC1808,ok,0,1,0,0.0,Foreground Masking\Azure\mean-parameter-4sets\full-batches\mtobjects-spike\NGC1808_mtobjects_optimised_report.png,,1.4909503999951994,
NGC1879,ok,0,0,0,0.0,Foreground Masking\Azure\mean-parameter-4sets\full-batches\mtobjects-spike\NGC1879_mtobjects_optimised_report.png,,1.2241931999960798,
NGC2500,ok,0,1,0,0.0,Foreground Masking\Azure\mean-parameter-4sets\full-batches\mtobjects-spike\NGC2500_mtobjects_optimised_report.png,,0.9423612000027788,
NGC2681,ok,0,1,0,0.0,Foreground Masking\Azure\mean-parameter-4sets\full-batches\mtobjects-spike\NGC2681_mtobjects_optimised_report.png,,1.0839013000004343,
NGC2903,ok,0,2,0,0.0,Foreground Masking\Azure\mean-parameter-4sets\full-batches\mtobjects-spike\NGC2903_mtobjects_optimised_report.png,,2.8951848999931826,
NGC2968,ok,0,0,0,0.0,Foreground Masking\Azure\mean-parameter-4sets\full-batches\mtobjects-spike\NGC2968_mtobjects_optimised_report.png,,1.7357004000004963,
NGC3185,ok,1,1,216,0.00014448237850102209,Foreground Masking\Azure\mean-parameter-4sets\full-batches\mtobjects-spike\NGC3185_mtobjects_optimised_report.png,,1.027597300002526,
NGC3227,ok,0,1,0,0.0,Foreground Masking\Azure\mean-parameter-4sets\full-batches\mtobjects-spike\NGC3227_mtobjects_optimised_report.png,,1.3313583999988623,
NGC3264,ok,0,0,0,0.0,Foreground Masking\Azure\mean-parameter-4sets\full-batches\mtobjects-spike\NGC3264_mtobjects_optimised_report.png,,1.1432707999993,
NGC3287,ok,0,0,0,0.0,Foreground Masking\Azure\mean-parameter-4sets\full-batches\mtobjects-spike\NGC3287_mtobjects_optimised_report.png,,1.2508949000039138,
NGC3319,ok,0,0,0,0.0,Foreground Masking\Azure\mean-parameter-4sets\full-batches\mtobjects-spike\NGC3319_mtobjects_optimised_report.png,,1.0693405000056373,
NGC3344,ok,0,2,0,0.0,Foreground Masking\Azure\mean-parameter-4sets\full-batches\mtobjects-spike\NGC3344_mtobjects_optimised_report.png,,0.9642597999991267,
NGC3359,ok,0,0,0,0.0,Foreground Masking\Azure\mean-parameter-4sets\full-batches\mtobjects-spike\NGC3359_mtobjects_optimised_report.png,,1.9052347000033478,
NGC3380,ok,0,0,0,0.0,Foreground Masking\Azure\mean-parameter-4sets\full-batches\mtobjects-spike\NGC3380_mtobjects_optimised_report.png,,0.8575210999988485,
NGC3447,ok,0,0,0,0.0,Foreground Masking\Azure\mean-parameter-4sets\full-batches\mtobjects-spike\NGC3447_mtobjects_optimised_report.png,,0.9651624999969499,
NGC3485,ok,0,0,0,0.0,Foreground Masking\Azure\mean-parameter-4sets\full-batches\mtobjects-spike\NGC3485_mtobjects_optimised_report.png,,0.8609594000008656,
NGC3486,ok,0,0,0,0.0,Foreground Masking\Azure\mean-parameter-4sets\full-batches\mtobjects-spike\NGC3486_mtobjects_optimised_report.png,,0.8542742999998154,
NGC3504,ok,0,0,0,0.0,Foreground Masking\Azure\mean-parameter-4sets\full-batches\mtobjects-spike\NGC3504_mtobjects_optimised_report.png,,1.3323100000052364,
NGC3627,ok,0,2,0,0.0,Foreground Masking\Azure\mean-parameter-4sets\full-batches\mtobjects-spike\NGC3627_mtobjects_optimised_report.png,,2.074287600000389,
NGC3673,ok,1,1,328,9.05733319526423e-05,Foreground Masking\Azure\mean-parameter-4sets\full-batches\mtobjects-spike\NGC3673_mtobjects_optimised_report.png,,2.4583178000029875,
NGC3681,ok,0,0,0,0.0,Foreground Masking\Azure\mean-parameter-4sets\full-batches\mtobjects-spike\NGC3681_mtobjects_optimised_report.png,,0.8036945999992895,
NGC3684,ok,0,0,0,0.0,Foreground Masking\Azure\mean-parameter-4sets\full-batches\mtobjects-spike\NGC3684_mtobjects_optimised_report.png,,1.2674243000001297,
NGC3726,ok,0,0,0,0.0,Foreground Masking\Azure\mean-parameter-4sets\full-batches\mtobjects-spike\NGC3726_mtobjects_optimised_report.png,,0.937720599999011,
NGC3729,ok,0,0,0,0.0,Foreground Masking\Azure\mean-parameter-4sets\full-batches\mtobjects-spike\NGC3729_mtobjects_optimised_report.png,,0.9497976999991806,
NGC3850,ok,0,0,0,0.0,Foreground Masking\Azure\mean-parameter-4sets\full-batches\mtobjects-spike\NGC3850_mtobjects_optimised_report.png,,0.9360010000018519,
NGC3930,ok,0,0,0,0.0,Foreground Masking\Azure\mean-parameter-4sets\full-batches\mtobjects-spike\NGC3930_mtobjects_optimised_report.png,,1.3358458000002429,
NGC3953,ok,0,0,0,0.0,Foreground Masking\Azure\mean-parameter-4sets\full-batches\mtobjects-spike\NGC3953_mtobjects_optimised_report.png,,1.5240999000016018,
NGC3992,ok,0,0,0,0.0,Foreground Masking\Azure\mean-parameter-4sets\full-batches\mtobjects-spike\NGC3992_mtobjects_optimised_report.png,,3.2442954999933136,
NGC4020,ok,0,0,0,0.0,Foreground Masking\Azure\mean-parameter-4sets\full-batches\mtobjects-spike\NGC4020_mtobjects_optimised_report.png,,0.9224176999996416,
NGC4064,ok,0,0,0,0.0,Foreground Masking\Azure\mean-parameter-4sets\full-batches\mtobjects-spike\NGC4064_mtobjects_optimised_report.png,,1.133522100004484,
NGC4102,ok,0,1,0,0.0,Foreground Masking\Azure\mean-parameter-4sets\full-batches\mtobjects-spike\NGC4102_mtobjects_optimised_report.png,,1.2004806000040844,
NGC4116,ok,0,0,0,0.0,Foreground Masking\Azure\mean-parameter-4sets\full-batches\mtobjects-spike\NGC4116_mtobjects_optimised_report.png,,1.31581730000471,
NGC4123,ok,0,0,0,0.0,Foreground Masking\Azure\mean-parameter-4sets\full-batches\mtobjects-spike\NGC4123_mtobjects_optimised_report.png,,1.4033907999983057,
NGC4133,ok,0,0,0,0.0,Foreground Masking\Azure\mean-parameter-4sets\full-batches\mtobjects-spike\NGC4133_mtobjects_optimised_report.png,,1.151144600000407,
NGC4145,ok,0,0,0,0.0,Foreground Masking\Azure\mean-parameter-4sets\full-batches\mtobjects-spike\NGC4145_mtobjects_optimised_report.png,,1.8231577999977162,
NGC4204,ok,0,0,0,0.0,Foreground Masking\Azure\mean-parameter-4sets\full-batches\mtobjects-spike\NGC4204_mtobjects_optimised_report.png,,2.614131800000905,
NGC4214,ok,0,0,0,0.0,Foreground Masking\Azure\mean-parameter-4sets\full-batches\mtobjects-spike\NGC4214_mtobjects_optimised_report.png,,1.0478557999958866,
NGC4293,ok,0,0,0,0.0,Foreground Masking\Azure\mean-parameter-4sets\full-batches\mtobjects-spike\NGC4293_mtobjects_optimised_report.png,,1.5415174000008847,
NGC4294,ok,0,0,0,0.0,Foreground Masking\Azure\mean-parameter-4sets\full-batches\mtobjects-spike\NGC4294_mtobjects_optimised_report.png,,1.987457800001721,
NGC4303,ok,0,0,0,0.0,Foreground Masking\Azure\mean-parameter-4sets\full-batches\mtobjects-spike\NGC4303_mtobjects_optimised_report.png,,1.8135364000045229,
NGC4314,ok,0,0,0,0.0,Foreground Masking\Azure\mean-parameter-4sets\full-batches\mtobjects-spike\NGC4314_mtobjects_optimised_report.png,,1.2196151000025566,
NGC4369,ok,0,0,0,0.0,Foreground Masking\Azure\mean-parameter-4sets\full-batches\mtobjects-spike\NGC4369_mtobjects_optimised_report.png,,1.0819736000048579,
NGC4389,ok,0,0,0,0.0,Foreground Masking\Azure\mean-parameter-4sets\full-batches\mtobjects-spike\NGC4389_mtobjects_optimised_report.png,,1.413484900003823,
NGC4405,ok,0,1,0,0.0,Foreground Masking\Azure\mean-parameter-4sets\full-batches\mtobjects-spike\NGC4405_mtobjects_optimised_report.png,,0.9948278999945614,
NGC4424,ok,0,0,0,0.0,Foreground Masking\Azure\mean-parameter-4sets\full-batches\mtobjects-spike\NGC4424_mtobjects_optimised_report.png,,1.6863832000017283,
NGC4449,ok,0,0,0,0.0,Foreground Masking\Azure\mean-parameter-4sets\full-batches\mtobjects-spike\NGC4449_mtobjects_optimised_report.png,,1.1173430000053486,
NGC4450,ok,1,1,148,7.40139146159478e-05,Foreground Masking\Azure\mean-parameter-4sets\full-batches\mtobjects-spike\NGC4450_mtobjects_optimised_report.png,,1.4946780000027502,
NGC4457,ok,0,0,0,0.0,Foreground Masking\Azure\mean-parameter-4sets\full-batches\mtobjects-spike\NGC4457_mtobjects_optimised_report.png,,1.0404748000000836,
NGC4487,ok,0,0,0,0.0,Foreground Masking\Azure\mean-parameter-4sets\full-batches\mtobjects-spike\NGC4487_mtobjects_optimised_report.png,,1.695407899998827,
NGC4496A,ok,0,0,0,0.0,Foreground Masking\Azure\mean-parameter-4sets\full-batches\mtobjects-spike\NGC4496A_mtobjects_optimised_report.png,,1.0173129000031622,
NGC4498,ok,0,0,0,0.0,Foreground Masking\Azure\mean-parameter-4sets\full-batches\mtobjects-spike\NGC4498_mtobjects_optimised_report.png,,1.062934800000221,
NGC4525,ok,0,0,0,0.0,Foreground Masking\Azure\mean-parameter-4sets\full-batches\mtobjects-spike\NGC4525_mtobjects_optimised_report.png,,1.3380021999983,
NGC4532,ok,0,0,0,0.0,Foreground Masking\Azure\mean-parameter-4sets\full-batches\mtobjects-spike\NGC4532_mtobjects_optimised_report.png,,1.0504673000032199,
NGC4535,ok,0,0,0,0.0,Foreground Masking\Azure\mean-parameter-4sets\full-batches\mtobjects-spike\NGC4535_mtobjects_optimised_report.png,,3.370010699996783,
NGC4540,ok,0,0,0,0.0,Foreground Masking\Azure\mean-parameter-4sets\full-batches\mtobjects-spike\NGC4540_mtobjects_optimised_report.png,,1.137132299998484,
NGC4559,ok,0,0,0,0.0,Foreground Masking\Azure\mean-parameter-4sets\full-batches\mtobjects-spike\NGC4559_mtobjects_optimised_report.png,,2.074051199997484,
NGC4579,ok,0,0,0,0.0,Foreground Masking\Azure\mean-parameter-4sets\full-batches\mtobjects-spike\NGC4579_mtobjects_optimised_report.png,,1.334563700002036,
NGC4618,ok,0,0,0,0.0,Foreground Masking\Azure\mean-parameter-4sets\full-batches\mtobjects-spike\NGC4618_mtobjects_optimised_report.png,,1.1158023000025423,
NGC4625,ok,0,0,0,0.0,Foreground Masking\Azure\mean-parameter-4sets\full-batches\mtobjects-spike\NGC4625_mtobjects_optimised_report.png,,0.8394382999977097,
NGC4639,ok,0,0,0,0.0,Foreground Masking\Azure\mean-parameter-4sets\full-batches\mtobjects-spike\NGC4639_mtobjects_optimised_report.png,,0.8425777000011294,
NGC4654,ok,0,0,0,0.0,Foreground Masking\Azure\mean-parameter-4sets\full-batches\mtobjects-spike\NGC4654_mtobjects_optimised_report.png,,0.9577758000014001,
NGC4668,ok,0,0,0,0.0,Foreground Masking\Azure\mean-parameter-4sets\full-batches\mtobjects-spike\NGC4668_mtobjects_optimised_report.png,,1.0605982999986736,
NGC4713,ok,0,1,0,0.0,Foreground Masking\Azure\mean-parameter-4sets\full-batches\mtobjects-spike\NGC4713_mtobjects_optimised_report.png,,0.8722817999951076,
NGC4725,ok,0,0,0,0.0,Foreground Masking\Azure\mean-parameter-4sets\full-batches\mtobjects-spike\NGC4725_mtobjects_optimised_report.png,,2.3921297999986564,
NGC4765,ok,0,1,0,0.0,Foreground Masking\Azure\mean-parameter-4sets\full-batches\mtobjects-spike\NGC4765_mtobjects_optimised_report.png,,1.191011899994919,
NGC4781,ok,0,0,0,0.0,Foreground Masking\Azure\mean-parameter-4sets\full-batches\mtobjects-spike\NGC4781_mtobjects_optimised_report.png,,1.7350889000008465,
NGC4900,ok,0,0,0,0.0,Foreground Masking\Azure\mean-parameter-4sets\full-batches\mtobjects-spike\NGC4900_mtobjects_optimised_report.png,,0.8584760999947321,
NGC4981,ok,0,0,0,0.0,Foreground Masking\Azure\mean-parameter-4sets\full-batches\mtobjects-spike\NGC4981_mtobjects_optimised_report.png,,0.7921816000016406,
NGC5042,ok,0,0,0,0.0,Foreground Masking\Azure\mean-parameter-4sets\full-batches\mtobjects-spike\NGC5042_mtobjects_optimised_report.png,,1.181669999998121,
NGC5068,ok,0,0,0,0.0,Foreground Masking\Azure\mean-parameter-4sets\full-batches\mtobjects-spike\NGC5068_mtobjects_optimised_report.png,,2.029991000003065,
NGC5134,ok,0,0,0,0.0,Foreground Masking\Azure\mean-parameter-4sets\full-batches\mtobjects-spike\NGC5134_mtobjects_optimised_report.png,,1.228592600004049,
NGC5236,ok,0,5,0,0.0,Foreground Masking\Azure\mean-parameter-4sets\full-batches\mtobjects-spike\NGC5236_mtobjects_optimised_report.png,,6.1588306999983615,
NGC5569,ok,0,0,0,0.0,Foreground Masking\Azure\mean-parameter-4sets\full-batches\mtobjects-spike\NGC5569_mtobjects_optimised_report.png,,1.0409892000025138,
NGC5669,ok,0,0,0,0.0,Foreground Masking\Azure\mean-parameter-4sets\full-batches\mtobjects-spike\NGC5669_mtobjects_optimised_report.png,,0.8953586999996332,
NGC5713,ok,0,0,0,0.0,Foreground Masking\Azure\mean-parameter-4sets\full-batches\mtobjects-spike\NGC5713_mtobjects_optimised_report.png,,0.8001844999962486,
NGC6217,ok,0,0,0,0.0,Foreground Masking\Azure\mean-parameter-4sets\full-batches\mtobjects-spike\NGC6217_mtobjects_optimised_report.png,,1.4548646999974153,
NGC6237,ok,1,1,280,0.000250744846521766,Foreground Masking\Azure\mean-parameter-4sets\full-batches\mtobjects-spike\NGC6237_mtobjects_optimised_report.png,,1.3375239999950281,
NGC6412,ok,1,1,165,0.0001764928622007911,Foreground Masking\Azure\mean-parameter-4sets\full-batches\mtobjects-spike\NGC6412_mtobjects_optimised_report.png,,0.9624678000036511,
NGC7418,ok,0,0,0,0.0,Foreground Masking\Azure\mean-parameter-4sets\full-batches\mtobjects-spike\NGC7418_mtobjects_optimised_report.png,,2.3386583000028622,
NGC7424,ok,0,0,0,0.0,Foreground Masking\Azure\mean-parameter-4sets\full-batches\mtobjects-spike\NGC7424_mtobjects_optimised_report.png,,1.6670355000023847,
NGC7496,ok,0,0,0,0.0,Foreground Masking\Azure\mean-parameter-4sets\full-batches\mtobjects-spike\NGC7496_mtobjects_optimised_report.png,,1.3801110999993398,
NGC7513,ok,0,0,0,0.0,Foreground Masking\Azure\mean-parameter-4sets\full-batches\mtobjects-spike\NGC7513_mtobjects_optimised_report.png,,1.3569512000030954,
NGC7531,ok,0,1,0,0.0,Foreground Masking\Azure\mean-parameter-4sets\full-batches\mtobjects-spike\NGC7531_mtobjects_optimised_report.png,,2.144396499999857,
NGC7552,ok,0,1,0,0.0,Foreground Masking\Azure\mean-parameter-4sets\full-batches\mtobjects-spike\NGC7552_mtobjects_optimised_report.png,,1.0917775000052643,
NGC7582,ok,0,2,0,0.0,Foreground Masking\Azure\mean-parameter-4sets\full-batches\mtobjects-spike\NGC7582_mtobjects_optimised_report.png,,3.3331139000001713,
NGC7764,ok,0,0,0,0.0,Foreground Masking\Azure\mean-parameter-4sets\full-batches\mtobjects-spike\NGC7764_mtobjects_optimised_report.png,,1.1517568999988725,
NGC7800,ok,0,0,0,0.0,Foreground Masking\Azure\mean-parameter-4sets\full-batches\mtobjects-spike\NGC7800_mtobjects_optimised_report.png,,1.0260244000019156,
PGC002492,ok,0,0,0,0.0,Foreground Masking\Azure\mean-parameter-4sets\full-batches\mtobjects-spike\PGC002492_mtobjects_optimised_report.png,,1.09958970000298,
PGC006626,ok,0,0,0,0.0,Foreground Masking\Azure\mean-parameter-4sets\full-batches\mtobjects-spike\PGC006626_mtobjects_optimised_report.png,,1.0509239999955753,
PGC007654,ok,0,0,0,0.0,Foreground Masking\Azure\mean-parameter-4sets\full-batches\mtobjects-spike\PGC007654_mtobjects_optimised_report.png,,0.8941686999969534,
PGC011677,ok,0,0,0,0.0,Foreground Masking\Azure\mean-parameter-4sets\full-batches\mtobjects-spike\PGC011677_mtobjects_optimised_report.png,,0.8791484000030323,
PGC013821,ok,0,0,0,0.0,Foreground Masking\Azure\mean-parameter-4sets\full-batches\mtobjects-spike\PGC013821_mtobjects_optimised_report.png,,0.8946825000020908,
PGC035705,ok,0,0,0,0.0,Foreground Masking\Azure\mean-parameter-4sets\full-batches\mtobjects-spike\PGC035705_mtobjects_optimised_report.png,,1.1361327999984496,
PGC042160,ok,0,0,0,0.0,Foreground Masking\Azure\mean-parameter-4sets\full-batches\mtobjects-spike\PGC042160_mtobjects_optimised_report.png,,1.1132349999970756,
PGC048179,ok,0,0,0,0.0,Foreground Masking\Azure\mean-parameter-4sets\full-batches\mtobjects-spike\PGC048179_mtobjects_optimised_report.png,,0.8683279000033508,
PGC051523,ok,0,0,0,0.0,Foreground Masking\Azure\mean-parameter-4sets\full-batches\mtobjects-spike\PGC051523_mtobjects_optimised_report.png,,1.1920338999989326,
UGC02302,ok,0,0,0,0.0,Foreground Masking\Azure\mean-parameter-4sets\full-batches\mtobjects-spike\UGC02302_mtobjects_optimised_report.png,,1.5163470999978017,
UGC02345,ok,0,0,0,0.0,Foreground Masking\Azure\mean-parameter-4sets\full-batches\mtobjects-spike\UGC02345_mtobjects_optimised_report.png,,0.9593938000034541,
UGC04393,ok,0,1,0,0.0,Foreground Masking\Azure\mean-parameter-4sets\full-batches\mtobjects-spike\UGC04393_mtobjects_optimised_report.png,,0.8348079999996116,
UGC04499,ok,0,0,0,0.0,Foreground Masking\Azure\mean-parameter-4sets\full-batches\mtobjects-spike\UGC04499_mtobjects_optimised_report.png,,1.2431269000007887,
UGC04988,ok,0,0,0,0.0,Foreground Masking\Azure\mean-parameter-4sets\full-batches\mtobjects-spike\UGC04988_mtobjects_optimised_report.png,,1.1242044000027818,
UGC05354,ok,0,0,0,0.0,Foreground Masking\Azure\mean-parameter-4sets\full-batches\mtobjects-spike\UGC05354_mtobjects_optimised_report.png,,1.3752823999966495,
UGC05393,ok,0,0,0,0.0,Foreground Masking\Azure\mean-parameter-4sets\full-batches\mtobjects-spike\UGC05393_mtobjects_optimised_report.png,,1.1715394999991986,
UGC05633,ok,0,0,0,0.0,Foreground Masking\Azure\mean-parameter-4sets\full-batches\mtobjects-spike\UGC05633_mtobjects_optimised_report.png,,0.8866189999971539,
UGC05832,ok,0,0,0,0.0,Foreground Masking\Azure\mean-parameter-4sets\full-batches\mtobjects-spike\UGC05832_mtobjects_optimised_report.png,,0.8207693000003928,
UGC06682,ok,0,0,0,0.0,Foreground Masking\Azure\mean-parameter-4sets\full-batches\mtobjects-spike\UGC06682_mtobjects_optimised_report.png,,1.1057685999985551,
UGC06840,ok,0,0,0,0.0,Foreground Masking\Azure\mean-parameter-4sets\full-batches\mtobjects-spike\UGC06840_mtobjects_optimised_report.png,,1.5499037999979919,
UGC06931,ok,0,1,0,0.0,Foreground Masking\Azure\mean-parameter-4sets\full-batches\mtobjects-spike\UGC06931_mtobjects_optimised_report.png,,0.9421416000041063,
UGC06983,ok,0,1,0,0.0,Foreground Masking\Azure\mean-parameter-4sets\full-batches\mtobjects-spike\UGC06983_mtobjects_optimised_report.png,,1.4321874999950523,
UGC07129,ok,0,0,0,0.0,Foreground Masking\Azure\mean-parameter-4sets\full-batches\mtobjects-spike\UGC07129_mtobjects_optimised_report.png,,1.1454345000020112,
UGC07257,ok,0,0,0,0.0,Foreground Masking\Azure\mean-parameter-4sets\full-batches\mtobjects-spike\UGC07257_mtobjects_optimised_report.png,,0.9539159999985714,
UGC07612,ok,0,0,0,0.0,Foreground Masking\Azure\mean-parameter-4sets\full-batches\mtobjects-spike\UGC07612_mtobjects_optimised_report.png,,1.1710932000059984,
UGC07911,ok,0,0,0,0.0,Foreground Masking\Azure\mean-parameter-4sets\full-batches\mtobjects-spike\UGC07911_mtobjects_optimised_report.png,,1.092956000000413,
UGC08385,ok,0,1,0,0.0,Foreground Masking\Azure\mean-parameter-4sets\full-batches\mtobjects-spike\UGC08385_mtobjects_optimised_report.png,,1.236395399995672,
UGC08489,ok,0,0,0,0.0,Foreground Masking\Azure\mean-parameter-4sets\full-batches\mtobjects-spike\UGC08489_mtobjects_optimised_report.png,,1.3120526999991853,
UGC08507,ok,0,0,0,0.0,Foreground Masking\Azure\mean-parameter-4sets\full-batches\mtobjects-spike\UGC08507_mtobjects_optimised_report.png,,1.2542003999988083,
UGC08851,ok,0,0,0,0.0,Foreground Masking\Azure\mean-parameter-4sets\full-batches\mtobjects-spike\UGC08851_mtobjects_optimised_report.png,,1.0203412999981083,
UGC09245,ok,0,0,0,0.0,Foreground Masking\Azure\mean-parameter-4sets\full-batches\mtobjects-spike\UGC09245_mtobjects_optimised_report.png,,1.0098910000015167,
UGC09661,ok,0,0,0,0.0,Foreground Masking\Azure\mean-parameter-4sets\full-batches\mtobjects-spike\UGC09661_mtobjects_optimised_report.png,,0.8527298999979394,
UGC12151,ok,0,0,0,0.0,Foreground Masking\Azure\mean-parameter-4sets\full-batches\mtobjects-spike\UGC12151_mtobjects_optimised_report.png,,1.098812199998065,
