name,status,report_png,cleaned_fits,raw_segments,kept_segments,masked_fraction,background_level,background_rms,elapsed_seconds,error
ESO013-016,ok,Foreground Masking\Azure\mean-parameter-4sets\full-batches\sep-spike\ESO013-016_sep_thr2.5_area15_deb0.0001_dil2.png,,611,610,0.06864322191272051,0.006923772860318422,0.016568414866924286,0.950420999994094,
ESO026-001,ok,Foreground Masking\Azure\mean-parameter-4sets\full-batches\sep-spike\ESO026-001_sep_thr2.5_area15_deb0.0001_dil2.png,,542,540,0.09173141962713476,0.014072235673666,0.01769428700208664,0.9394160000010743,
ESO054-021,ok,Foreground Masking\Azure\mean-parameter-4sets\full-batches\sep-spike\ESO054-021_sep_thr2.5_area15_deb0.0001_dil2.png,,437,436,0.04926221095443439,0.002570838201791048,0.0170078594237566,0.9469160000007832,
ESO079-005,ok,Foreground Masking\Azure\mean-parameter-4sets\full-batches\sep-spike\ESO079-005_sep_thr2.5_area15_deb0.0001_dil2.png,,402,401,0.035111169857265465,-0.008790726773440838,0.0163272675126791,0.8732148999988567,
ESO085-047,ok,Foreground Masking\Azure\mean-parameter-4sets\full-batches\sep-spike\ESO085-047_sep_thr2.5_area15_deb0.0001_dil2.png,,681,679,0.05613872242387038,0.027064787223935127,0.01873905584216118,0.9782765999989351,
ESO120-012,ok,Foreground Masking\Azure\mean-parameter-4sets\full-batches\sep-spike\ESO120-012_sep_thr2.5_area15_deb0.0001_dil2.png,,507,505,0.04091698637994383,0.02732696197926998,0.017817052081227303,1.2174740999980713,
ESO202-041,ok,Foreground Masking\Azure\mean-parameter-4sets\full-batches\sep-spike\ESO202-041_sep_thr2.5_area15_deb0.0001_dil2.png,,422,421,0.035493519441674976,0.00200758408755064,0.01742642931640148,1.0780615000039688,
ESO236-039,ok,Foreground Masking\Azure\mean-parameter-4sets\full-batches\sep-spike\ESO236-039_sep_thr2.5_area15_deb0.0001_dil2.png,,468,467,0.03189651408194454,0.03201405331492424,0.016343459486961365,0.9476311999969766,
ESO298-023,ok,Foreground Masking\Azure\mean-parameter-4sets\full-batches\sep-spike\ESO298-023_sep_thr2.5_area15_deb0.0001_dil2.png,,377,376,0.033139097744360906,0.00635674549266696,0.01601637899875641,0.8916305000020657,
ESO357-012,ok,Foreground Masking\Azure\mean-parameter-4sets\full-batches\sep-spike\ESO357-012_sep_thr2.5_area15_deb0.0001_dil2.png,,283,282,0.02757122859025033,0.040262166410684586,0.01632046140730381,1.1804514999967068,
ESO358-020,ok,Foreground Masking\Azure\mean-parameter-4sets\full-batches\sep-spike\ESO358-020_sep_thr2.5_area15_deb0.0001_dil2.png,,420,419,0.041518479622994514,0.044920891523361206,0.017341680824756622,0.798579599999357,
ESO359-031,ok,Foreground Masking\Azure\mean-parameter-4sets\full-batches\sep-spike\ESO359-031_sep_thr2.5_area15_deb0.0001_dil2.png,,383,382,0.032611731843575416,0.10907596349716187,0.018515119329094887,0.8678743000054965,
ESO420-009,ok,Foreground Masking\Azure\mean-parameter-4sets\full-batches\sep-spike\ESO420-009_sep_thr2.5_area15_deb0.0001_dil2.png,,1006,1005,0.09138067521301055,0.00036564975744113326,0.005165577866137028,1.1269573999961722,
ESO440-044,ok,Foreground Masking\Azure\mean-parameter-4sets\full-batches\sep-spike\ESO440-044_sep_thr2.5_area15_deb0.0001_dil2.png,,434,433,0.04760764294431832,0.041512925177812576,0.015376090072095394,1.1618629000004148,
ESO443-085,ok,Foreground Masking\Azure\mean-parameter-4sets\full-batches\sep-spike\ESO443-085_sep_thr2.5_area15_deb0.0001_dil2.png,,460,459,0.054222332617733855,0.07049670815467834,0.01715848036110401,0.8217309000028763,
ESO479-004,ok,Foreground Masking\Azure\mean-parameter-4sets\full-batches\sep-spike\ESO479-004_sep_thr2.5_area15_deb0.0001_dil2.png,,303,301,0.046046677174963135,0.0336482971906662,0.016656961292028427,1.0635770000008051,
ESO485-021,ok,Foreground Masking\Azure\mean-parameter-4sets\full-batches\sep-spike\ESO485-021_sep_thr2.5_area15_deb0.0001_dil2.png,,438,437,0.05232102647827445,0.033695343881845474,0.01672288589179516,1.103078700005426,
ESO572-030,ok,Foreground Masking\Azure\mean-parameter-4sets\full-batches\sep-spike\ESO572-030_sep_thr2.5_area15_deb0.0001_dil2.png,,449,448,0.050989251728623265,0.03950414061546326,0.015401456505060196,0.8534490000020014,
IC0600,ok,Foreground Masking\Azure\mean-parameter-4sets\full-batches\sep-spike\IC0600_sep_thr2.5_area15_deb0.0001_dil2.png,,470,469,0.030396324113171225,0.04106421768665314,0.017534714192152023,1.0737354000011692,
IC0797,ok,Foreground Masking\Azure\mean-parameter-4sets\full-batches\sep-spike\IC0797_sep_thr2.5_area15_deb0.0001_dil2.png,,597,596,0.039952931018876335,0.08381098508834839,0.016082433983683586,0.8525403999956325,
IC1014,ok,Foreground Masking\Azure\mean-parameter-4sets\full-batches\sep-spike\IC1014_sep_thr2.5_area15_deb0.0001_dil2.png,,288,287,0.034586056644880174,0.04152808338403702,0.01776537299156189,0.8449801000024308,
IC1933,ok,Foreground Masking\Azure\mean-parameter-4sets\full-batches\sep-spike\IC1933_sep_thr2.5_area15_deb0.0001_dil2.png,,356,355,0.03597101185531758,0.0031308787874877453,0.01677851937711239,0.853807900006359,
IC1953,ok,Foreground Masking\Azure\mean-parameter-4sets\full-batches\sep-spike\IC1953_sep_thr2.5_area15_deb0.0001_dil2.png,,211,210,0.054400733701025245,0.05839106813073158,0.020786337554454803,0.7564857999968808,
IC1954,ok,Foreground Masking\Azure\mean-parameter-4sets\full-batches\sep-spike\IC1954_sep_thr2.5_area15_deb0.0001_dil2.png,,408,407,0.06041401187538974,0.0040765078738331795,0.017200466245412827,0.9475097999966238,
IC2007,ok,Foreground Masking\Azure\mean-parameter-4sets\full-batches\sep-spike\IC2007_sep_thr2.5_area15_deb0.0001_dil2.png,,417,416,0.04099380242742316,0.06913791596889496,0.01683235540986061,0.959307400000398,
IC3115,ok,Foreground Masking\Azure\mean-parameter-4sets\full-batches\sep-spike\IC3115_sep_thr2.5_area15_deb0.0001_dil2.png,,412,411,0.02666927950878568,0.06251594424247742,0.01653194986283779,0.9299420999959693,
IC3517,ok,Foreground Masking\Azure\mean-parameter-4sets\full-batches\sep-spike\IC3517_sep_thr2.5_area15_deb0.0001_dil2.png,,273,271,0.03211752575412898,0.05548199638724327,0.013815912418067455,0.7700674000006984,
IC3521,ok,Foreground Masking\Azure\mean-parameter-4sets\full-batches\sep-spike\IC3521_sep_thr2.5_area15_deb0.0001_dil2.png,,487,486,0.030238651653565613,0.08585421741008759,0.01676136814057827,0.9422782000037841,
IC4901,ok,Foreground Masking\Azure\mean-parameter-4sets\full-batches\sep-spike\IC4901_sep_thr2.5_area15_deb0.0001_dil2.png,,1393,1391,0.05261027429219649,0.04727209731936455,0.022460907697677612,1.5715156000005663,
IC5273,ok,Foreground Masking\Azure\mean-parameter-4sets\full-batches\sep-spike\IC5273_sep_thr2.5_area15_deb0.0001_dil2.png,,483,482,0.03545212701928401,0.01944601535797119,0.01641559600830078,1.1044928999981494,
NGC0210,ok,Foreground Masking\Azure\mean-parameter-4sets\full-batches\sep-spike\NGC0210_sep_thr2.5_area15_deb0.0001_dil2.png,,528,526,0.0402337332340185,0.06243061646819115,0.019465873017907143,1.510829399994691,
NGC0255,ok,Foreground Masking\Azure\mean-parameter-4sets\full-batches\sep-spike\NGC0255_sep_thr2.5_area15_deb0.0001_dil2.png,,330,329,0.022671614312997895,0.05904759466648102,0.016772422939538956,0.9646190000057686,
NGC0289,ok,Foreground Masking\Azure\mean-parameter-4sets\full-batches\sep-spike\NGC0289_sep_thr2.5_area15_deb0.0001_dil2.png,,969,968,0.023309955547877393,0.0292341448366642,0.02172781527042389,1.5223078999988502,
NGC0298,ok,Foreground Masking\Azure\mean-parameter-4sets\full-batches\sep-spike\NGC0298_sep_thr2.5_area15_deb0.0001_dil2.png,,249,247,0.028513161419144326,0.06562092155218124,0.014575802721083164,0.8149946999983513,
NGC0578,ok,Foreground Masking\Azure\mean-parameter-4sets\full-batches\sep-spike\NGC0578_sep_thr2.5_area15_deb0.0001_dil2.png,,573,570,0.037242408106148865,0.039228931069374084,0.022467931732535362,1.198419099993771,
NGC0600,ok,Foreground Masking\Azure\mean-parameter-4sets\full-batches\sep-spike\NGC0600_sep_thr2.5_area15_deb0.0001_dil2.png,,297,296,0.039394260922873785,0.08503232896327972,0.014446752145886421,1.0311326000010013,
NGC0672,ok,Foreground Masking\Azure\mean-parameter-4sets\full-batches\sep-spike\NGC0672_sep_thr2.5_area15_deb0.0001_dil2.png,,1713,1710,0.08167499869331685,0.05946984142065048,0.010566022247076035,2.4004032999946503,
NGC0685,ok,Foreground Masking\Azure\mean-parameter-4sets\full-batches\sep-spike\NGC0685_sep_thr2.5_area15_deb0.0001_dil2.png,,387,386,0.0651682610445497,0.0027334964834153652,0.01728678122162819,0.9753322000033222,
NGC0701,ok,Foreground Masking\Azure\mean-parameter-4sets\full-batches\sep-spike\NGC0701_sep_thr2.5_area15_deb0.0001_dil2.png,,240,238,0.032381066828125214,0.08701013028621674,0.014501775614917278,0.8454469999996945,
NGC0918,ok,Foreground Masking\Azure\mean-parameter-4sets\full-batches\sep-spike\NGC0918_sep_thr2.5_area15_deb0.0001_dil2.png,,303,301,0.0627327553712778,0.11827230453491211,0.01560748741030693,0.8713824000005843,
NGC0986,ok,Foreground Masking\Azure\mean-parameter-4sets\full-batches\sep-spike\NGC0986_sep_thr2.5_area15_deb0.0001_dil2.png,,1376,1374,0.08044145092305828,0.01808580569922924,0.008157351985573769,1.732933300001605,
NGC0991,ok,Foreground Masking\Azure\mean-parameter-4sets\full-batches\sep-spike\NGC0991_sep_thr2.5_area15_deb0.0001_dil2.png,,320,319,0.05370103572560203,0.05927374213933945,0.016111496835947037,0.8170451999976649,
NGC1022,ok,Foreground Masking\Azure\mean-parameter-4sets\full-batches\sep-spike\NGC1022_sep_thr2.5_area15_deb0.0001_dil2.png,,297,296,0.03874440802684907,0.08476254343986511,0.01631738618016243,0.8255070000013802,
NGC1051,ok,Foreground Masking\Azure\mean-parameter-4sets\full-batches\sep-spike\NGC1051_sep_thr2.5_area15_deb0.0001_dil2.png,,327,326,0.0357618953842425,0.06438776105642319,0.0164454597979784,0.7532917999997153,
NGC1097,ok,Foreground Masking\Azure\mean-parameter-4sets\full-batches\sep-spike\NGC1097_sep_thr2.5_area15_deb0.0001_dil2.png,,2026,2012,0.06629024306190585,0.03589945286512375,0.010190244764089584,3.522639100003289,
NGC1187,ok,Foreground Masking\Azure\mean-parameter-4sets\full-batches\sep-spike\NGC1187_sep_thr2.5_area15_deb0.0001_dil2.png,,1094,1093,0.050892720012286896,0.04070255905389786,0.022186346352100372,1.8713357000015094,
NGC1255,ok,Foreground Masking\Azure\mean-parameter-4sets\full-batches\sep-spike\NGC1255_sep_thr2.5_area15_deb0.0001_dil2.png,,665,664,0.04371257167126778,0.035320721566677094,0.02143787033855915,1.6024467000024742,
NGC1291,ok,Foreground Masking\Azure\mean-parameter-4sets\full-batches\sep-spike\NGC1291_sep_thr2.5_area15_deb0.0001_dil2.png,,2256,2255,0.04858821248784862,0.027216216549277306,0.01053152047097683,3.4759593999988283,
NGC1302,ok,Foreground Masking\Azure\mean-parameter-4sets\full-batches\sep-spike\NGC1302_sep_thr2.5_area15_deb0.0001_dil2.png,,1008,1006,0.039911303947166334,0.035741597414016724,0.021519476547837257,1.746120099996915,
NGC1313,ok,Foreground Masking\Azure\mean-parameter-4sets\full-batches\sep-spike\NGC1313_sep_thr2.5_area15_deb0.0001_dil2.png,,3345,3344,0.17753593270198437,0.01958443410694599,0.00896593276411295,4.704669000006106,
NGC1326A,ok,Foreground Masking\Azure\mean-parameter-4sets\full-batches\sep-spike\NGC1326A_sep_thr2.5_area15_deb0.0001_dil2.png,,349,348,0.02824590160808613,0.00529114156961441,0.016050118952989578,0.9383931999982451,
NGC1341,ok,Foreground Masking\Azure\mean-parameter-4sets\full-batches\sep-spike\NGC1341_sep_thr2.5_area15_deb0.0001_dil2.png,,382,381,0.024455515386650205,0.006194133311510086,0.01664075069129467,1.1177430000025197,
NGC1347,ok,Foreground Masking\Azure\mean-parameter-4sets\full-batches\sep-spike\NGC1347_sep_thr2.5_area15_deb0.0001_dil2.png,,366,365,0.04656219665734414,0.05294397473335266,0.01615685038268566,0.831244400003925,
NGC1350,ok,Foreground Masking\Azure\mean-parameter-4sets\full-batches\sep-spike\NGC1350_sep_thr2.5_area15_deb0.0001_dil2.png,,651,649,0.03132337846768184,0.025573207065463066,0.024482201784849167,1.748103700003412,
NGC1367,ok,Foreground Masking\Azure\mean-parameter-4sets\full-batches\sep-spike\NGC1367_sep_thr2.5_area15_deb0.0001_dil2.png,,857,855,0.032224313487099754,0.04268955439329147,0.021854182705283165,1.6242088999933912,
NGC1436,ok,Foreground Masking\Azure\mean-parameter-4sets\full-batches\sep-spike\NGC1436_sep_thr2.5_area15_deb0.0001_dil2.png,,373,372,0.05608313335356786,0.007473258301615715,0.016684070229530334,0.9183116999993217,
NGC1493,ok,Foreground Masking\Azure\mean-parameter-4sets\full-batches\sep-spike\NGC1493_sep_thr2.5_area15_deb0.0001_dil2.png,,959,958,0.03427668682354863,0.016244351863861084,0.02168484963476658,1.8805370000045514,
NGC1512,ok,Foreground Masking\Azure\mean-parameter-4sets\full-batches\sep-spike\NGC1512_sep_thr2.5_area15_deb0.0001_dil2.png,,1823,1821,0.05510010890127849,0.02620576322078705,0.00961692538112402,2.6552563999939593,
NGC1559,ok,Foreground Masking\Azure\mean-parameter-4sets\full-batches\sep-spike\NGC1559_sep_thr2.5_area15_deb0.0001_dil2.png,,1613,1612,0.06471659960299293,0.014520824886858463,0.011071547865867615,1.7805108000029577,
NGC1640,ok,Foreground Masking\Azure\mean-parameter-4sets\full-batches\sep-spike\NGC1640_sep_thr2.5_area15_deb0.0001_dil2.png,,344,343,0.057141360782248796,0.03746190667152405,0.016943324357271194,1.114209800005483,
NGC1672,ok,Foreground Masking\Azure\mean-parameter-4sets\full-batches\sep-spike\NGC1672_sep_thr2.5_area15_deb0.0001_dil2.png,,754,750,0.09316381589749687,0.02465781942009926,0.013662472367286682,1.7819945999945048,
NGC1800,ok,Foreground Masking\Azure\mean-parameter-4sets\full-batches\sep-spike\NGC1800_sep_thr2.5_area15_deb0.0001_dil2.png,,497,496,0.09006186964997033,0.022063273936510086,0.008979348465800285,0.9164984000017284,
NGC1808,ok,Foreground Masking\Azure\mean-parameter-4sets\full-batches\sep-spike\NGC1808_sep_thr2.5_area15_deb0.0001_dil2.png,,707,704,0.0822062298603652,0.011828718706965446,0.011836929246783257,1.6846264999985578,
NGC1879,ok,Foreground Masking\Azure\mean-parameter-4sets\full-batches\sep-spike\NGC1879_sep_thr2.5_area15_deb0.0001_dil2.png,,421,420,0.05499153102536561,0.0360950231552124,0.016160044819116592,1.2379700999954366,
NGC2500,ok,Foreground Masking\Azure\mean-parameter-4sets\full-batches\sep-spike\NGC2500_sep_thr2.5_area15_deb0.0001_dil2.png,,465,462,0.07503816719663156,0.03308519721031189,0.01624405011534691,1.031640699999116,
NGC2681,ok,Foreground Masking\Azure\mean-parameter-4sets\full-batches\sep-spike\NGC2681_sep_thr2.5_area15_deb0.0001_dil2.png,,660,659,0.04487675007048461,0.010958036407828331,0.016051430255174637,0.9664967999997316,
NGC2903,ok,Foreground Masking\Azure\mean-parameter-4sets\full-batches\sep-spike\NGC2903_sep_thr2.5_area15_deb0.0001_dil2.png,,2777,2768,0.06667092698829433,0.07561653107404709,0.010703127831220627,4.928964200000337,
NGC2968,ok,Foreground Masking\Azure\mean-parameter-4sets\full-batches\sep-spike\NGC2968_sep_thr2.5_area15_deb0.0001_dil2.png,,970,967,0.04256179467821813,0.06970782577991486,0.013902338221669197,1.822751599996991,
NGC3185,ok,Foreground Masking\Azure\mean-parameter-4sets\full-batches\sep-spike\NGC3185_sep_thr2.5_area15_deb0.0001_dil2.png,,597,593,0.04371662189496666,0.07340292632579803,0.016983166337013245,0.9401645000034478,
NGC3227,ok,Foreground Masking\Azure\mean-parameter-4sets\full-batches\sep-spike\NGC3227_sep_thr2.5_area15_deb0.0001_dil2.png,,224,222,0.017201672486706596,0.09947337955236435,0.02975122071802616,1.207329100005154,
NGC3264,ok,Foreground Masking\Azure\mean-parameter-4sets\full-batches\sep-spike\NGC3264_sep_thr2.5_area15_deb0.0001_dil2.png,,398,397,0.02156625553215607,0.032617826014757156,0.0170725230127573,0.9253926000019419,
NGC3287,ok,Foreground Masking\Azure\mean-parameter-4sets\full-batches\sep-spike\NGC3287_sep_thr2.5_area15_deb0.0001_dil2.png,,453,452,0.03175085913939417,0.09603159129619598,0.01770670898258686,1.2610630999988643,
NGC3319,ok,Foreground Masking\Azure\mean-parameter-4sets\full-batches\sep-spike\NGC3319_sep_thr2.5_area15_deb0.0001_dil2.png,,875,874,0.14006694770995418,0.017696481198072433,0.0068566151894629,1.582662499997241,
NGC3344,ok,Foreground Masking\Azure\mean-parameter-4sets\full-batches\sep-spike\NGC3344_sep_thr2.5_area15_deb0.0001_dil2.png,,389,386,0.08190488877509004,0.02497868984937668,0.017106901854276657,1.0557515999971656,
NGC3359,ok,Foreground Masking\Azure\mean-parameter-4sets\full-batches\sep-spike\NGC3359_sep_thr2.5_area15_deb0.0001_dil2.png,,923,922,0.03441032210435026,0.04008994624018669,0.01721276342868805,1.766986700000416,
NGC3380,ok,Foreground Masking\Azure\mean-parameter-4sets\full-batches\sep-spike\NGC3380_sep_thr2.5_area15_deb0.0001_dil2.png,,363,362,0.035893685077417976,0.0864327922463417,0.01486949808895588,0.7821187999943504,
NGC3447,ok,Foreground Masking\Azure\mean-parameter-4sets\full-batches\sep-spike\NGC3447_sep_thr2.5_area15_deb0.0001_dil2.png,,391,390,0.05055124133229127,0.07127898186445236,0.015199117362499237,0.7859033999993699,
NGC3485,ok,Foreground Masking\Azure\mean-parameter-4sets\full-batches\sep-spike\NGC3485_sep_thr2.5_area15_deb0.0001_dil2.png,,388,387,0.05523599997634382,0.10370410233736038,0.015298829413950443,0.8257995000021765,
NGC3486,ok,Foreground Masking\Azure\mean-parameter-4sets\full-batches\sep-spike\NGC3486_sep_thr2.5_area15_deb0.0001_dil2.png,,765,764,0.09934357581416405,0.06803250312805176,0.008341933600604534,1.161130000000412,
NGC3504,ok,Foreground Masking\Azure\mean-parameter-4sets\full-batches\sep-spike\NGC3504_sep_thr2.5_area15_deb0.0001_dil2.png,,1089,1086,0.056757010075763496,0.05412112548947334,0.009994040243327618,1.2921129000023939,
NGC3627,ok,Foreground Masking\Azure\mean-parameter-4sets\full-batches\sep-spike\NGC3627_sep_thr2.5_area15_deb0.0001_dil2.png,,1313,1306,0.04598408924534047,0.05824664607644081,0.011618133634328842,2.2667070999959833,
NGC3673,ok,Foreground Masking\Azure\mean-parameter-4sets\full-batches\sep-spike\NGC3673_sep_thr2.5_area15_deb0.0001_dil2.png,,1447,1445,0.044356908632770704,0.03140127286314964,0.022404301911592484,2.1278678000016953,
NGC3681,ok,Foreground Masking\Azure\mean-parameter-4sets\full-batches\sep-spike\NGC3681_sep_thr2.5_area15_deb0.0001_dil2.png,,285,284,0.03239348543787532,0.11756326258182526,0.01584184728562832,0.831635800001095,
NGC3684,ok,Foreground Masking\Azure\mean-parameter-4sets\full-batches\sep-spike\NGC3684_sep_thr2.5_area15_deb0.0001_dil2.png,,396,395,0.027244161197728968,0.14066225290298462,0.01694820076227188,1.1071761999992304,
NGC3726,ok,Foreground Masking\Azure\mean-parameter-4sets\full-batches\sep-spike\NGC3726_sep_thr2.5_area15_deb0.0001_dil2.png,,506,504,0.09543010752688172,0.012202526442706585,0.012145185843110085,1.0252169000013964,
NGC3729,ok,Foreground Masking\Azure\mean-parameter-4sets\full-batches\sep-spike\NGC3729_sep_thr2.5_area15_deb0.0001_dil2.png,,257,255,0.028449927672884526,0.01238054409623146,0.025087524205446243,0.8464409999942291,
NGC3850,ok,Foreground Masking\Azure\mean-parameter-4sets\full-batches\sep-spike\NGC3850_sep_thr2.5_area15_deb0.0001_dil2.png,,366,365,0.03797424793708193,0.022252997383475304,0.016026008874177933,0.8406573999964166,
NGC3930,ok,Foreground Masking\Azure\mean-parameter-4sets\full-batches\sep-spike\NGC3930_sep_thr2.5_area15_deb0.0001_dil2.png,,401,400,0.027011528907396307,0.06761021167039871,0.01733887940645218,1.2525800999937928,
NGC3953,ok,Foreground Masking\Azure\mean-parameter-4sets\full-batches\sep-spike\NGC3953_sep_thr2.5_area15_deb0.0001_dil2.png,,942,941,0.051839675408527,0.0070750415325164795,0.01179554034024477,1.5634374000001117,
NGC3992,ok,Foreground Masking\Azure\mean-parameter-4sets\full-batches\sep-spike\NGC3992_sep_thr2.5_area15_deb0.0001_dil2.png,,1554,1551,0.033318459314175125,0.044104188680648804,0.02018730342388153,2.9795066000006045,
NGC4020,ok,Foreground Masking\Azure\mean-parameter-4sets\full-batches\sep-spike\NGC4020_sep_thr2.5_area15_deb0.0001_dil2.png,,469,468,0.055415652764416276,0.07306794077157974,0.00898701511323452,0.8873634999981732,
NGC4064,ok,Foreground Masking\Azure\mean-parameter-4sets\full-batches\sep-spike\NGC4064_sep_thr2.5_area15_deb0.0001_dil2.png,,611,610,0.044472527372063864,0.04983143508434296,0.013170872814953327,0.9819837000031839,
NGC4102,ok,Foreground Masking\Azure\mean-parameter-4sets\full-batches\sep-spike\NGC4102_sep_thr2.5_area15_deb0.0001_dil2.png,,397,396,0.022493501438718914,0.04222023859620094,0.0161911454051733,1.019098299999314,
NGC4116,ok,Foreground Masking\Azure\mean-parameter-4sets\full-batches\sep-spike\NGC4116_sep_thr2.5_area15_deb0.0001_dil2.png,,670,669,0.05280236344551915,0.10168677568435669,0.0145374471321702,1.3760429999965709,
NGC4123,ok,Foreground Masking\Azure\mean-parameter-4sets\full-batches\sep-spike\NGC4123_sep_thr2.5_area15_deb0.0001_dil2.png,,410,409,0.03540993279281191,0.052900590002536774,0.016510963439941406,1.5571151000040118,
NGC4133,ok,Foreground Masking\Azure\mean-parameter-4sets\full-batches\sep-spike\NGC4133_sep_thr2.5_area15_deb0.0001_dil2.png,,547,546,0.04446110188068079,0.011321112513542175,0.016116006299853325,0.9495270999977947,
NGC4145,ok,Foreground Masking\Azure\mean-parameter-4sets\full-batches\sep-spike\NGC4145_sep_thr2.5_area15_deb0.0001_dil2.png,,963,962,0.036589421559503094,0.0658634677529335,0.022848445922136307,1.5107476999983191,
NGC4204,ok,Foreground Masking\Azure\mean-parameter-4sets\full-batches\sep-spike\NGC4204_sep_thr2.5_area15_deb0.0001_dil2.png,,1150,1149,0.026211951748150115,0.06597074121236801,0.021844208240509033,2.089370300003793,
NGC4214,ok,Foreground Masking\Azure\mean-parameter-4sets\full-batches\sep-spike\NGC4214_sep_thr2.5_area15_deb0.0001_dil2.png,,1225,1224,0.1484939310447539,0.011751491576433182,0.007170733995735645,1.606289299998025,
NGC4293,ok,Foreground Masking\Azure\mean-parameter-4sets\full-batches\sep-spike\NGC4293_sep_thr2.5_area15_deb0.0001_dil2.png,,932,930,0.05522320162770336,0.05397782102227211,0.008932541124522686,1.764751199996681,
NGC4294,ok,Foreground Masking\Azure\mean-parameter-4sets\full-batches\sep-spike\NGC4294_sep_thr2.5_area15_deb0.0001_dil2.png,,2607,2606,0.07466151577904831,0.050841860473155975,0.008401172235608101,2.4398478000002797,
NGC4303,ok,Foreground Masking\Azure\mean-parameter-4sets\full-batches\sep-spike\NGC4303_sep_thr2.5_area15_deb0.0001_dil2.png,,1009,1005,0.06499122530303525,0.09356298297643661,0.013376173563301563,1.8893100999994203,
NGC4314,ok,Foreground Masking\Azure\mean-parameter-4sets\full-batches\sep-spike\NGC4314_sep_thr2.5_area15_deb0.0001_dil2.png,,440,439,0.03651344062120269,0.014686556532979012,0.014256710186600685,1.3394304000030388,
NGC4369,ok,Foreground Masking\Azure\mean-parameter-4sets\full-batches\sep-spike\NGC4369_sep_thr2.5_area15_deb0.0001_dil2.png,,940,939,0.05405754601127912,0.014128120616078377,0.009104572236537933,1.0655537000056938,
NGC4389,ok,Foreground Masking\Azure\mean-parameter-4sets\full-batches\sep-spike\NGC4389_sep_thr2.5_area15_deb0.0001_dil2.png,,412,409,0.030077010790873736,0.04583531618118286,0.016912776976823807,1.4956792000011774,
NGC4405,ok,Foreground Masking\Azure\mean-parameter-4sets\full-batches\sep-spike\NGC4405_sep_thr2.5_area15_deb0.0001_dil2.png,,665,663,0.05163639975220857,0.05016995966434479,0.012790433131158352,0.9443577999991248,
NGC4424,ok,Foreground Masking\Azure\mean-parameter-4sets\full-batches\sep-spike\NGC4424_sep_thr2.5_area15_deb0.0001_dil2.png,,2095,2092,0.08382386786106291,0.047925081104040146,0.008501166477799416,2.2098792000033427,
NGC4449,ok,Foreground Masking\Azure\mean-parameter-4sets\full-batches\sep-spike\NGC4449_sep_thr2.5_area15_deb0.0001_dil2.png,,490,487,0.0678472545616189,0.013027084991335869,0.015736030414700508,1.2389256999958889,
NGC4450,ok,Foreground Masking\Azure\mean-parameter-4sets\full-batches\sep-spike\NGC4450_sep_thr2.5_area15_deb0.0001_dil2.png,,741,739,0.037371025752841534,0.03179830312728882,0.012495202012360096,1.4937479000000167,
NGC4457,ok,Foreground Masking\Azure\mean-parameter-4sets\full-batches\sep-spike\NGC4457_sep_thr2.5_area15_deb0.0001_dil2.png,,725,724,0.06045929372611857,0.05742589384317398,0.013113505207002163,1.122370700002648,
NGC4487,ok,Foreground Masking\Azure\mean-parameter-4sets\full-batches\sep-spike\NGC4487_sep_thr2.5_area15_deb0.0001_dil2.png,,862,861,0.02977720801149858,0.09474514424800873,0.02583145536482334,1.5242740999965463,
NGC4496A,ok,Foreground Masking\Azure\mean-parameter-4sets\full-batches\sep-spike\NGC4496A_sep_thr2.5_area15_deb0.0001_dil2.png,,545,543,0.053088949360640195,0.05286154896020889,0.015157842077314854,0.9471589000022504,
NGC4498,ok,Foreground Masking\Azure\mean-parameter-4sets\full-batches\sep-spike\NGC4498_sep_thr2.5_area15_deb0.0001_dil2.png,,892,891,0.07410327767470624,0.03405936807394028,0.01178430113941431,1.085524499998428,
NGC4525,ok,Foreground Masking\Azure\mean-parameter-4sets\full-batches\sep-spike\NGC4525_sep_thr2.5_area15_deb0.0001_dil2.png,,351,350,0.018375979395263534,0.060221269726753235,0.016233695670962334,0.933283800004574,
NGC4532,ok,Foreground Masking\Azure\mean-parameter-4sets\full-batches\sep-spike\NGC4532_sep_thr2.5_area15_deb0.0001_dil2.png,,738,738,0.0680903830256269,0.056937187910079956,0.013060411438345909,1.0438580999980331,
NGC4535,ok,Foreground Masking\Azure\mean-parameter-4sets\full-batches\sep-spike\NGC4535_sep_thr2.5_area15_deb0.0001_dil2.png,,2001,2000,0.041762480414761216,0.06726530194282532,0.020971905440092087,3.155648200001451,
NGC4540,ok,Foreground Masking\Azure\mean-parameter-4sets\full-batches\sep-spike\NGC4540_sep_thr2.5_area15_deb0.0001_dil2.png,,377,376,0.03083559743697657,0.07024756073951721,0.01648440770804882,0.9280763999995543,
NGC4559,ok,Foreground Masking\Azure\mean-parameter-4sets\full-batches\sep-spike\NGC4559_sep_thr2.5_area15_deb0.0001_dil2.png,,1978,1974,0.05795600152144699,0.014840609394013882,0.009988509118556976,2.194255799993698,
NGC4579,ok,Foreground Masking\Azure\mean-parameter-4sets\full-batches\sep-spike\NGC4579_sep_thr2.5_area15_deb0.0001_dil2.png,,870,868,0.04285201936078858,0.0386449471116066,0.012504344806075096,1.4738219999999274,
NGC4618,ok,Foreground Masking\Azure\mean-parameter-4sets\full-batches\sep-spike\NGC4618_sep_thr2.5_area15_deb0.0001_dil2.png,,440,439,0.0633139984008023,0.007949044927954674,0.013485321775078773,1.0244716000015615,
NGC4625,ok,Foreground Masking\Azure\mean-parameter-4sets\full-batches\sep-spike\NGC4625_sep_thr2.5_area15_deb0.0001_dil2.png,,474,473,0.06556575292839029,0.0042145587503910065,0.008690950460731983,0.8823275999966427,
NGC4639,ok,Foreground Masking\Azure\mean-parameter-4sets\full-batches\sep-spike\NGC4639_sep_thr2.5_area15_deb0.0001_dil2.png,,458,457,0.05541455540110309,0.04466943070292473,0.012108152732253075,1.0159430999992765,
NGC4654,ok,Foreground Masking\Azure\mean-parameter-4sets\full-batches\sep-spike\NGC4654_sep_thr2.5_area15_deb0.0001_dil2.png,,448,446,0.05712191885280807,0.04002506285905838,0.014566551893949509,0.9762113000033423,
NGC4668,ok,Foreground Masking\Azure\mean-parameter-4sets\full-batches\sep-spike\NGC4668_sep_thr2.5_area15_deb0.0001_dil2.png,,340,339,0.019405772484967023,0.08885975182056427,0.016693487763404846,0.8800180000034743,
NGC4713,ok,Foreground Masking\Azure\mean-parameter-4sets\full-batches\sep-spike\NGC4713_sep_thr2.5_area15_deb0.0001_dil2.png,,439,437,0.04853661651342064,0.14601123332977295,0.017286516726017,0.8601620999979787,
NGC4725,ok,Foreground Masking\Azure\mean-parameter-4sets\full-batches\sep-spike\NGC4725_sep_thr2.5_area15_deb0.0001_dil2.png,,1396,1392,0.04980953701624233,0.01475315261632204,0.012268147431313992,2.6573282000026666,
NGC4765,ok,Foreground Masking\Azure\mean-parameter-4sets\full-batches\sep-spike\NGC4765_sep_thr2.5_area15_deb0.0001_dil2.png,,328,327,0.022612293514716483,0.05679406225681305,0.02560219168663025,0.8702428999968106,
NGC4781,ok,Foreground Masking\Azure\mean-parameter-4sets\full-batches\sep-spike\NGC4781_sep_thr2.5_area15_deb0.0001_dil2.png,,889,888,0.031711804956586744,0.058267902582883835,0.022632166743278503,1.4916015999988304,
NGC4900,ok,Foreground Masking\Azure\mean-parameter-4sets\full-batches\sep-spike\NGC4900_sep_thr2.5_area15_deb0.0001_dil2.png,,322,321,0.05154197337473603,0.09054900705814362,0.01488538458943367,0.8521808000004967,
NGC4981,ok,Foreground Masking\Azure\mean-parameter-4sets\full-batches\sep-spike\NGC4981_sep_thr2.5_area15_deb0.0001_dil2.png,,340,339,0.06008115310077519,0.11277101188898087,0.013961349613964558,0.7849313999977312,
NGC5042,ok,Foreground Masking\Azure\mean-parameter-4sets\full-batches\sep-spike\NGC5042_sep_thr2.5_area15_deb0.0001_dil2.png,,686,685,0.051958604074730415,0.09994431585073471,0.0182991661131382,1.1255617000060738,
NGC5068,ok,Foreground Masking\Azure\mean-parameter-4sets\full-batches\sep-spike\NGC5068_sep_thr2.5_area15_deb0.0001_dil2.png,,2236,2234,0.09054757621560507,0.11750874668359756,0.011114303953945637,2.996847499998694,
NGC5134,ok,Foreground Masking\Azure\mean-parameter-4sets\full-batches\sep-spike\NGC5134_sep_thr2.5_area15_deb0.0001_dil2.png,,302,301,0.03632648709231887,0.08898746222257614,0.014912699349224567,1.3479194000028656,
NGC5236,ok,Foreground Masking\Azure\mean-parameter-4sets\full-batches\sep-spike\NGC5236_sep_thr2.5_area15_deb0.0001_dil2.png,,6910,6890,0.09950487885553626,0.05649050697684288,0.013687806203961372,20.236056399997324,
NGC5569,ok,Foreground Masking\Azure\mean-parameter-4sets\full-batches\sep-spike\NGC5569_sep_thr2.5_area15_deb0.0001_dil2.png,,440,438,0.04315742119632663,0.05137230455875397,0.018305843695998192,0.9820447999954922,
NGC5669,ok,Foreground Masking\Azure\mean-parameter-4sets\full-batches\sep-spike\NGC5669_sep_thr2.5_area15_deb0.0001_dil2.png,,559,558,0.07514489317015786,0.05326780304312706,0.01467983890324831,0.8730484000043361,
NGC5713,ok,Foreground Masking\Azure\mean-parameter-4sets\full-batches\sep-spike\NGC5713_sep_thr2.5_area15_deb0.0001_dil2.png,,471,469,0.07590473272639092,0.04382609203457832,0.009337237104773521,0.8025149999957648,
NGC6217,ok,Foreground Masking\Azure\mean-parameter-4sets\full-batches\sep-spike\NGC6217_sep_thr2.5_area15_deb0.0001_dil2.png,,433,432,0.05271071843371495,-0.018794964998960495,0.016915546730160713,1.4455649999945308,
NGC6237,ok,Foreground Masking\Azure\mean-parameter-4sets\full-batches\sep-spike\NGC6237_sep_thr2.5_area15_deb0.0001_dil2.png,,371,368,0.04324184429998755,-0.008915340527892113,0.01793532259762287,1.311996900003578,
NGC6412,ok,Foreground Masking\Azure\mean-parameter-4sets\full-batches\sep-spike\NGC6412_sep_thr2.5_area15_deb0.0001_dil2.png,,479,477,0.07535924319860689,-0.0025930891279131174,0.01732471212744713,1.0106405999977142,
NGC7418,ok,Foreground Masking\Azure\mean-parameter-4sets\full-batches\sep-spike\NGC7418_sep_thr2.5_area15_deb0.0001_dil2.png,,1227,1226,0.03599175494644985,0.03912225365638733,0.02121509239077568,1.9418052999972133,
NGC7424,ok,Foreground Masking\Azure\mean-parameter-4sets\full-batches\sep-spike\NGC7424_sep_thr2.5_area15_deb0.0001_dil2.png,,1075,1074,0.0406142524592626,0.03686906024813652,0.022669630125164986,1.6193454999956884,
NGC7496,ok,Foreground Masking\Azure\mean-parameter-4sets\full-batches\sep-spike\NGC7496_sep_thr2.5_area15_deb0.0001_dil2.png,,453,452,0.037223586941812485,0.0544867105782032,0.015702657401561737,1.4844091999984812,
NGC7513,ok,Foreground Masking\Azure\mean-parameter-4sets\full-batches\sep-spike\NGC7513_sep_thr2.5_area15_deb0.0001_dil2.png,,502,501,0.04113423231358803,0.04781161621212959,0.01680034212768078,1.3486964999974589,
NGC7531,ok,Foreground Masking\Azure\mean-parameter-4sets\full-batches\sep-spike\NGC7531_sep_thr2.5_area15_deb0.0001_dil2.png,,898,896,0.025149315551618645,0.03734859824180603,0.025311846286058426,1.6171778999996604,
NGC7552,ok,Foreground Masking\Azure\mean-parameter-4sets\full-batches\sep-spike\NGC7552_sep_thr2.5_area15_deb0.0001_dil2.png,,341,337,0.04814170832427733,0.005818414501845837,0.010049414820969105,1.2786711000007926,
NGC7582,ok,Foreground Masking\Azure\mean-parameter-4sets\full-batches\sep-spike\NGC7582_sep_thr2.5_area15_deb0.0001_dil2.png,,1453,1451,0.02992898735758621,0.06378687918186188,0.019561171531677246,2.5506719999975758,
NGC7764,ok,Foreground Masking\Azure\mean-parameter-4sets\full-batches\sep-spike\NGC7764_sep_thr2.5_area15_deb0.0001_dil2.png,,413,412,0.026439955513763526,0.02523142099380493,0.01797698810696602,0.9345507000034559,
NGC7800,ok,Foreground Masking\Azure\mean-parameter-4sets\full-batches\sep-spike\NGC7800_sep_thr2.5_area15_deb0.0001_dil2.png,,334,333,0.04274909495962127,0.043132536113262177,0.013440661132335663,1.3616417999946862,
PGC002492,ok,Foreground Masking\Azure\mean-parameter-4sets\full-batches\sep-spike\PGC002492_sep_thr2.5_area15_deb0.0001_dil2.png,,391,390,0.02580027525802212,0.053311340510845184,0.016833608970046043,0.9823395999992499,
PGC006626,ok,Foreground Masking\Azure\mean-parameter-4sets\full-batches\sep-spike\PGC006626_sep_thr2.5_area15_deb0.0001_dil2.png,,334,333,0.03754116254116254,0.07860773801803589,0.013875004835426807,0.8023310999997193,
PGC007654,ok,Foreground Masking\Azure\mean-parameter-4sets\full-batches\sep-spike\PGC007654_sep_thr2.5_area15_deb0.0001_dil2.png,,366,365,0.038042867022256684,0.07688739150762558,0.014936856925487518,0.7802126999959,
PGC011677,ok,Foreground Masking\Azure\mean-parameter-4sets\full-batches\sep-spike\PGC011677_sep_thr2.5_area15_deb0.0001_dil2.png,,354,353,0.037346825193561736,0.07863834500312805,0.016715673729777336,0.7872122999979183,
PGC013821,ok,Foreground Masking\Azure\mean-parameter-4sets\full-batches\sep-spike\PGC013821_sep_thr2.5_area15_deb0.0001_dil2.png,,379,378,0.046112650046168054,0.041973650455474854,0.016467217355966568,0.9935774999976275,
PGC035705,ok,Foreground Masking\Azure\mean-parameter-4sets\full-batches\sep-spike\PGC035705_sep_thr2.5_area15_deb0.0001_dil2.png,,469,468,0.025465173807285538,0.06456034630537033,0.016520410776138306,0.913646199995128,
PGC042160,ok,Foreground Masking\Azure\mean-parameter-4sets\full-batches\sep-spike\PGC042160_sep_thr2.5_area15_deb0.0001_dil2.png,,397,395,0.02267284220294416,0.08400341123342514,0.0165984109044075,0.9633216000001994,
PGC048179,ok,Foreground Masking\Azure\mean-parameter-4sets\full-batches\sep-spike\PGC048179_sep_thr2.5_area15_deb0.0001_dil2.png,,343,342,0.0524815237192494,0.09164412319660187,0.014416150748729706,1.1074645999979111,
PGC051523,ok,Foreground Masking\Azure\mean-parameter-4sets\full-batches\sep-spike\PGC051523_sep_thr2.5_area15_deb0.0001_dil2.png,,448,447,0.027500415109072713,0.049492090940475464,0.01773153990507126,0.8694500999990851,
UGC02302,ok,Foreground Masking\Azure\mean-parameter-4sets\full-batches\sep-spike\UGC02302_sep_thr2.5_area15_deb0.0001_dil2.png,,916,914,0.036896065954569256,0.11581964790821075,0.018758801743388176,1.2098415000000386,
UGC02345,ok,Foreground Masking\Azure\mean-parameter-4sets\full-batches\sep-spike\UGC02345_sep_thr2.5_area15_deb0.0001_dil2.png,,288,287,0.03863712785494426,0.07599035650491714,0.01510793250054121,1.2769135999988066,
UGC04393,ok,Foreground Masking\Azure\mean-parameter-4sets\full-batches\sep-spike\UGC04393_sep_thr2.5_area15_deb0.0001_dil2.png,,420,417,0.07992662848962062,0.027314703911542892,0.010896151885390282,0.8250742999953218,
UGC04499,ok,Foreground Masking\Azure\mean-parameter-4sets\full-batches\sep-spike\UGC04499_sep_thr2.5_area15_deb0.0001_dil2.png,,363,362,0.023358044465863908,0.040191084146499634,0.017640098929405212,1.0280866999964928,
UGC04988,ok,Foreground Masking\Azure\mean-parameter-4sets\full-batches\sep-spike\UGC04988_sep_thr2.5_area15_deb0.0001_dil2.png,,360,359,0.019129309700482742,0.07173462957143784,0.016692403703927994,0.9615464999951655,
UGC05354,ok,Foreground Masking\Azure\mean-parameter-4sets\full-batches\sep-spike\UGC05354_sep_thr2.5_area15_deb0.0001_dil2.png,,358,357,0.02033374571378537,0.022981930524110794,0.016001053154468536,0.9373851999989711,
UGC05393,ok,Foreground Masking\Azure\mean-parameter-4sets\full-batches\sep-spike\UGC05393_sep_thr2.5_area15_deb0.0001_dil2.png,,424,423,0.022475728155339807,0.05393562093377113,0.01742689497768879,0.9282636999996612,
UGC05633,ok,Foreground Masking\Azure\mean-parameter-4sets\full-batches\sep-spike\UGC05633_sep_thr2.5_area15_deb0.0001_dil2.png,,322,321,0.03668964671998039,0.08698700368404388,0.0135048171505332,1.0320662000012817,
UGC05832,ok,Foreground Masking\Azure\mean-parameter-4sets\full-batches\sep-spike\UGC05832_sep_thr2.5_area15_deb0.0001_dil2.png,,334,333,0.03863959513194361,0.10048571974039078,0.013939537107944489,0.8049761000002036,
UGC06682,ok,Foreground Masking\Azure\mean-parameter-4sets\full-batches\sep-spike\UGC06682_sep_thr2.5_area15_deb0.0001_dil2.png,,368,367,0.031636219406920046,0.011291112750768661,0.016040600836277008,0.9563965999986976,
UGC06840,ok,Foreground Masking\Azure\mean-parameter-4sets\full-batches\sep-spike\UGC06840_sep_thr2.5_area15_deb0.0001_dil2.png,,318,316,0.015253598998423651,0.05104076862335205,0.017333224415779114,1.4147097999957623,
UGC06931,ok,Foreground Masking\Azure\mean-parameter-4sets\full-batches\sep-spike\UGC06931_sep_thr2.5_area15_deb0.0001_dil2.png,,154,149,0.018400065104166665,0.1338144838809967,0.03232737258076668,1.0153436999971746,
UGC06983,ok,Foreground Masking\Azure\mean-parameter-4sets\full-batches\sep-spike\UGC06983_sep_thr2.5_area15_deb0.0001_dil2.png,,461,459,0.02883556890876719,0.04166893661022186,0.01663326658308506,1.2642348999943351,
UGC07129,ok,Foreground Masking\Azure\mean-parameter-4sets\full-batches\sep-spike\UGC07129_sep_thr2.5_area15_deb0.0001_dil2.png,,367,366,0.01763932734007046,0.04156610742211342,0.01637258753180504,1.1160975000020699,
UGC07257,ok,Foreground Masking\Azure\mean-parameter-4sets\full-batches\sep-spike\UGC07257_sep_thr2.5_area15_deb0.0001_dil2.png,,266,264,0.022909410054578864,0.023573044687509537,0.016024185344576836,0.8793265999993309,
UGC07612,ok,Foreground Masking\Azure\mean-parameter-4sets\full-batches\sep-spike\UGC07612_sep_thr2.5_area15_deb0.0001_dil2.png,,394,393,0.02081107239643825,0.06246577203273773,0.016283120959997177,0.9857373000049847,
UGC07911,ok,Foreground Masking\Azure\mean-parameter-4sets\full-batches\sep-spike\UGC07911_sep_thr2.5_area15_deb0.0001_dil2.png,,286,285,0.03999953326098879,0.11816243827342987,0.016192223876714706,1.1938637999992352,
UGC08385,ok,Foreground Masking\Azure\mean-parameter-4sets\full-batches\sep-spike\UGC08385_sep_thr2.5_area15_deb0.0001_dil2.png,,362,360,0.019029292281376953,0.0745735913515091,0.01716087944805622,1.2381461000040872,
UGC08489,ok,Foreground Masking\Azure\mean-parameter-4sets\full-batches\sep-spike\UGC08489_sep_thr2.5_area15_deb0.0001_dil2.png,,426,424,0.019847448105673404,0.025017185136675835,0.016169991344213486,1.3553353999959654,
UGC08507,ok,Foreground Masking\Azure\mean-parameter-4sets\full-batches\sep-spike\UGC08507_sep_thr2.5_area15_deb0.0001_dil2.png,,408,408,0.04062617218158951,0.18441461026668549,0.019801747053861618,1.1353072000056272,
UGC08851,ok,Foreground Masking\Azure\mean-parameter-4sets\full-batches\sep-spike\UGC08851_sep_thr2.5_area15_deb0.0001_dil2.png,,291,289,0.0231971537465032,0.005619061645120382,0.01632564701139927,0.8786785999982385,
UGC09245,ok,Foreground Masking\Azure\mean-parameter-4sets\full-batches\sep-spike\UGC09245_sep_thr2.5_area15_deb0.0001_dil2.png,,414,413,0.03961042634044501,0.010162591934204102,0.01686978153884411,0.8418855999989319,
UGC09661,ok,Foreground Masking\Azure\mean-parameter-4sets\full-batches\sep-spike\UGC09661_sep_thr2.5_area15_deb0.0001_dil2.png,,355,354,0.036636749028441766,0.08429603278636932,0.015851840376853943,0.7851423999964027,
UGC12151,ok,Foreground Masking\Azure\mean-parameter-4sets\full-batches\sep-spike\UGC12151_sep_thr2.5_area15_deb0.0001_dil2.png,,466,465,0.02714319374985108,0.09726559370756149,0.016821399331092834,0.9102321999962442,
