evaluation,status,objective,score,mean_recall,mean_precision,mean_f_score,mean_toy_recall,toy_detection_rate,mean_masked_fraction,max_masked_fraction,max_masked_fraction_limit,masked_fraction_cap_excess,false_positive_fraction,elapsed_seconds,error,trial_number,move_factor,min_distance,gaussian_fwhm,bg_variance,minarea,dilation_radius,max_area,max_elongation,detect_on,alpha,move_factor,min_distance,gaussian_fwhm,bg_variance,minarea,dilation_radius,max_area,max_elongation
1,ok,1.9309903023194104e-05,-1.9309903023194104e-05,0.0,0.0,0.0,0.0,0.0,7.723637485801525e-06,6.951273737221372e-05,0.15,0.0,7.72525610318211e-06,3.4138124999881256,,0,0.9197907130905293,0.872318565977461,1.9146578118484663,8679.7222,1,5,2200,16.972749043428927,original,1e-06,0.9197907130905293,0.872318565977461,1.9146578118484663,8679.7222,1,5,2200,16.972749043428927
2,ok,-0.0,0.0,0.0,0.0,0.0,0.0,0.0,0.0,0.0,0.15,0.0,0.0,2.58168360000127,,1,0.8546271753530291,0.7546553375439674,2.5113098199490835,9914.5376,78,4,920,4.0132453326249085,original,1e-06,0.8546271753530291,0.7546553375439674,2.5113098199490835,9914.5376,78,4,920,4.0132453326249085
3,ok,-0.0,0.0,0.0,0.0,0.0,0.0,0.0,0.0,0.0,0.15,0.0,0.0,2.8398608999996213,,2,0.6391222244713406,0.11464908851971845,2.9610127889012112,9502.523,1,7,792,19.50816315729751,original,1e-06,0.6391222244713406,0.11464908851971845,2.9610127889012112,9502.523,1,7,792,19.50816315729751
4,ok,5.575595027276277e-05,-5.575595027276277e-05,0.0,0.0,0.0,0.0,0.0,2.230092868041331e-05,0.00010287958040372614,0.15,0.0,2.23081858238723e-05,2.7305518000066513,,3,0.9404203615358534,0.6374963170240395,2.6130924107982265,2753.1463000000003,44,4,2755,7.752259742905567,original,1e-06,0.9404203615358534,0.6374963170240395,2.6130924107982265,2753.1463000000003,44,4,2755,7.752259742905567
5,ok,0.0001555166346059159,-0.0001555166346059159,0.0,0.0,0.0,0.0,0.0,6.220261163672376e-05,0.00028577661223257265,0.15,0.0,6.222282266493681e-05,2.995244100005948,,4,0.6094132372728834,0.3723664907377513,4.551543670662513,2282.7261000000003,62,8,502,16.942642197016298,original,1e-06,0.6094132372728834,0.3723664907377513,4.551543670662513,2282.7261000000003,62,8,502,16.942642197016298
6,ok,5.272116514732192e-05,-5.272116514732192e-05,0.0,0.0,0.0,0.0,0.0,2.108715393599716e-05,8.525668931605084e-05,0.15,0.0,2.1093714550655197e-05,2.63271689999965,,5,0.8035490893220378,0.3401162108352156,4.523087404465202,3026.4496000000004,27,3,2119,1.8128430187331261,original,1e-06,0.8035490893220378,0.3401162108352156,4.523087404465202,3026.4496000000004,27,3,2119,1.8128430187331261
7,ok,0.0001529781357233022,-0.0001529781357233022,0.0,0.0,0.0,0.0,0.0,6.118743176919246e-05,0.00025100712441094295,0.15,0.0,6.120654436983459e-05,2.787901100004092,,6,0.348153178473645,0.11257616793222747,3.9708234691561195,3139.6920000000005,55,6,638,15.81401227323082,original,1e-06,0.348153178473645,0.11257616793222747,3.9708234691561195,3139.6920000000005,55,6,638,15.81401227323082
8,ok,-0.0,0.0,0.0,0.0,0.0,0.0,0.0,0.0,0.0,0.15,0.0,0.0,2.4364400999911595,,7,0.4559198836750009,0.6153684825125122,4.322146091245997,9295.9261,32,0,128,6.033379194065724,original,1e-06,0.4559198836750009,0.6153684825125122,4.322146091245997,9295.9261,32,0,128,6.033379194065724
9,ok,-0.0,0.0,0.0,0.0,0.0,0.0,0.0,0.0,0.0,0.15,0.0,0.0,2.659865900001023,,8,0.018309647215213998,0.9322743107529169,0.04957867630136592,6112.8935,75,1,1275,11.289139092905954,original,1e-06,0.018309647215213998,0.9322743107529169,0.04957867630136592,6112.8935,75,1,1275,11.289139092905954
10,ok,7.610358364637485e-05,-7.610358364637485e-05,0.0,0.0,0.0,0.0,0.0,3.0439411756113463e-05,0.00014955642706837967,0.15,0.0,3.044952026829586e-05,2.8583626999898115,,9,0.0013606602423844594,0.7069946013998754,0.7583482695641464,281.6383,79,2,1349,1.5468980390927278,original,1e-06,0.0013606602423844594,0.7069946013998754,0.7583482695641464,281.6383,79,2,1349,1.5468980390927278
11,ok,8.760974336769453e-05,-8.760974336769453e-05,0.0,0.0,0.0,0.0,0.0,3.5041693542209237e-05,0.00013240983033442532,0.15,0.0,3.5052712566552105e-05,2.746898199999123,,10,0.30680151071658,0.38239877241502485,1.4998989940186682,6672.968800000001,20,4,2975,11.488175299500158,original,1e-06,0.30680151071658,0.38239877241502485,1.4998989940186682,6672.968800000001,20,4,2975,11.488175299500158
12,ok,-0.0,0.0,0.0,0.0,0.0,0.0,0.0,0.0,0.0,0.15,0.0,0.0,2.789476799996919,,11,0.6853964644550681,0.02126924194276518,3.03997412940735,7834.348800000001,2,8,1169,13.19268067319032,original,1e-06,0.6853964644550681,0.02126924194276518,3.03997412940735,7834.348800000001,2,8,1169,13.19268067319032
13,ok,-0.0,0.0,0.0,0.0,0.0,0.0,0.0,0.0,0.0,0.15,0.0,0.0,2.5763854999968316,,12,0.676453994008581,0.21361236523573668,3.2120646485273014,9889.6903,46,6,811,19.35545102494332,original,1e-06,0.676453994008581,0.21361236523573668,3.2120646485273014,9889.6903,46,6,811,19.35545102494332
14,ok,3.555647865460671e-05,-3.555647865460671e-05,0.0,0.0,0.0,0.0,0.0,1.4221995370456067e-05,0.0001279979583341046,0.15,0.0,1.4224975827389154e-05,2.9473832999938168,,13,0.5270265171192587,0.5070084616344894,2.2180725866793876,7718.984600000001,14,7,1691,6.484958249157955,original,1e-06,0.5270265171192587,0.5070084616344894,2.2180725866793876,7718.984600000001,14,7,1691,6.484958249157955
15,ok,-0.0,0.0,0.0,0.0,0.0,0.0,0.0,0.0,0.0,0.15,0.0,0.0,2.5712078000069596,,14,0.8220126285260061,0.7950578211689739,3.5470013101933837,9934.7309,65,6,901,19.80827986458313,original,1e-06,0.8220126285260061,0.7950578211689739,3.5470013101933837,9934.7309,65,6,901,19.80827986458313
16,ok,-0.0,0.0,0.0,0.0,0.0,0.0,0.0,0.0,0.0,0.15,0.0,0.0,2.694822199991904,,15,0.9997465295641497,0.49890433648636207,1.2337522746072682,5567.495000000001,42,3,79,8.792521679805468,original,1e-06,0.9997465295641497,0.49890433648636207,1.2337522746072682,5567.495000000001,42,3,79,8.792521679805468
17,ok,-0.0,0.0,0.0,0.0,0.0,0.0,0.0,0.0,0.0,0.15,0.0,0.0,2.5311270999955013,,16,0.8064706343429553,0.21288744998713088,2.6554732122709854,8207.2418,10,5,385,3.7129485677670715,original,1e-06,0.8064706343429553,0.21288744998713088,2.6554732122709854,8207.2418,10,5,385,3.7129485677670715
18,ok,9.729438505311967e-05,-9.729438505311967e-05,0.0,0.0,0.0,0.0,0.0,3.891524164747649e-05,0.0001743237334618693,0.15,0.0,3.892780351633337e-05,2.896028399991337,,17,0.711633763996198,0.7581189364621759,3.5242455315566015,4809.539500000001,36,7,1642,14.552117585488146,original,1e-06,0.711633763996198,0.7581189364621759,3.5242455315566015,4809.539500000001,36,7,1642,14.552117585488146
19,ok,-0.0,0.0,0.0,0.0,0.0,0.0,0.0,0.0,0.0,0.15,0.0,0.0,2.5905185000010533,,18,0.2108170825999684,0.9866760009896991,2.101839910528757,6900.978300000001,55,2,989,10.337636677763458,original,1e-06,0.2108170825999684,0.9866760009896991,2.101839910528757,6900.978300000001,55,2,989,10.337636677763458
20,ok,-0.0,0.0,0.0,0.0,0.0,0.0,0.0,0.0,0.0,0.15,0.0,0.0,2.527967999994871,,19,0.552335122268952,0.5128595241481679,2.8670335519174897,9217.4468,69,5,1551,4.366900465528263,original,1e-06,0.552335122268952,0.5128595241481679,2.8670335519174897,9217.4468,69,5,1551,4.366900465528263
21,ok,-0.0,0.0,0.0,0.0,0.0,0.0,0.0,0.0,0.0,0.15,0.0,0.0,2.72896550000587,,20,0.42400409907260184,0.2683764018081896,3.813712180370791,7392.456,20,7,2122,12.538078039373897,original,1e-06,0.42400409907260184,0.2683764018081896,3.813712180370791,7392.456,20,7,2122,12.538078039373897
22,ok,-0.0,0.0,0.0,0.0,0.0,0.0,0.0,0.0,0.0,0.15,0.0,0.0,2.3703771000000415,,21,0.4566108153326232,0.6750147941412581,4.765658123303198,8931.6217,29,0,120,5.465202461355824,original,1e-06,0.4566108153326232,0.6750147941412581,4.765658123303198,8931.6217,29,0,120,5.465202461355824
23,ok,-0.0,0.0,0.0,0.0,0.0,0.0,0.0,0.0,0.0,0.15,0.0,0.0,2.4116453000024194,,22,0.5910644533260029,0.583186480138328,4.248443402030411,9203.096599999999,32,0,298,3.1926742324139887,original,1e-06,0.5910644533260029,0.583186480138328,4.248443402030411,9203.096599999999,32,0,298,3.1926742324139887
24,ok,-0.0,0.0,0.0,0.0,0.0,0.0,0.0,0.0,0.0,0.15,0.0,0.0,2.3621915000112494,,23,0.2134332540362635,0.8210210504333337,4.897986969800725,9875.2853,9,1,616,6.424093287000069,original,1e-06,0.2134332540362635,0.8210210504333337,4.897986969800725,9875.2853,9,1,616,6.424093287000069
25,ok,-0.0,0.0,0.0,0.0,0.0,0.0,0.0,0.0,0.0,0.15,0.0,0.0,2.656171800001175,,24,0.46733360418361475,0.597546747935633,2.3344606889879973,8521.3992,53,3,753,8.62322595153867,original,1e-06,0.46733360418361475,0.597546747935633,2.3344606889879973,8521.3992,53,3,753,8.62322595153867
26,ok,5.032609286498181e-06,-5.032609286498181e-06,0.0,0.0,0.0,0.0,0.0,2.012959344741474e-06,1.8116634102673266e-05,0.15,0.0,2.0133811940304646e-06,2.669429700006731,,25,0.7550067572981781,0.45314596379757494,1.5971889661345298,9251.4189,22,1,290,5.075598272405905,original,1e-06,0.7550067572981781,0.45314596379757494,1.5971889661345298,9251.4189,22,1,290,5.075598272405905
27,ok,-0.0,0.0,0.0,0.0,0.0,0.0,0.0,0.0,0.0,0.15,0.0,0.0,2.4974403999949573,,26,0.8523971129909786,0.04387101500990487,3.3383950540196152,8090.2838,36,4,981,2.8871119643267336,original,1e-06,0.8523971129909786,0.04387101500990487,3.3383950540196152,8090.2838,36,4,981,2.8871119643267336
28,ok,-0.0,0.0,0.0,0.0,0.0,0.0,0.0,0.0,0.0,0.15,0.0,0.0,2.5550881999952253,,27,0.3761525627388185,0.8847167229937118,4.0333644424942605,7286.9426,50,2,419,18.210086386218624,original,1e-06,0.3761525627388185,0.8847167229937118,4.0333644424942605,7286.9426,50,2,419,18.210086386218624
29,ok,-0.0,0.0,0.0,0.0,0.0,0.0,0.0,0.0,0.0,0.15,0.0,0.0,3.069851899999776,,28,0.6037725947842558,0.10483458937546852,0.8406251304800594,9393.4637,62,8,22,6.880840175488586,original,1e-06,0.6037725947842558,0.10483458937546852,0.8406251304800594,9393.4637,62,8,22,6.880840175488586
30,ok,1.9802223496873275e-05,-1.9802223496873275e-05,0.0,0.0,0.0,0.0,0.0,7.920557421700148e-06,7.128501679530133e-05,0.15,0.0,7.92221730694596e-06,2.8317580000002636,,29,0.868352699068156,0.8633252818790068,1.7611081588570396,8443.0965,7,5,1469,9.427029168055718,original,1e-06,0.868352699068156,0.8633252818790068,1.7611081588570396,8443.0965,7,5,1469,9.427029168055718
31,ok,-0.0,0.0,0.0,0.0,0.0,0.0,0.0,0.0,0.0,0.15,0.0,0.0,2.4839439000061247,,30,0.9281945505346629,0.7333371904547277,2.473579459534739,8769.4216,72,0,1826,14.705768540022486,original,1e-06,0.9281945505346629,0.7333371904547277,2.473579459534739,8769.4216,72,0,1826,14.705768540022486
32,ok,-0.0,0.0,0.0,0.0,0.0,0.0,0.0,0.0,0.0,0.15,0.0,0.0,2.6561806999961846,,31,0.0287048377734066,0.9982947488200334,0.04005394215933055,6094.6638,78,1,1273,10.726425748190684,original,1e-06,0.0287048377734066,0.9982947488200334,0.04005394215933055,6094.6638,78,1,1273,10.726425748190684
33,ok,-0.0,0.0,0.0,0.0,0.0,0.0,0.0,0.0,0.0,0.15,0.0,0.0,2.700107900003786,,32,0.1889530766228976,0.9174772690230255,0.02463387015139456,4600.9575,74,1,1148,7.357194711973229,original,1e-06,0.1889530766228976,0.9174772690230255,0.02463387015139456,4600.9575,74,1,1148,7.357194711973229
34,ok,-0.0,0.0,0.0,0.0,0.0,0.0,0.0,0.0,0.0,0.15,0.0,0.0,2.6643172000040067,,33,0.06865652856934962,0.9370655545444211,0.9089490268825444,4451.914000000001,67,0,666,17.435880638986742,original,1e-06,0.06865652856934962,0.9370655545444211,0.9089490268825444,4451.914000000001,67,0,666,17.435880638986742
35,ok,-0.0,0.0,0.0,0.0,0.0,0.0,0.0,0.0,0.0,0.15,0.0,0.0,2.772422500012908,,34,0.28434620743172134,0.6464919819770729,0.4730152457741146,6276.9467,61,4,1112,5.540465871723487,original,1e-06,0.28434620743172134,0.6464919819770729,0.4730152457741146,6276.9467,61,4,1112,5.540465871723487
36,ok,6.966839622350663e-05,-6.966839622350663e-05,0.0,0.0,0.0,0.0,0.0,2.7864982989660105e-05,7.239674176558506e-05,0.15,0.0,2.7876860488372842e-05,2.6071888000005856,,35,0.9903153066855086,0.8225542853729563,4.461026825701083,1483.5107,1,2,560,15.38134102701034,original,1e-06,0.9903153066855086,0.8225542853729563,4.461026825701083,1483.5107,1,2,560,15.38134102701034
37,ok,-0.0,0.0,0.0,0.0,0.0,0.0,0.0,0.0,0.0,0.15,0.0,0.0,2.6133839000103762,,36,0.13937150786239078,0.760270450873744,2.81926253013568,5385.279200000001,73,1,865,2.440299987957312,original,1e-06,0.13937150786239078,0.760270450873744,2.81926253013568,5385.279200000001,73,1,865,2.440299987957312
38,ok,4.254195285276772e-05,-4.254195285276772e-05,0.0,0.0,0.0,0.0,0.0,1.701558801379695e-05,9.621145945163279e-05,0.15,0.0,1.7021553650347643e-05,2.651153800004977,,37,0.6390142499622345,0.5863416166970112,1.987930814669032,3617.8058000000005,59,3,2604,12.706992205047712,original,1e-06,0.6390142499622345,0.5863416166970112,1.987930814669032,3617.8058000000005,59,3,2604,12.706992205047712
39,ok,1.1246736986591563e-05,-1.1246736986591563e-05,0.0,0.0,0.0,0.0,0.0,4.498335562920125e-06,4.0485020066281125e-05,0.15,0.0,4.500131721502625e-06,2.699008399999002,,38,0.754189647148267,0.314982904248241,0.4146594091133844,1953.0059,79,0,1350,7.896123169712006,original,1e-06,0.754189647148267,0.314982904248241,0.4146594091133844,1953.0059,79,0,1350,7.896123169712006
40,ok,0.0004333993219257356,-0.0004333993219257356,0.0,0.0,0.0,0.0,0.0,0.00017334381970525542,0.0005406492820680464,0.15,0.0,0.00017342336503044944,2.895506500004558,,39,0.8923870532982654,0.8769517557099342,1.3355245974647882,255.1373,15,4,1821,4.410564344628211,original,1e-06,0.8923870532982654,0.8769517557099342,1.3355245974647882,255.1373,15,4,1821,4.410564344628211
