rank,name,catalogue,candidate_rank,x,y,score,peak
11,NGC1255,weak_Gaia,1,601.3455437086316,469.19576983274163,0.053769679410082837,28.603979068715123
12,NGC4496A,weak_Gaia,1,344.9820654103919,851.5201047777775,0.19676658335765213,67.19788816010102
12,NGC4496A,weak_Gaia,2,333.7953143311825,803.9225083160968,0.12586848735097336,21.976132051666518
13,UGC06931,weak_Gaia,1,312.8457950528443,682.5245846117124,0.32684186094285134,73.2769784831025
14,NGC4102,2MASS,1,600.1388368373845,797.5639203937624,0.3881273169622386,61.177559761233326
15,PGC042160,2MASS,1,458.1088098510334,754.5222505144186,0.41832319545964325,94.46387895370609
15,PGC042160,weak_Gaia,1,458.3088900869235,754.1491249214232,0.27396561304065936,94.46387895370609
16,UGC07612,2MASS,1,441.24882985425154,853.434765801323,0.41327334294803003,193.2299504698876
16,UGC07612,weak_Gaia,1,441.2654192147924,852.8384527126558,0.3111217404414712,193.2299504698876
17,UGC06840,2MASS,1,626.6554814689217,738.8017515186511,0.3735795796721345,131.03317877502255
17,UGC06840,weak_Gaia,1,627.087931726443,738.4864540842713,0.29779526969885,131.03317877502255
17,UGC06840,weak_Gaia,2,701.472374852126,655.2471199700509,0.2608882360231747,36.475381768190566
17,UGC06840,weak_Gaia,3,653.5147151688979,694.8492369990379,0.04556356116115012,7.581385098529567
18,NGC0986,2MASS,1,921.3187654981997,786.570565176195,0.24320665409753411,90.29827381453063
18,NGC0986,weak_Gaia,1,1002.8401836685574,857.0736850907007,0.35891426593274245,50.390648977118595
18,NGC0986,weak_Gaia,2,999.9405641496464,849.3040221559799,0.350303051963239,75.52441199667992
18,NGC0986,weak_Gaia,3,984.7865993306918,761.4308397071225,0.0009679120777253484,81.90811071972396
19,UGC07257,2MASS,1,323.4917473890631,783.0685277330747,0.7441423115779271,267.06841224044746
19,UGC07257,weak_Gaia,1,323.52334144951925,783.1791140802546,0.2983660704223618,267.06841224044746
20,NGC2681,2MASS,1,408.69737073063584,726.8037578648858,0.7128265100203639,93.230967994681
20,NGC2681,weak_Gaia,1,409.0612495595352,726.524908912486,0.34052233606451865,93.230967994681
21,NGC3726,2MASS,1,250.75875096170228,558.9171710360432,0.6407723249313715,86.85252280834825
21,NGC3726,weak_Gaia,1,250.9563938960067,558.7106957058674,0.416536571105376,86.85252280834825
21,NGC3726,weak_Gaia,2,275.64289756527097,580.873329566363,0.2159256684319038,43.98252929264863
22,NGC4303,2MASS,1,410.461409641012,793.7433097404812,0.7251052053871112,445.34980615857745
22,NGC4303,2MASS,2,356.76226708214307,866.1816329667427,0.4857636957400928,308.1404016275018
22,NGC4303,weak_Gaia,1,399.80771276240887,692.6613429481658,0.12294931217653274,38.57618782763042
22,NGC4303,weak_Gaia,2,362.79803805108133,677.4471594760465,0.025180187794366638,13.674667044576486
23,NGC7531,2MASS,1,828.9899878283804,893.7944099004261,1.6015360360957636,1493.9794808645368
23,NGC7531,weak_Gaia,1,927.9415500698819,944.036220584336,0.10008947224203865,32.71160500039637
23,NGC7531,weak_Gaia,2,886.049298611951,999.580689105647,0.053617861730735246,32.366571601228074
23,NGC7531,weak_Gaia,3,852.6240460665671,1000.4425961821245,0.0015310087322492009,6.913388716219074
24,NGC1559,2MASS,1,869.5265931912453,747.1623909444407,1.8668814706338086,156.24278812505779
24,NGC1559,2MASS,2,856.830684051524,754.9189345092517,0.21982058494178322,8.199644939365974
24,NGC1559,weak_Gaia,1,869.5642202770161,747.2508427473288,0.27346898427177435,156.24278812505779
24,NGC1559,weak_Gaia,2,851.8675409635451,780.4681287199234,0.132037685249922,24.762267096133165
24,NGC1559,weak_Gaia,3,830.0613957807777,807.8393968058448,0.013950369464205678,10.012398000033816
25,NGC0918,2MASS,1,285.1442388340558,280.781888872673,1.561001873111574,118.06319928486975
25,NGC0918,2MASS,2,257.21477031283064,255.51558895438228,0.6837729081778036,27.39951459547682
25,NGC0918,weak_Gaia,1,257.15760112957486,255.46521102158795,0.3176556096305044,27.39951459547682
25,NGC0918,weak_Gaia,2,284.9657738835392,280.47545213756945,0.2956799474100388,118.06319928486975
26,NGC3992,2MASS,1,1340.098411557023,982.0293787326275,1.4509689413475624,1049.2387416270585
26,NGC3992,2MASS,2,1446.0945048771425,955.7546918115943,0.9415480870956798,409.7938320603522
26,NGC3992,2MASS,3,1457.0954392347865,927.0984071698069,0.6794943474589876,182.52495208343825
26,NGC3992,2MASS,4,1263.0727737334907,725.5436381723997,0.39091687119745594,91.68451271088266
26,NGC3992,weak_Gaia,1,1263.3511547665441,725.645297054625,0.35918861648505396,91.68451271088266
26,NGC3992,weak_Gaia,2,1445.7991874319682,955.4502330735344,0.24296607314441568,409.7938320603522
26,NGC3992,weak_Gaia,3,1340.0007767424297,982.0262010929613,0.24035931174975209,1049.2387416270585
26,NGC3992,weak_Gaia,4,1457.5600173601313,926.8155597497263,0.23721161722741346,182.52495208343825
26,NGC3992,weak_Gaia,5,1425.6107348654402,1081.684979450451,0.10617423049283184,12.212852111093257
26,NGC3992,weak_Gaia,6,1283.9346691382436,928.4870254554412,0.048898374377470494,17.78849912789144
26,NGC3992,weak_Gaia,7,1375.593089044542,739.6455150970716,0.004921430707823303,13.486162312813887
27,NGC7418,2MASS,1,1032.217926326537,937.0901765819777,0.8171057962958317,132.14103665444145
27,NGC7418,2MASS,2,1039.909751059533,1034.7421472338974,0.7814212120026924,227.87674840580098
27,NGC7418,2MASS,3,972.6504662009996,978.9084430835306,0.7271725643257725,100.04137934447706
27,NGC7418,2MASS,4,1171.8341939979964,1040.9392412327804,0.5814989114915055,117.62368334177506
27,NGC7418,2MASS,5,1175.7477098918203,1021.7880039626808,0.27179381771333905,62.7017219319423
27,NGC7418,weak_Gaia,1,1175.8721630806656,1021.2202751860469,0.33198420753132735,62.7017219319423
27,NGC7418,weak_Gaia,2,1021.9179202039737,1136.561385044162,0.3140445303842318,39.21064537905414
27,NGC7418,weak_Gaia,3,1031.9078491943303,936.9713868064023,0.3018864531081738,132.14103665444145
27,NGC7418,weak_Gaia,4,972.2843812517176,978.5394994224339,0.3012646713784131,100.04137934447706
27,NGC7418,weak_Gaia,5,1172.5200788267139,1039.8622147356443,0.293488248475525,117.62368334177506
27,NGC7418,weak_Gaia,6,1039.4321301017585,1034.5436044918335,0.21162839650790286,227.87674840580098
27,NGC7418,weak_Gaia,7,1086.19303445659,940.7215428531599,0.10632089654485015,27.97479230321132
27,NGC7418,weak_Gaia,8,1135.5389551759995,995.0181972490224,0.05740310845616784,10.678222362553452
27,NGC7418,weak_Gaia,9,1075.91524089608,1077.5631464695575,0.04291745376260763,46.617577575107376
27,NGC7418,weak_Gaia,10,975.2250273973328,1016.942455808776,0.0352209726322959,11.417841072977623
28,NGC4725,2MASS,1,794.847847363611,1388.8180157267172,1.8406881371866932,1933.9565965308968
28,NGC4725,2MASS,2,625.5019494224831,1204.5634877516823,1.5479535219660863,2368.0361016553506
28,NGC4725,2MASS,3,667.6527475242397,1301.0176915306417,1.2438531812185345,1191.5041379077447
28,NGC4725,2MASS,4,798.8238727105891,1232.3819874166722,1.170270303219005,1145.410261531804
28,NGC4725,2MASS,5,737.5427692871067,1073.8823980015623,1.0287101822183304,891.8241366202686
28,NGC4725,2MASS,6,709.590701632942,1147.870639583665,1.0102686540677797,864.2652596671935
28,NGC4725,2MASS,7,657.323416726646,1254.3996420969893,0.89320645320766,694.6207381825133
28,NGC4725,2MASS,8,912.1257969575695,1354.3705865027412,0.7620549523587125,262.94667870535653
28,NGC4725,2MASS,9,559.0813968213461,1166.5281282222534,0.6862257703230326,356.4324645924969
28,NGC4725,2MASS,10,671.3636566571365,1029.8433886270066,0.5308545483074293,273.4122992581925
28,NGC4725,2MASS,11,600.8720893726385,1431.3112124029203,0.35776275780310834,146.94243825623064
28,NGC4725,2MASS,12,682.6187683480554,1403.0067821743262,0.26828435694386454,100.63053308353338
28,NGC4725,2MASS,13,970.8364844575829,1342.1531997344218,0.23742612213072214,20.968770615384226
28,NGC4725,weak_Gaia,1,944.4616040494852,1340.4454461049286,0.4095291821177093,97.51230341341123
28,NGC4725,weak_Gaia,2,455.0544455925043,1082.7196812868783,0.3774672578164221,65.13057668685875
28,NGC4725,weak_Gaia,3,912.5605894537225,1354.1741002908484,0.2994315573439439,255.5741049608497
28,NGC4725,weak_Gaia,4,970.796189675316,1342.4441658084468,0.2849113465568665,20.968770615384226
28,NGC4725,weak_Gaia,5,885.0894600183677,1433.9315294643507,0.28449868998770783,23.53904631746618
28,NGC4725,weak_Gaia,6,600.8806419930899,1430.7657529082514,0.2614587439096591,146.94243825623064
28,NGC4725,weak_Gaia,7,559.6538237520116,1165.882503180482,0.2609497171874088,356.4324645924969
28,NGC4725,weak_Gaia,8,671.2598718324123,1029.524727763806,0.26043568295550756,273.4122992581925
28,NGC4725,weak_Gaia,9,753.9011266534535,1317.7878221406743,0.25720951078283194,3997.2578071765797
28,NGC4725,weak_Gaia,10,948.0187243558356,1157.332095121235,0.2557592990738121,73.76274350032595
28,NGC4725,weak_Gaia,11,625.3557738705397,1204.3771638613473,0.253319128888571,2368.0361016553506
28,NGC4725,weak_Gaia,12,754.3479377643154,1314.153270226534,0.2467942955826224,2856.8845800329527
28,NGC4725,weak_Gaia,13,794.7477772037354,1388.5177006617535,0.24439319965921905,1933.9565965308968
28,NGC4725,weak_Gaia,14,667.628749579124,1300.2146827125846,0.2401593537481803,1191.5041379077447
28,NGC4725,weak_Gaia,15,657.6096704952043,1254.0650193975362,0.2223515742610667,694.6207381825133
28,NGC4725,weak_Gaia,16,719.8900331898695,1045.5149463619541,0.21074663824346543,85.50014105714257
28,NGC4725,weak_Gaia,17,811.0600098038414,1092.6967104868304,0.18724059005651153,171.97166136499285
28,NGC4725,weak_Gaia,18,843.226717376291,1297.7678769068193,0.12669484455204633,23.06389411878596
28,NGC4725,weak_Gaia,19,614.0635032598615,1247.2097214034848,0.11651638456841756,165.6109425108967
28,NGC4725,weak_Gaia,20,809.3758014432883,1222.0962496084517,0.1100290983222983,37.01143712689645
28,NGC4725,weak_Gaia,21,654.8570863937186,1187.493034266785,0.05734502119013066,36.20116448557528
28,NGC4725,weak_Gaia,22,647.6229899460808,1303.6886833288506,0.03461898032972838,25.514136484958016
28,NGC4725,weak_Gaia,23,743.923559214632,1235.4270759974465,0.03036553777369972,10.87201700351934
28,NGC4725,weak_Gaia,24,639.9578807710417,1332.999336229921,0.025689013836628062,18.605183671250828
29,NGC1808,2MASS,1,1034.8283859451656,540.5525738517028,2.2189949016232395,9217.228625881939
29,NGC1808,2MASS,2,1014.9750560676213,305.5892752130511,1.779280210045277,3706.516778958877
29,NGC1808,2MASS,3,833.8872795922133,54.36733101989848,1.6039165758580176,1006.2269807041
29,NGC1808,2MASS,4,1062.3126130107833,518.5703127704485,1.167836561695083,874.4960338884348
29,NGC1808,2MASS,5,779.5160377004762,317.3237270659303,1.092458817929058,1016.5054042998167
29,NGC1808,2MASS,6,1031.3525714956397,162.52806664056797,0.9532007384522788,822.2994132868773
29,NGC1808,2MASS,7,1107.985550512437,201.13820238765516,0.8957085298794981,655.9483067520226
29,NGC1808,2MASS,8,1119.2980996910405,492.3092698968188,0.8566823741612928,559.9666800522689
29,NGC1808,2MASS,9,618.8096482655102,250.9623149887485,0.8560067066314239,551.1350542493271
29,NGC1808,2MASS,10,1032.1535227821212,400.91087544478245,0.7678579860367618,729.1035838046014
29,NGC1808,2MASS,11,1192.4802357635544,308.468215499057,0.6590378823645902,133.32774677940736
29,NGC1808,2MASS,12,776.9600926635784,579.2593587132524,0.6540704823879132,344.7428537135506
29,NGC1808,2MASS,13,727.4070189972462,215.91113289775512,0.649970456520823,357.0799094358669
29,NGC1808,2MASS,14,811.3795500148766,322.1962344523761,0.4737774095762541,220.19567448294913
29,NGC1808,2MASS,15,791.1959519451633,508.0608567913262,0.4651278967325068,343.48910287416976
29,NGC1808,2MASS,16,1141.7105917985418,496.9146289815924,0.4566626343890066,66.44865079048658
29,NGC1808,2MASS,17,631.7508235639516,161.4146420587957,0.4463940595892939,71.26843627158738
29,NGC1808,2MASS,18,626.1552940896263,358.66436133208873,0.4039737491418045,166.39881414086378
29,NGC1808,2MASS,19,651.0860062698182,335.55470138436345,0.3525942322931605,159.1432694592809
29,NGC1808,2MASS,20,823.405867706087,435.2210524052224,0.34080314817024776,157.69209765748357
29,NGC1808,2MASS,21,1081.722836788061,434.5721200411065,0.33752861475573004,226.28676811381376
29,NGC1808,2MASS,22,642.6525207304525,208.23651820981414,0.29037565019005235,149.6347899544634
29,NGC1808,2MASS,23,1203.080922884659,373.2958075885628,0.2855520581457667,27.87220243401971
29,NGC1808,2MASS,24,898.8013520641047,245.28483790754376,0.25095873923516265,317.3800541565604
29,NGC1808,weak_Gaia,1,638.4826768629891,447.9601010050557,0.3434330945348417,102.18177658747138
29,NGC1808,weak_Gaia,2,650.0978072191541,252.41302420319587,0.3109206219330217,137.25051429991154
29,NGC1808,weak_Gaia,3,733.3904084083266,409.2829617541403,0.3073543359511442,94.50726254728148
29,NGC1808,weak_Gaia,4,765.7528209515367,334.5613458087933,0.29562918719315545,96.06466717513783
29,NGC1808,weak_Gaia,5,791.4118068067995,507.7887400854681,0.28979922306416656,343.48910287416976
29,NGC1808,weak_Gaia,6,631.6036649110545,161.54142637858786,0.2890383844799544,153.7269830522939
29,NGC1808,weak_Gaia,7,776.860385223941,578.9461939990397,0.2829432340931555,344.7428537135506
29,NGC1808,weak_Gaia,8,1073.286252570576,260.7282708196422,0.27853667890069184,47.10825251358952
29,NGC1808,weak_Gaia,9,1119.0204820476927,492.42313027934443,0.2778428748692595,559.9666800522689
29,NGC1808,weak_Gaia,10,838.1781894162532,363.3285356468037,0.27708454112977804,139.2061328840705
29,NGC1808,weak_Gaia,11,1105.0793351446077,291.46183049169383,0.27578099460103694,132.96977057720918
29,NGC1808,weak_Gaia,12,741.8594146504594,460.1082749861214,0.2757730706062028,82.15906555693668
29,NGC1808,weak_Gaia,13,618.6923583623748,251.16036241054314,0.27480144701682224,551.1350542493271
29,NGC1808,weak_Gaia,14,823.4679425364706,435.2902918581894,0.27012139649352634,157.69209765748357
29,NGC1808,weak_Gaia,15,727.3121721077285,216.06280616035994,0.2685828953677604,357.0799094358669
29,NGC1808,weak_Gaia,16,1107.853318930237,200.94915656922737,0.26344369018494024,655.9483067520226
29,NGC1808,weak_Gaia,17,811.2630600294304,322.6648861796786,0.26289552455993165,220.19567448294913
29,NGC1808,weak_Gaia,18,1031.2308293569426,162.67981773061493,0.2616287634970454,822.2994132868773
29,NGC1808,weak_Gaia,19,740.5518318233339,463.57566845930614,0.26138557946774454,79.9230627873987
29,NGC1808,weak_Gaia,20,1062.0881196721512,518.3885528613815,0.25916628406919673,1479.3024196442668
29,NGC1808,weak_Gaia,21,680.2158142780637,507.9455267543089,0.25731738566756585,66.8340812409889
29,NGC1808,weak_Gaia,22,657.519479022337,140.36182643300043,0.25512154297279266,71.73099778271828
29,NGC1808,weak_Gaia,23,636.0215508641346,329.86270814987023,0.25250292685440795,55.40578344604034
29,NGC1808,weak_Gaia,24,779.747440177773,316.6390110023245,0.2514289230985478,1016.5054042998167
29,NGC1808,weak_Gaia,25,1081.6649447212749,434.451232293944,0.24685561331948327,226.28676811381376
29,NGC1808,weak_Gaia,26,730.501372814161,562.1138200991622,0.23977495562390175,127.18082637060083
29,NGC1808,weak_Gaia,27,846.2850510861892,430.6021917705391,0.23819211994617642,40.51883045508308
29,NGC1808,weak_Gaia,28,1032.2165403136678,401.1122696163123,0.23590106268510835,729.1035838046014
29,NGC1808,weak_Gaia,29,1141.5535603173112,496.9736640297018,0.22890366221452677,66.44865079048658
29,NGC1808,weak_Gaia,30,833.9889761445487,54.008892365229585,0.22112819237488737,1006.2269807041
29,NGC1808,weak_Gaia,31,638.744616489157,419.95128535264473,0.21820218210218223,61.71481651947809
29,NGC1808,weak_Gaia,32,1203.0042213134693,373.41468804776616,0.2171499758902213,27.87220243401971
29,NGC1808,weak_Gaia,33,1137.3216290074215,310.4493122488884,0.2085320739993202,51.53532617993066
29,NGC1808,weak_Gaia,34,868.6941335098645,99.37277248816487,0.20312439510911406,48.39370475565945
29,NGC1808,weak_Gaia,35,753.3433670636198,181.75115666047756,0.19246563844160738,55.469551568786315
29,NGC1808,weak_Gaia,36,1192.5303566987982,308.1175169569402,0.1633461409851631,29.718536630897
29,NGC1808,weak_Gaia,37,781.861863325203,168.73294272801326,0.14908134168502396,19.048877504956945
29,NGC1808,weak_Gaia,38,892.7636474154252,244.95020853595315,0.10753612717942382,55.65609048977232
29,NGC1808,weak_Gaia,39,1193.9738724194194,256.02509477568856,0.1040429070133373,10.122423127809496
29,NGC1808,weak_Gaia,40,755.3178604398296,170.69169652829575,0.10393370029898735,71.18799153904567
29,NGC1808,weak_Gaia,41,899.012589594808,245.7473719837333,0.08303770250943221,317.3800541565604
29,NGC1808,weak_Gaia,42,1142.9723067319642,357.4534400825466,0.08115582131889779,38.87615649561365
29,NGC1808,weak_Gaia,43,985.4741968644877,98.9548495870031,0.07318507809712421,21.230416802755144
29,NGC1808,weak_Gaia,44,669.638310819606,338.3336969016151,0.06145039107418291,47.015573977546595
29,NGC1808,weak_Gaia,45,1167.5832924837214,422.42773412961026,0.046566992058359326,10.224121835192737
29,NGC1808,weak_Gaia,46,648.5516525736558,126.48935956210244,0.03088949921086985,11.51347115373843
29,NGC1808,weak_Gaia,47,989.0183459263571,103.28089055171735,0.02656307913650338,93.2105540864555
29,NGC1808,weak_Gaia,48,998.3558428787495,131.74274537643433,0.01941630463503968,14.600599788533225
29,NGC1808,weak_Gaia,49,1029.5512166010938,283.183418729402,0.004291148566821533,25.720734941386603
30,NGC5236,2MASS,1,1189.2190818896008,1614.6799071571,2.631155883434471,4708.344081300318
30,NGC5236,2MASS,2,1145.979292581844,1635.4007887062576,1.6558701882896214,926.3972628832247
30,NGC5236,2MASS,3,1238.4154268203654,1816.2570344596063,1.6145865324581972,670.0096415835746
30,NGC5236,2MASS,4,1100.1498666815446,1665.9208342710783,1.4228418505884286,351.9844383987227
30,NGC5236,2MASS,5,1657.180385937796,1385.2732020372425,1.4075348778847623,112.5281232005202
30,NGC5236,2MASS,6,1462.1733645516572,1387.0527451443081,1.3849020138221477,596.5419247208105
30,NGC5236,2MASS,7,1189.0462936672607,1385.5149322974592,1.3828455542790679,317.0550267753563
30,NGC5236,2MASS,8,1145.9972782550062,1842.1760669025257,1.3079293599352373,102.01092045515159
30,NGC5236,2MASS,9,1108.0881913722578,1820.3865762445848,1.2522978424188524,69.10239169411842
30,NGC5236,2MASS,10,1266.0859945550076,1625.6228784621605,1.0776691042349094,329.6427594838251
30,NGC5236,2MASS,11,1201.6358496734615,1682.6578013079534,1.0485961691799364,254.52632443325223
30,NGC5236,2MASS,12,1416.8616490563184,1849.078241382846,0.8760764540399155,178.34218462193854
30,NGC5236,2MASS,13,1205.821043080699,1323.681915633577,0.8443619941159466,42.979948119921644
30,NGC5236,2MASS,14,1078.5428324850268,1709.1085209369762,0.8137590617320207,43.923429362896854
30,NGC5236,2MASS,15,1083.5415852559274,1728.975979430287,0.7750050804410804,43.80310762544368
30,NGC5236,2MASS,16,1359.5219860472448,1710.1892744955808,0.7033989537687443,164.56211491766052
30,NGC5236,2MASS,17,1287.0988187224814,1299.1931898651906,0.6684722737379579,27.213613749307676
30,NGC5236,2MASS,18,1366.6231920836306,1280.2212045960955,0.6024249045280682,15.883901757792232
30,NGC5236,2MASS,19,1444.8121931064816,1427.593206817606,0.5926860605865614,123.55034478892736
30,NGC5236,2MASS,20,1395.223343737601,1419.8938485895399,0.5868392241240987,100.70264747826302
30,NGC5236,2MASS,21,1210.2098943361166,1670.3016858650403,0.5854591694234447,117.1796199672119
30,NGC5236,2MASS,22,1477.3461501997767,1827.880621032823,0.551920810309865,105.37093768417559
30,NGC5236,2MASS,23,1576.1408893573325,1435.3110746197196,0.5263137091977335,109.4692141398565
30,NGC5236,2MASS,24,1436.7498453387964,1355.803673791154,0.5069077571451113,231.42105148184922
30,NGC5236,2MASS,25,1470.674921100984,1309.411402715419,0.47903891659289594,27.794625593676844
30,NGC5236,2MASS,26,1537.3376562270785,1499.4447935067315,0.4734253414027274,109.42510846664845
30,NGC5236,2MASS,27,1350.7481048112684,1655.306979264071,0.4648426695029748,88.16506386476506
30,NGC5236,2MASS,28,1454.4617141107287,1886.5282038649395,0.45594405025374274,11.35489992946827
30,NGC5236,2MASS,29,1401.368172467434,1398.9529357913405,0.44544611049823357,101.31980063584366
30,NGC5236,2MASS,30,1543.2567697400646,1442.1170246513302,0.43137875396976016,83.29355059200043
30,NGC5236,2MASS,31,1600.1607428498235,1758.3666336377385,0.42578566508702376,53.21446963691313
30,NGC5236,2MASS,32,1525.0864789565783,1403.8009141822401,0.4177107438044719,105.68830872880537
30,NGC5236,2MASS,33,1293.291455939841,1416.7501804057013,0.3938711124291469,63.620486957753
30,NGC5236,2MASS,34,1546.3293462441231,1486.777831007858,0.38548069776614774,77.8748268482844
30,NGC5236,2MASS,35,1266.7343404731307,1764.9508616049943,0.38296875349779413,92.71707746775456
30,NGC5236,2MASS,36,1422.367990127356,1632.5518607815382,0.3771835827167138,79.80725341845479
30,NGC5236,2MASS,37,1498.378044429597,1422.2225394001505,0.36985910606714173,75.46396970653193
30,NGC5236,2MASS,38,1324.8551029178136,1730.3012568688591,0.3679233167518692,346.62762437547747
30,NGC5236,2MASS,39,1338.1302113042334,1433.9248477662468,0.3678402637388377,83.70843692551492
30,NGC5236,2MASS,40,1373.6867254988715,1752.115752310318,0.35307216032518157,73.42213442522943
30,NGC5236,2MASS,41,1231.8347910329348,1836.94039727277,0.3318691301059128,42.79827766411781
30,NGC5236,2MASS,42,1563.6078599592365,1575.3399234271328,0.3255066762999907,303.7901759000718
30,NGC5236,2MASS,43,1714.2038806731325,1483.4236916359137,0.32537658299768857,11.948786437155656
30,NGC5236,2MASS,44,1680.6452867252483,1490.401215291106,0.32293375094737653,12.452576080447347
30,NGC5236,2MASS,45,1676.0351348674421,1557.268625989492,0.32069158563909267,26.65522588695107
30,NGC5236,2MASS,46,1312.3843999153135,1761.3099204113057,0.32056885618798414,60.26508391774164
30,NGC5236,2MASS,47,1096.724289588765,1482.2482589909296,0.32018237746516315,29.869200700228962
30,NGC5236,2MASS,48,1364.6694201249945,1621.134191823915,0.31706486307651827,78.52061106135926
30,NGC5236,2MASS,49,1341.3411167967404,1398.0853685167629,0.3121262393724353,47.646003949758985
30,NGC5236,2MASS,50,1300.413890503839,1614.2714928636292,0.30763031554231846,51.39027066744829
30,NGC5236,2MASS,51,1573.9424072318564,1556.0216350302132,0.3020703834283777,160.588121618386
30,NGC5236,2MASS,52,1584.083051335438,1492.642274795433,0.3011637124599701,61.71405130493387
30,NGC5236,2MASS,53,1305.447615360683,1464.1032146123011,0.30038759549505467,128.90806538432233
30,NGC5236,2MASS,54,1389.2172716907533,1296.2095418446495,0.2833578626568108,16.595859143570944
30,NGC5236,2MASS,55,1563.4572935430876,1460.8543604256274,0.2770213178650955,228.74390886319853
30,NGC5236,2MASS,56,1534.141243199165,1445.34191757597,0.2605538520828221,146.29604842512853
30,NGC5236,2MASS,57,1602.016713464274,1647.0747754228526,0.25355062897690667,77.98070063119968
30,NGC5236,2MASS,58,1432.050246994644,1414.8798242812697,0.2518385560469084,50.06342729428313
30,NGC5236,2MASS,59,1531.6332730177596,1438.4198715106104,0.24321917531871978,59.902511500820225
30,NGC5236,2MASS,60,1447.7646162480296,1803.116649049371,0.240793111023127,51.93379608237093
30,NGC5236,2MASS,61,1295.1934702043973,1543.1440967826197,0.2309824141445212,44.51000288484339
30,NGC5236,2MASS,62,1385.500839633833,1614.259316666951,0.22695271233026057,76.6330687906042
30,NGC5236,2MASS,63,1266.793997325033,1585.3848983239334,0.22581577856500842,33.901031974810444
30,NGC5236,2MASS,64,1543.0523547839382,1658.5323018720771,0.2243562640392516,67.12327801358025
30,NGC5236,2MASS,65,1555.3747005715572,1761.7963287105777,0.22258178993128186,62.49777514047114
30,NGC5236,2MASS,66,1282.9254701539217,1506.9098705360966,0.19185435133204154,29.855229276284856
30,NGC5236,2MASS,67,1350.8088177533532,1177.5752510925129,0.17181085500395335,4.852387814157852
30,NGC5236,2MASS,68,1820.526742985137,1735.0171098023766,0.16573933200308902,7.594721901521651
30,NGC5236,2MASS,69,1305.3412304907138,1653.3058873793939,0.16238979627800346,39.34673950798706
30,NGC5236,2MASS,70,1597.102587226435,1687.6877505622851,0.16220762525705956,54.29456527930061
30,NGC5236,2MASS,71,1362.6257976996787,1576.1570105858334,0.1620288332727331,56.432039814238486
30,NGC5236,2MASS,72,1269.1354819588535,1547.79855494136,0.15802945775450628,33.64675536736023
30,NGC5236,2MASS,73,1451.655247220699,1303.9084332962498,0.1568406941677321,14.89403607165534
30,NGC5236,2MASS,74,1387.5510912771445,1353.0814590712455,0.15264294395888492,27.17281649064149
30,NGC5236,2MASS,75,1601.922060497284,1358.898890135232,0.13271839336887564,17.04655460957818
30,NGC5236,2MASS,76,1186.556565698013,1701.8856437427653,0.12200284801100275,13.368971447540059
30,NGC5236,2MASS,77,1723.3408231312012,1488.8723089672717,0.12021215305101066,3.6276441483348525
30,NGC5236,2MASS,78,1783.0593190190614,1795.3152531498965,0.09574421881919908,2.8900942150286513
30,NGC5236,2MASS,79,1398.4230737709,1893.5329123822712,0.08635089679768557,4.141838466410294
30,NGC5236,2MASS,80,1784.2942439570584,1522.696391789783,0.08141973106150323,6.601020097747095
30,NGC5236,2MASS,81,1478.304314472557,1274.4069621948568,0.03919910944364928,2.795309378750526
30,NGC5236,2MASS,82,1251.904466293038,1290.3508107137645,0.03205114984372111,3.3140803797701603
30,NGC5236,weak_Gaia,1,1102.8257625169829,1715.123900287465,0.3442292356240916,43.199269490581294
30,NGC5236,weak_Gaia,2,1083.6818721476423,1728.8800899731514,0.30938321224938403,43.80310762544368
30,NGC5236,weak_Gaia,3,1078.7158013984417,1709.1739773674326,0.2986271368127737,43.923429362896854
30,NGC5236,weak_Gaia,4,1600.2128994512836,1758.050110181455,0.2939830508701857,53.21446963691313
30,NGC5236,weak_Gaia,5,1100.1031990555857,1665.842822613055,0.27735707969735474,351.9844383987227
30,NGC5236,weak_Gaia,6,1231.9730207516957,1837.4877951919125,0.2723960227237548,42.79827766411781
30,NGC5236,weak_Gaia,7,1071.8147621362812,1619.0731434195145,0.2703714068126891,25.719885250837894
30,NGC5236,weak_Gaia,8,1189.3054085019676,1614.5276839020694,0.2646150913578671,4708.344081300318
30,NGC5236,weak_Gaia,9,1019.1861731326776,1655.9482903778828,0.2604696108215162,19.304199850479073
30,NGC5236,weak_Gaia,10,1145.5413350399772,1635.253930614453,0.2542928635114421,926.3972628832247
30,NGC5236,weak_Gaia,11,1188.9198197000526,1385.2409673774123,0.24825721219956684,267.7127061718195
30,NGC5236,weak_Gaia,12,1096.8240927113382,1482.5014356336656,0.24089918998612667,29.869200700228962
30,NGC5236,weak_Gaia,13,1462.2291197868979,1386.7965546762841,0.23788754681750265,596.5419247208105
30,NGC5236,weak_Gaia,14,1202.073179985975,1682.5940574639724,0.23156337863131154,254.52632443325223
30,NGC5236,weak_Gaia,15,1641.4635745721102,1726.9639408443995,0.22353517527268893,20.129748611227722
30,NGC5236,weak_Gaia,16,1266.7688773981379,1624.8409687476376,0.22054014179261552,329.6427594838251
30,NGC5236,weak_Gaia,17,1359.5041448890158,1710.2906353489711,0.20657823130460523,164.56211491766052
30,NGC5236,weak_Gaia,18,1210.7275826623334,1670.253372906961,0.20523809137597704,117.1796199672119
30,NGC5236,weak_Gaia,19,1445.152805882348,1427.3423235618027,0.20038079017999827,123.55034478892736
30,NGC5236,weak_Gaia,20,1511.654874073135,1780.1470661507808,0.19933717038575557,30.745224366262956
30,NGC5236,weak_Gaia,21,1281.481185878767,1394.0476577264853,0.19908744998804853,28.05689047192954
30,NGC5236,weak_Gaia,22,1293.549529849082,1416.5513342060044,0.19572587528152077,63.620486957753
30,NGC5236,weak_Gaia,23,1205.708599344332,1323.5201802523093,0.19425507477102444,42.979948119921644
30,NGC5236,weak_Gaia,24,1524.7927567391994,1403.61548976452,0.1938332586207281,105.68830872880537
30,NGC5236,weak_Gaia,25,1266.6097232042823,1764.8190326410638,0.18696601707194987,92.71707746775456
30,NGC5236,weak_Gaia,26,1373.747471556008,1751.9508392472728,0.18389168196884215,73.42213442522943
30,NGC5236,weak_Gaia,27,1269.8100591211992,1267.9693725762745,0.18168472803741598,34.093722630356666
30,NGC5236,weak_Gaia,28,1649.2594697946488,1727.7222124721561,0.17972360656670874,8.537788320623154
30,NGC5236,weak_Gaia,29,1498.574001512338,1422.1324447044635,0.17715567780813357,75.46396970653193
30,NGC5236,weak_Gaia,30,1270.2903850955936,1454.67727447891,0.1745357799125803,31.17816359710916
30,NGC5236,weak_Gaia,31,1153.6942544600577,1472.7121513703783,0.1725460869284031,18.498249908495406
30,NGC5236,weak_Gaia,32,1261.278935362603,1424.4671968522448,0.1701599182139405,18.509000166424638
30,NGC5236,weak_Gaia,33,1297.9925765233859,1522.8002551180982,0.16925437382139977,125.5161737873146
30,NGC5236,weak_Gaia,34,1537.2217285865315,1499.2210838170206,0.16918119215091557,109.42510846664845
30,NGC5236,weak_Gaia,35,1312.3729805695484,1761.3326492431427,0.16886859000852614,60.26508391774164
30,NGC5236,weak_Gaia,36,1676.1080289644112,1556.837874548562,0.1687849942418654,26.65522588695107
30,NGC5236,weak_Gaia,37,1176.7599539131313,1488.442466820394,0.16705011378357867,20.035297340262563
30,NGC5236,weak_Gaia,38,1368.235263895182,1791.184959362955,0.16340614183731791,33.78010237268488
30,NGC5236,weak_Gaia,39,1089.2740716623603,1525.8886500754454,0.16118476990648384,10.132233269765473
30,NGC5236,weak_Gaia,40,1656.998416690728,1385.2278637071363,0.1605553022780732,112.5281232005202
30,NGC5236,weak_Gaia,41,1470.725788808635,1309.331262773087,0.15976841805778422,27.794625593676844
30,NGC5236,weak_Gaia,42,1543.7483303090173,1658.388747145103,0.15947197233578098,64.74349681855364
30,NGC5236,weak_Gaia,43,1416.8805988849374,1849.0463285059238,0.15803627899936123,178.34218462193854
30,NGC5236,weak_Gaia,44,1302.3475550393455,1661.3966335091088,0.15682449189797673,45.156124244896766
30,NGC5236,weak_Gaia,45,1546.101877124474,1486.4618904606425,0.1566680807128448,77.8748268482844
30,NGC5236,weak_Gaia,46,1283.7421971919277,1324.0675311198127,0.1565862459956562,14.939230857646027
30,NGC5236,weak_Gaia,47,1611.5842084680826,1775.1976893338394,0.15618776557565262,6.507028255521896
30,NGC5236,weak_Gaia,48,1454.4606200481956,1886.5556760937075,0.15517101665783375,11.35489992946827
30,NGC5236,weak_Gaia,49,1389.1624710921606,1296.174827272809,0.1549814937788943,16.595859143570944
30,NGC5236,weak_Gaia,50,1543.8024713638054,1441.6385354012998,0.15438468166060626,83.29355059200043
30,NGC5236,weak_Gaia,51,1475.2459913431821,1822.060429837828,0.15178598606353996,74.69564895392715
30,NGC5236,weak_Gaia,52,1108.0097246794146,1820.3842941393168,0.15109164890501273,69.10239169411842
30,NGC5236,weak_Gaia,53,1552.6519089532353,1776.457932956609,0.1470835853590241,20.784266757221435
30,NGC5236,weak_Gaia,54,1185.6763354020782,1702.7281676507394,0.14680431868421828,13.368971447540059
30,NGC5236,weak_Gaia,55,1296.6252535388185,1647.00791661536,0.1456319541582754,32.78032304149226
30,NGC5236,weak_Gaia,56,1363.1466178231951,1744.7111537788073,0.1445631247280179,52.37644965808113
30,NGC5236,weak_Gaia,57,1295.194377376344,1500.359335828181,0.1441157160439906,49.47144595366933
30,NGC5236,weak_Gaia,58,1362.366254796812,1575.737812695844,0.14351344887880443,56.432039814238486
30,NGC5236,weak_Gaia,59,1308.3393119145128,1655.1490800340955,0.14278591167215596,33.684477802130814
30,NGC5236,weak_Gaia,60,1203.4390943712826,1818.6464597076779,0.14089733190116735,7.376427225197706
30,NGC5236,weak_Gaia,61,1602.0021722222896,1358.5809686158912,0.13994903665040442,17.04655460957818
30,NGC5236,weak_Gaia,62,1670.9840393429845,1607.5478300393104,0.13596417965265692,10.361220508485582
30,NGC5236,weak_Gaia,63,1493.1025755729277,1544.4940449192636,0.13471699572072962,44.955622826626445
30,NGC5236,weak_Gaia,64,1348.4127909455879,1896.85534890326,0.13468817458223237,7.969611054481233
30,NGC5236,weak_Gaia,65,1459.9506521735955,1629.3371342414418,0.13331974391927534,26.661882364809617
30,NGC5236,weak_Gaia,66,1451.4691639140203,1303.7955759312197,0.1320956555907583,14.89403607165534
30,NGC5236,weak_Gaia,67,1367.4119706583117,1780.148144532772,0.1315953389413243,16.38574533094442
30,NGC5236,weak_Gaia,68,1137.8087328249178,1658.574994614761,0.12864064793855706,20.810038836929795
30,NGC5236,weak_Gaia,69,1393.8154826553143,1262.8517104917591,0.12724302078343747,12.633805541580397
30,NGC5236,weak_Gaia,70,1283.7267775768173,1512.1238296328702,0.12534252463112336,47.271942395344006
30,NGC5236,weak_Gaia,71,1542.7163142667077,1657.7803705405584,0.12383088544225554,67.12327801358025
30,NGC5236,weak_Gaia,72,1723.5300646064568,1488.8481691599545,0.12378679168448756,20.723432530278885
30,NGC5236,weak_Gaia,73,1583.0921196273218,1672.678288869506,0.1209656472477226,17.149822508269274
30,NGC5236,weak_Gaia,74,1366.714305870763,1280.041218114499,0.1208879499618384,15.883901757792232
30,NGC5236,weak_Gaia,75,1553.2726650096788,1458.9835102531913,0.11931023514839423,32.64070379968409
30,NGC5236,weak_Gaia,76,1363.5807663641556,1739.3268945322095,0.11737826430010029,96.64068160084796
30,NGC5236,weak_Gaia,77,1660.45400957423,1585.6386052573039,0.11643810712132112,15.840381169721706
30,NGC5236,weak_Gaia,78,1314.5094419767313,1340.1204392332797,0.11633529862911594,61.148254919262676
30,NGC5236,weak_Gaia,79,1521.424365316039,1711.7406429889606,0.11565771837669693,115.9374677275021
30,NGC5236,weak_Gaia,80,1294.2270848601745,1496.3466707258278,0.11510009311799328,32.18440431098984
30,NGC5236,weak_Gaia,81,1212.5435619741975,1696.8441871902353,0.11288176776263369,20.12647319403654
30,NGC5236,weak_Gaia,82,1348.886695195369,1851.5330648275988,0.11121169637752404,13.865959654115073
30,NGC5236,weak_Gaia,83,1324.3340636762748,1503.4483932550604,0.1099268792379563,16.24573142458021
30,NGC5236,weak_Gaia,84,1469.9928227094013,1423.4870576066787,0.10959845987092963,14.306802996360867
30,NGC5236,weak_Gaia,85,1388.4465935006187,1261.4644307885267,0.10945377188735253,9.582936143467222
30,NGC5236,weak_Gaia,86,1368.3543253524344,1662.3841180523718,0.1082831969714633,16.523143791101162
30,NGC5236,weak_Gaia,87,1538.0317251763936,1445.290553142201,0.10673685113800166,69.67325190419614
30,NGC5236,weak_Gaia,88,1525.1076687542654,1307.9506080280867,0.10601630099323771,10.683749269232873
30,NGC5236,weak_Gaia,89,1312.6576046745013,1471.939289979785,0.10506688869041611,28.476410292334656
30,NGC5236,weak_Gaia,90,1647.533168814334,1699.5969761167826,0.103911820080493,4.843123201680379
30,NGC5236,weak_Gaia,91,1692.7788677466945,1510.2538584580495,0.10350331102937514,9.6137379781493
30,NGC5236,weak_Gaia,92,1584.3791186362967,1461.4936790271415,0.10224191476401237,32.521924465775896
30,NGC5236,weak_Gaia,93,1299.6484152328153,1756.3703407132894,0.10145739236152987,21.956044269708837
30,NGC5236,weak_Gaia,94,1467.572239971842,1691.458977430112,0.09966393163449314,12.262646284552835
30,NGC5236,weak_Gaia,95,1394.6300178802437,1721.4362590505448,0.09941425837968534,43.232389879124106
30,NGC5236,weak_Gaia,96,1165.2611717655288,1407.5026831406508,0.09687256233544544,25.295387160329522
30,NGC5236,weak_Gaia,97,1513.9374153663152,1650.6389124410325,0.09666373060015228,29.657440238318767
30,NGC5236,weak_Gaia,98,1099.003641411333,1760.1155681069997,0.09661382662051221,6.353907759831461
30,NGC5236,weak_Gaia,99,1586.8886120105908,1516.4749832353157,0.09621017256243404,14.582088761791544
30,NGC5236,weak_Gaia,100,1350.7188884582986,1177.1180476642392,0.09316669869623395,4.852387814157852
30,NGC5236,weak_Gaia,101,1496.0319926260274,1384.9850658863697,0.09010179965189574,17.561528143586028
30,NGC5236,weak_Gaia,102,1556.0978384058785,1484.4740657866275,0.09008680290052916,13.693677731814198
30,NGC5236,weak_Gaia,103,1177.6976282025778,1588.8902568926576,0.08986489954771316,11.420880637535326
30,NGC5236,weak_Gaia,104,1318.9502985680008,1343.4413002398612,0.08954053421836224,41.08922363794934
30,NGC5236,weak_Gaia,105,1237.442559981818,1613.5964330124298,0.08827212352009084,27.872005594785964
30,NGC5236,weak_Gaia,106,1572.2936807803624,1430.6282180618286,0.08649229909250557,33.467619699641155
30,NGC5236,weak_Gaia,107,1546.4963209583548,1613.1499849680133,0.08577068625535204,68.13061820338012
30,NGC5236,weak_Gaia,108,1561.028262392294,1579.6232141033393,0.08520644240460867,71.28592409957231
30,NGC5236,weak_Gaia,109,1417.98023953188,1700.7843320640438,0.08442068757810231,15.745942658026587
30,NGC5236,weak_Gaia,110,1574.9641963681063,1477.1112320254192,0.08393684771397722,15.113751368102381
30,NGC5236,weak_Gaia,111,1582.373097209619,1764.5530312777717,0.08330699588754041,14.573390652292517
30,NGC5236,weak_Gaia,112,1458.5203044671848,1722.068040460684,0.08309270965593125,21.446506555372906
30,NGC5236,weak_Gaia,113,1255.5695415515343,1766.2029193826775,0.08115809634705343,15.98547486927263
30,NGC5236,weak_Gaia,114,1398.4263910815398,1893.6377105364684,0.07965527536273412,4.141838466410294
30,NGC5236,weak_Gaia,115,1166.3478994113502,1625.622464987531,0.0793182294622877,15.45064008180703
30,NGC5236,weak_Gaia,116,1690.8740209186517,1550.1522070706076,0.0785558135971096,5.501829997916627
30,NGC5236,weak_Gaia,117,1254.6702106254515,1620.2775485948482,0.07850643004652717,10.9884718593503
30,NGC5236,weak_Gaia,118,1245.4595614220389,1234.3542211738445,0.07729654253499545,9.398769403589595
30,NGC5236,weak_Gaia,119,1592.190478977365,1652.4777413612812,0.07508839824283188,25.072460986495354
30,NGC5236,weak_Gaia,120,1627.6569604008744,1494.992811486808,0.07301057684055638,10.873901118768583
30,NGC5236,weak_Gaia,121,1445.4797640458548,1454.5223415225582,0.07200869411082324,10.28563785813367
30,NGC5236,weak_Gaia,122,1373.8423210703227,1385.3812918326103,0.06992783000763868,47.74939686179149
30,NGC5236,weak_Gaia,123,1584.3902509812756,1587.3393925336406,0.06936984722073673,23.87960989298664
30,NGC5236,weak_Gaia,124,1552.2696876495584,1574.9891825637358,0.06723621356173082,12.157182770857053
30,NGC5236,weak_Gaia,125,1076.7087198829076,1579.2494075079037,0.062143667432166705,6.655003947566985
30,NGC5236,weak_Gaia,126,1582.3675960941216,1419.8939344712373,0.06208180574647229,6.15341389494423
30,NGC5236,weak_Gaia,127,1556.490083386701,1440.9554573965036,0.06206478027324035,93.8943000837401
30,NGC5236,weak_Gaia,128,1692.6998976445477,1812.649051051297,0.061984337247605395,4.124129664560272
30,NGC5236,weak_Gaia,129,1393.4271048339644,1634.7779213185763,0.06167558671940351,55.65862423378421
30,NGC5236,weak_Gaia,130,1316.3847797956032,1612.0439569824712,0.06141013889999365,91.38047698911461
30,NGC5236,weak_Gaia,131,1286.9062346330575,1299.002387451165,0.06086540995458489,27.213613749307676
30,NGC5236,weak_Gaia,132,1146.9560330676657,1761.0049313009824,0.06055187178762561,19.34230123458263
30,NGC5236,weak_Gaia,133,1374.8923670347604,1518.7284148078743,0.05984479359524028,12.529257523240535
30,NGC5236,weak_Gaia,134,1344.3386814508592,1545.3892404421847,0.0598267910927005,22.84204501970978
30,NGC5236,weak_Gaia,135,1302.7747665878235,1540.9788877997214,0.05940392164130559,16.36037079960941
30,NGC5236,weak_Gaia,136,1670.15430820976,1342.3859791254679,0.058329988628349254,3.899942267485399
30,NGC5236,weak_Gaia,137,1607.7168529071337,1565.5058271190271,0.05788914615161948,57.271389484847
30,NGC5236,weak_Gaia,138,1358.3418882549731,1829.1883548511894,0.05718388813832258,15.718437105908889
30,NGC5236,weak_Gaia,139,1445.8066431551422,1804.040927187741,0.05497951230907898,47.78127160440306
30,NGC5236,weak_Gaia,140,1389.6414448433607,1626.9165689776157,0.054270961832475685,23.746512221367073
30,NGC5236,weak_Gaia,141,1577.2100855804351,1549.9061458794538,0.05294041191687617,29.26234601989061
30,NGC5236,weak_Gaia,142,1571.8228809733919,1469.5981485462896,0.05274344592869951,56.475358343867605
30,NGC5236,weak_Gaia,143,1579.5634956988995,1482.399644027459,0.051482192744152014,46.01604936916245
30,NGC5236,weak_Gaia,144,1466.1308438153821,1610.4275456901996,0.05000286915353705,10.208119721097217
30,NGC5236,weak_Gaia,145,1281.0870860846649,1504.9420077833856,0.049175909166769886,41.422486098972676
30,NGC5236,weak_Gaia,146,1426.7055158134938,1483.216100779141,0.04846706011387045,14.549951949107022
30,NGC5236,weak_Gaia,147,1316.1508952831139,1462.683363779404,0.048222321954672125,17.2289561594598
30,NGC5236,weak_Gaia,148,1315.9235539103295,1338.7933097528517,0.04752949587899242,61.148254919262676
30,NGC5236,weak_Gaia,149,1330.0225061788997,1481.722962616847,0.046941345548013914,8.766144858454558
30,NGC5236,weak_Gaia,150,1591.7814503078225,1364.7448012192094,0.04646808643474956,22.34939419277387
30,NGC5236,weak_Gaia,151,1264.9588259566647,1571.034190207758,0.04632079873114431,7.668869425463309
30,NGC5236,weak_Gaia,152,1272.1375497498695,1574.7971912674093,0.045826259046618516,8.007144744672287
30,NGC5236,weak_Gaia,153,1386.5911626263216,1613.609951232949,0.04272809011722392,76.6330687906042
30,NGC5236,weak_Gaia,154,1623.958177452214,1593.8542247418245,0.0418136656342057,16.818583511443915
30,NGC5236,weak_Gaia,155,1675.8346358423448,1398.5308504589964,0.04166206202311046,6.540709352650265
30,NGC5236,weak_Gaia,156,1436.6592997753617,1355.901899803563,0.04149406708057958,231.42105148184922
30,NGC5236,weak_Gaia,157,1254.996898761656,1595.1663006558483,0.04022944442038403,19.60868237799593
30,NGC5236,weak_Gaia,158,1446.387741050589,1818.0827991353078,0.04010168927731055,6.974165728937926
30,NGC5236,weak_Gaia,159,1680.6788655841176,1490.3769011302882,0.03949037702528539,12.452576080447347
30,NGC5236,weak_Gaia,160,1276.720984847284,1763.7618186158304,0.03903072600760444,9.754598933689591
30,NGC5236,weak_Gaia,161,1449.9002220494033,1400.7218490199132,0.038915244676729084,5.959026528540429
30,NGC5236,weak_Gaia,162,1343.2962831679342,1789.4534563091215,0.03868678290492929,5.831594808240291
30,NGC5236,weak_Gaia,163,1563.0070505598067,1589.6471584440312,0.03808771423410432,17.099644365207016
30,NGC5236,weak_Gaia,164,1218.056462812344,1568.5170834122782,0.03762321521393632,28.55855858234716
30,NGC5236,weak_Gaia,165,1412.9650742987183,1466.6532146958887,0.03756761664168732,13.883466350396288
30,NGC5236,weak_Gaia,166,1370.8570976526903,1253.1873351029562,0.03705011773215253,7.310215671179561
30,NGC5236,weak_Gaia,167,1465.6442105926112,1677.8780859902536,0.0365985414619374,8.842119192650886
30,NGC5236,weak_Gaia,168,1302.9324214240685,1611.8466057494456,0.03656143438171781,24.19669921717296
30,NGC5236,weak_Gaia,169,1320.0657259547952,1627.2322121413447,0.03589157284106295,28.426348299569387
30,NGC5236,weak_Gaia,170,1254.0130469790736,1577.7000239512934,0.0358031777724527,10.812845021974299
30,NGC5236,weak_Gaia,171,1335.9772793030627,1738.2452181612753,0.035655426598508885,6.062728670302852
30,NGC5236,weak_Gaia,172,1358.0055928629574,1765.8373498456394,0.03459094717594523,8.834563142629673
30,NGC5236,weak_Gaia,173,1359.0566522383708,1507.9994167486889,0.03450410314185208,6.878949640888562
30,NGC5236,weak_Gaia,174,1736.9013920529044,1511.317057867686,0.033835495356156486,20.16708902602214
30,NGC5236,weak_Gaia,175,1290.0460816971563,1503.0638899605865,0.033485693930701534,22.59585647201787
30,NGC5236,weak_Gaia,176,1480.9202637957903,1465.8828130577751,0.033300788274456795,15.656997365060707
30,NGC5236,weak_Gaia,177,1514.9702483362164,1695.5594202184213,0.03311220576279874,29.53773259807447
30,NGC5236,weak_Gaia,178,1432.0574565586328,1420.7639355732417,0.032913292286430154,10.17782487756698
30,NGC5236,weak_Gaia,179,1506.9315115610484,1474.9780333927204,0.03260230665109124,15.871406058039408
30,NGC5236,weak_Gaia,180,1372.6455595729515,1362.4153761033845,0.03260175468792229,11.042593713314883
30,NGC5236,weak_Gaia,181,1305.8351766153,1337.38507286655,0.032250760415928975,7.9133935339688835
30,NGC5236,weak_Gaia,182,1218.616358561797,1188.6602632705974,0.03215901007459828,27.66799839526377
30,NGC5236,weak_Gaia,183,1523.623091984677,1360.399009898575,0.031325600172728514,18.132677525006038
30,NGC5236,weak_Gaia,184,1607.1386603081796,1506.1135421912484,0.03017624377091593,23.800667381665836
30,NGC5236,weak_Gaia,185,1698.4627997017005,1485.239900519241,0.02851246293923541,8.893908555240177
30,NGC5236,weak_Gaia,186,1315.4516784946013,1622.736402311842,0.027515300394380094,17.2850083682718
30,NGC5236,weak_Gaia,187,1360.1607923994093,1862.049029530435,0.026514296548483165,23.120464207692766
30,NGC5236,weak_Gaia,188,1461.2467522491497,1456.6184391253091,0.026443829576839065,19.547968658145603
30,NGC5236,weak_Gaia,189,1368.1880219481927,1736.5926429208118,0.026076825887304703,42.09372779620823
30,NGC5236,weak_Gaia,190,1289.0828026338504,1615.0017538599,0.02556899098279641,14.907060919565966
30,NGC5236,weak_Gaia,191,1375.6998158834913,1346.6660154841538,0.02542897630074083,6.692750624357417
30,NGC5236,weak_Gaia,192,1455.2704809343943,1608.09958317826,0.025077204970752172,4.23445095478653
30,NGC5236,weak_Gaia,193,991.2668688780659,1498.773030190011,0.024752247578347774,3.261430804181368
30,NGC5236,weak_Gaia,194,1565.2512582061672,1574.2252060035164,0.02474459517359074,303.7901759000718
30,NGC5236,weak_Gaia,195,1539.6948068807385,1444.0434273458038,0.02450856923941312,83.29355059200043
30,NGC5236,weak_Gaia,196,1401.9913895834559,1449.9550509322505,0.024193976044522208,30.941921805374882
30,NGC5236,weak_Gaia,197,1557.6724520771031,1448.448008208866,0.02411607826083729,36.851988396926124
30,NGC5236,weak_Gaia,198,1317.3398355383522,1773.0927255233519,0.02408775608911477,17.69740649556503
30,NGC5236,weak_Gaia,199,1246.800182942077,1301.7269637767529,0.023831566501423714,3.9305913774874695
30,NGC5236,weak_Gaia,200,1110.7926658215974,1688.6502427340704,0.023707457407094932,12.124465996404382
30,NGC5236,weak_Gaia,201,1556.852519224921,1600.828085079746,0.023504373739642374,30.484741314536777
30,NGC5236,weak_Gaia,202,1434.7458987535767,1417.411012005081,0.02333790627821624,36.32628278608427
30,NGC5236,weak_Gaia,203,1575.367043583252,1498.7677463206678,0.023231073231090235,11.888885766822812
30,NGC5236,weak_Gaia,204,1425.3895410372672,1604.6721122701142,0.02301183355137707,12.588788030152555
30,NGC5236,weak_Gaia,205,1495.284153832362,1309.8643733901376,0.02242243205215055,29.544968027224098
30,NGC5236,weak_Gaia,206,1650.166227197332,1550.9791136486645,0.021669152631535734,4.658451765116717
30,NGC5236,weak_Gaia,207,1382.327947964643,1352.6859941827474,0.02137279637184458,5.072856827302791
30,NGC5236,weak_Gaia,208,1533.1602800372646,1517.4558498673205,0.021371043572160353,28.498635076635935
30,NGC5236,weak_Gaia,209,1578.2577924338336,1492.66461767501,0.021058943160900453,20.515176339527578
30,NGC5236,weak_Gaia,210,1283.88090294874,1846.027606212766,0.021030067562830955,14.955629246907067
30,NGC5236,weak_Gaia,211,1652.7744559148857,1517.7536331621618,0.02048989702317649,4.782878390729056
30,NGC5236,weak_Gaia,212,1317.947614547898,1642.5752888358843,0.0204361139568595,13.692046764459192
30,NGC5236,weak_Gaia,213,1330.6722945287704,1613.0220176163957,0.020345824065500947,5.776385301740804
30,NGC5236,weak_Gaia,214,1365.8858842234558,1371.0653802217757,0.020083769449577838,9.595692015827364
30,NGC5236,weak_Gaia,215,1393.3137683066225,1298.0015205045718,0.020043156963777564,48.565303771800714
30,NGC5236,weak_Gaia,216,1115.1457817023597,1453.9669917227263,0.019512403541817925,4.67940048344998
30,NGC5236,weak_Gaia,217,1560.4194703995638,1590.964853090901,0.01938265535148269,10.622507346036139
30,NGC5236,weak_Gaia,218,1269.4844697297938,1770.2625181024289,0.019348739372821926,24.1073837314324
30,NGC5236,weak_Gaia,219,1580.571334376173,1429.1966790187778,0.019303159615551565,5.055720496661116
30,NGC5236,weak_Gaia,220,1572.6872902025448,1455.8619076888685,0.018852960847949022,73.4207052881991
30,NGC5236,weak_Gaia,221,1757.562953310823,1616.0350221132135,0.018692403363906245,4.059427078681898
30,NGC5236,weak_Gaia,222,1364.6733254801898,1789.2800326136562,0.018674279528749373,10.994760371044533
30,NGC5236,weak_Gaia,223,1622.4927783639396,1306.107963653743,0.018540843820865904,3.1147441025260885
30,NGC5236,weak_Gaia,224,1634.365827213505,1625.0252950291494,0.018401030450155703,3.5151939259509852
30,NGC5236,weak_Gaia,225,1349.758245575535,1797.7370372062594,0.018364117867700862,3.4667613330904867
30,NGC5236,weak_Gaia,226,1561.9808778542238,1588.5387164013782,0.01835949324031303,13.485452401977222
30,NGC5236,weak_Gaia,227,1545.8579106314353,1447.6872173876554,0.01806906759048528,14.7492206981836
30,NGC5236,weak_Gaia,228,1701.4120447769394,1484.7130865197323,0.017984599300185294,6.550955092322261
30,NGC5236,weak_Gaia,229,1607.4783865263523,1540.9505617631812,0.01773689766114397,56.832505567093655
30,NGC5236,weak_Gaia,230,1279.8720320652853,1767.136801943531,0.017489541139993636,14.201807536052705
30,NGC5236,weak_Gaia,231,1364.86689406908,1751.823947637557,0.017057584482887186,17.266956215744003
30,NGC5236,weak_Gaia,232,1376.603659190655,1319.4711776675922,0.016267732990171563,5.178845558236277
30,NGC5236,weak_Gaia,233,1537.647498358992,1814.7281792630004,0.016044922433502973,4.3397926255262504
30,NGC5236,weak_Gaia,234,1568.2505936801906,1591.1576354714505,0.015906627180410856,17.56778662654357
30,NGC5236,weak_Gaia,235,1166.2445005148106,1375.873309331075,0.01580938670585825,5.8958394322849585
30,NGC5236,weak_Gaia,236,1706.5410415108563,1281.154771629465,0.015282781083443499,2.7201681704420593
30,NGC5236,weak_Gaia,237,1341.5800453212948,1377.0313092113297,0.015160759623973839,5.052117533258612
30,NGC5236,weak_Gaia,238,1306.2711753522399,1340.9086324132768,0.014983118429077987,7.9133935339688835
30,NGC5236,weak_Gaia,239,1380.3822931802163,1810.8190023686911,0.014391438431686002,22.500176676577322
30,NGC5236,weak_Gaia,240,1424.2683470226668,1469.571845459287,0.014379275067103526,14.808916943396822
30,NGC5236,weak_Gaia,241,1393.6276297065065,1351.486599378874,0.01421921941012413,12.268019603345163
30,NGC5236,weak_Gaia,242,1563.3064708643712,1801.3916305887276,0.013945948239945986,7.729290891906646
30,NGC5236,weak_Gaia,243,1488.5050642591584,1665.0032921783416,0.013227873031949404,6.055426175217531
30,NGC5236,weak_Gaia,244,1581.7948282981286,1332.312610140628,0.01313110981608337,3.0377193519629744
30,NGC5236,weak_Gaia,245,1423.5056263816557,1370.1756343203938,0.012893164947108455,7.442344594073957
30,NGC5236,weak_Gaia,246,1196.6612560269225,1524.400332594848,0.012598361554316073,4.393086898534847
30,NGC5236,weak_Gaia,247,1478.2406354353536,1274.4330519160144,0.012510353316219813,2.795309378750526
30,NGC5236,weak_Gaia,248,1574.893579089459,1302.7052100208623,0.012402451306137605,2.7275903383259035
30,NGC5236,weak_Gaia,249,1567.6093674101817,1442.653636239205,0.012019503807263358,42.258461946242285
30,NGC5236,weak_Gaia,250,1269.7794079663079,1321.9624574468648,0.011817919328030863,18.241858086938148
30,NGC5236,weak_Gaia,251,1292.518443779326,1491.7521236877362,0.011605620614476881,2.8710737353437916
30,NGC5236,weak_Gaia,252,1274.0605704806053,1603.5531351207296,0.0106912221175802,8.476763729248827
30,NGC5236,weak_Gaia,253,1459.1464690186333,1256.0103256369898,0.010543282616277733,2.9468499618547215
30,NGC5236,weak_Gaia,254,1508.4194684827492,1521.660608223485,0.01010587069568492,5.533395391434774
30,NGC5236,weak_Gaia,255,1229.592124592281,1527.1604180850497,0.009944339659200151,10.36129955611771
30,NGC5236,weak_Gaia,256,1251.0486942939608,1372.2118151215498,0.00993026982652828,14.198119198901603
30,NGC5236,weak_Gaia,257,1481.2486954603507,1828.2056291805927,0.009828280522743944,51.62034652409911
30,NGC5236,weak_Gaia,258,1625.5774106229737,1561.9283112131568,0.009596519630399388,4.041197968157829
30,NGC5236,weak_Gaia,259,1566.8958779674917,1501.09427173652,0.00957105134878154,19.726668676368217
30,NGC5236,weak_Gaia,260,1347.2289380397265,1291.9656619586847,0.009426973961273745,4.281529012705064
30,NGC5236,weak_Gaia,261,1119.7032681960945,1428.12693250568,0.009337457360711949,6.962442538865823
30,NGC5236,weak_Gaia,262,1317.1031080798941,1321.822395018203,0.009264969926097133,9.94253045065217
30,NGC5236,weak_Gaia,263,1371.0113028460535,1792.8288404501945,0.009102210305553245,32.317633122935774
30,NGC5236,weak_Gaia,264,1592.2544626414888,1809.7190808190655,0.009018735442667458,2.8782259030090085
30,NGC5236,weak_Gaia,265,1412.2441971658145,1469.1548164673657,0.008601491033456754,13.883466350396288
30,NGC5236,weak_Gaia,266,1490.9735034499506,1472.4612448533003,0.008437690251424455,9.314224717738602
30,NGC5236,weak_Gaia,267,1145.9341303158349,1560.0804590758314,0.008429229184970589,3.7990136534057126
30,NGC5236,weak_Gaia,268,1219.619049476783,1837.175840518182,0.007501034283493331,2.9355080589679483
30,NGC5236,weak_Gaia,269,1278.3198821915023,1828.883809639764,0.007369757417241051,7.209245624741152
30,NGC5236,weak_Gaia,270,1387.5238065738324,1598.327034700721,0.007256014978683014,9.18587717800807
30,NGC5236,weak_Gaia,271,1513.578455190279,1469.0250014632904,0.007145357833650015,41.68971179056906
30,NGC5236,weak_Gaia,272,1270.061139386655,1715.3174490155945,0.007055244745251939,19.85963308757871
30,NGC5236,weak_Gaia,273,1194.8016937683576,1799.097993406916,0.007040109424681386,4.290256469237185
30,NGC5236,weak_Gaia,274,1635.6307576163908,1251.702723614096,0.006988437347925518,3.4751568498408254
30,NGC5236,weak_Gaia,275,1365.8214934948132,1785.6177123189905,0.0064521654663714095,4.548092789544481
30,NGC5236,weak_Gaia,276,1248.5219794514617,1689.6377828492375,0.006232800803982001,7.185985789806306
30,NGC5236,weak_Gaia,277,1722.827793577982,1523.7547936365493,0.006119456796277382,6.043226696653829
30,NGC5236,weak_Gaia,278,1364.0590387806362,1542.3734251993362,0.005853476982180039,17.09341148422299
30,NGC5236,weak_Gaia,279,1251.4140791836023,1625.0375908394833,0.005590294495233149,17.36065570330764
30,NGC5236,weak_Gaia,280,1303.77495777569,1594.4857165262433,0.0052713048622288665,84.52917769552873
30,NGC5236,weak_Gaia,281,1301.2365871684226,1759.621575964731,0.004405808692239093,32.17284988102455
30,NGC5236,weak_Gaia,282,1663.3238082024498,1570.6419685672156,0.004390961345824057,4.956981945733102
30,NGC5236,weak_Gaia,283,1348.7366595129588,1410.8581266510457,0.004283709142691389,5.729739688271612
30,NGC5236,weak_Gaia,284,1376.7859159909165,1826.721755394736,0.004093661008822046,6.656600217661694
30,NGC5236,weak_Gaia,285,1455.327864171512,1446.589516541595,0.004075797876575632,12.394704975829574
30,NGC5236,weak_Gaia,286,1787.9131413545213,1812.142547224753,0.004058878820751151,2.5535496675199587
30,NGC5236,weak_Gaia,287,1320.06032738485,1772.9942320090645,0.003994509226794431,13.967179701124756
30,NGC5236,weak_Gaia,288,1465.9574804283634,1822.4334474502957,0.0039864871739082606,3.309060641452596
30,NGC5236,weak_Gaia,289,1581.214436228583,1588.4160217852768,0.003954742775542452,9.602188726762854
30,NGC5236,weak_Gaia,290,1522.2368608778856,1356.0739619688688,0.0034856418497586452,18.132677525006038
30,NGC5236,weak_Gaia,291,1319.7357407891398,1349.5542102569316,0.0033842590038813043,2.653469745933922
30,NGC5236,weak_Gaia,292,1110.9919271828483,1513.0100398917343,0.003128222430173079,9.617379238204453
30,NGC5236,weak_Gaia,293,1505.3246284908187,1853.1038212333597,0.002947572996226693,5.622078322264965
30,NGC5236,weak_Gaia,294,1169.5417266554095,1736.7703580705436,0.002869061583019445,5.176844116726544
30,NGC5236,weak_Gaia,295,1531.9668069605254,1421.8340436320823,0.0027433829065105168,2.7740328409496384
30,NGC5236,weak_Gaia,296,1524.9228400749776,1439.8308634974892,0.0024989538824559277,3.36498616053076
30,NGC5236,weak_Gaia,297,1542.7989070252493,1363.0970798729268,0.002368423790623164,3.8742511274611204
30,NGC5236,weak_Gaia,298,1569.0571536204238,1494.0344369670247,0.002221826945396099,14.800542259153257
30,NGC5236,weak_Gaia,299,1302.6610609486106,1475.5667232764029,0.002156143162138749,34.40602245275208
30,NGC5236,weak_Gaia,300,1401.099509262543,1695.3494868031719,0.0017203312587912075,9.432550325147272
30,NGC5236,weak_Gaia,301,1344.100095262312,1262.2436571551889,0.0016820122265476783,3.212740124442712
30,NGC5236,weak_Gaia,302,1426.4565965351064,1341.1862531995655,0.0016469247477115501,14.616095544972929
30,NGC5236,weak_Gaia,303,1368.7242940389765,1361.9392635870636,0.0016333210288474401,9.69055290150696
30,NGC5236,weak_Gaia,304,1229.5124267794333,1710.8939312024465,0.0014165099572783987,6.8288140316651775
30,NGC5236,weak_Gaia,305,1678.079404238802,1465.0372771825637,0.0013881179324974232,5.310632690495224
30,NGC5236,weak_Gaia,306,1216.1425184678053,1638.6810157364143,0.001358609965665851,11.217878899560455
30,NGC5236,weak_Gaia,307,1299.1942032519578,1617.5877114509744,0.0013324135537512054,15.056695873889607
30,NGC5236,weak_Gaia,308,1564.1619453702042,1767.89512009143,0.0012937764823965777,4.596803232404532
30,NGC5236,weak_Gaia,309,1465.9365067222536,1451.0430327263882,0.001286946855720949,2.6590193601951513
30,NGC5236,weak_Gaia,310,1303.4775383193805,1329.2965742806973,0.0008126185783167265,7.145841388094856
30,NGC5236,weak_Gaia,311,1592.0600965039978,1371.2316301069036,0.000751034404991417,16.06867708208823
30,NGC5236,weak_Gaia,312,1670.3919280588682,1471.6568764118529,0.0005961872887670532,5.188495697194354
30,NGC5236,weak_Gaia,313,1423.549697131664,1607.1159013174713,0.0005426323464579057,12.588788030152555
30,NGC5236,weak_Gaia,314,1605.822795443962,1518.2549284977663,0.0005038148998652859,3.851047619197373
30,NGC5236,weak_Gaia,315,1558.2269903323818,1443.7887058963788,0.0004080890352807243,92.32989039298253
30,NGC5236,weak_Gaia,316,1661.7128284339578,1738.1945121390788,0.00033637254871334043,2.6860781807533614
30,NGC5236,weak_Gaia,317,1536.045649902335,1811.356403096772,0.00011944999910524208,2.519365257917234
