label,area,elongation,x_centroid,y_centroid,peak_residual,distance_from_center,kept
1,46,1.1887173853319155,310.19565217391306,24.217391304347824,7.577524086579446,265.4774998564977,True
2,31,1.6142374848273393,365.4193548387097,28.06451612903226,0.3536374486290007,271.3403160563978,True
3,44,2.3665397713719307,188.3409090909091,29.545454545454547,0.2504998563374116,279.0260742355556,True
4,19,5.156833277446868,201.89473684210526,29.05263157894737,0.113222440849131,274.79516420684723,True
5,13,1.4065943602248547,197.30769230769232,33.07692307692308,0.16946012561496215,272.5341626704535,True
6,14,1.1205227007708747,339.64285714285717,37.214285714285715,0.21445606665374478,256.44136458338335,True
7,28,1.1523659989028567,349.42857142857144,44.964285714285715,0.4064837654085542,250.93291495163095,True
8,24,2.0459140460540697,380.9166666666667,47.541666666666664,0.182564400137983,257.6570078234931,True
9,9,1.0,342.0,47.0,0.18087740277965464,247.315587862957,True
10,12,1.2393278361485243,222.66666666666666,51.083333333333336,0.1839812490146549,247.53542114659513,True
11,16,1.0621700090875885,240.625,57.875,0.21230509674461495,236.55106478306118,True
12,23,1.020232029834124,255.08695652173913,61.391304347826086,0.30691952640097603,230.42453217562445,True
13,11,1.4168976552472359,293.3636363636364,61.90909090909091,0.26459686068719274,227.1032095074727,True
14,11,1.1085311909574123,384.45454545454544,65.0,0.21795924881794793,242.71331250286974,True
15,47,1.1916954233361616,315.9574468085106,68.53191489361703,3.93587075198223,221.87620580331492,True
16,10,1.166032464951566,212.3,68.0,0.1926609425987682,234.59473566131018,True
17,15,1.199915289122336,295.26666666666665,70.33333333333333,0.2543365279239175,218.70828872165674,True
18,12,1.8700634682628212,407.9166666666667,70.33333333333333,0.15256752494416836,247.96092042004435,True
19,14,1.4043776074209475,422.2857142857143,82.78571428571429,0.28844089049212623,244.4591385245462,True
20,18,1.8488391090021383,392.3888888888889,85.55555555555556,0.20265695015318447,227.3089280372245,True
21,15,1.2322515544433117,355.2,86.33333333333333,0.298002852062377,212.5921395013884,True
22,13,1.1991120975476843,163.92307692307693,87.3076923076923,0.10506072965992466,238.3869362212341,True
23,8,2.142032813207004,182.75,85.875,0.19586019383966505,230.16912939184525,True
24,11,1.2642383729006357,248.54545454545453,89.36363636363636,0.09358085350110984,204.10062742603824,True
25,10,1.3657170831798295,402.6,91.9,0.26732759910828513,226.50158939839693,True
26,19,1.154555774365382,411.63157894736844,93.84210526315789,0.2912645063687038,229.43099554648566,True
27,12,1.320037055879846,432.0,95.58333333333333,0.20580303757139676,239.3553988203409,True
28,9,1.627266760177443,317.3333333333333,97.0,0.12081562029354122,193.79743147019374,True
29,8,1.2649110640673515,291.875,98.125,0.15958932111241583,190.87700555593383,True
30,59,1.6975476243786114,366.6271186440678,101.55932203389831,2.172299388483625,202.1224105110459,True
31,37,1.0992462943293975,265.7567567567568,100.8108108108108,1.787352481336985,189.87467513368387,True
32,17,1.7182980191694694,332.05882352941177,101.0,0.18316100960590556,192.43135656545005,True
33,17,1.241857968422392,393.29411764705884,101.58823529411765,0.28538865310390604,213.51172346117983,True
34,20,2.3626040399528367,416.35,101.1,0.15337998729774993,225.87393054533763,True
35,16,1.441371313814677,145.1875,115.875,0.15508026637444217,226.34829529123917,True
36,14,1.4348337316859634,190.21428571428572,117.64285714285714,0.17761164047248362,198.79897035006218,True
37,9,1.0,421.0,120.0,0.14415076914091765,213.21585306913744,True
38,14,1.1768757581402922,444.57142857142856,123.21428571428571,0.24348287555440518,225.98470464766828,True
39,55,1.7693192199840317,298.6727272727273,131.21818181818182,0.8172028366050637,157.96826546038284,True
40,8,1.2649110640673515,337.875,128.875,0.12448723860051959,166.84508158768122,True
41,21,1.0,317.0,133.0,0.6000529034546174,158.15182578775372,True
42,16,2.1835982547095063,135.6875,135.25,0.42543509339806684,218.542982399916,True
43,8,1.2247448713915892,343.0,134.5,0.12536002739473132,163.01610349901017,True
44,15,1.3008349570557234,431.73333333333335,135.6,0.37220343789254773,208.17644225779034,True
45,11,1.0384755040678713,254.1818181818182,136.1818181818182,0.21042363304893513,157.1908877976442,True
46,10,1.2649110640673515,296.2,141.0,0.22198697789230182,148.09132317593762,True
47,46,1.0670949471569993,237.32608695652175,145.84782608695653,4.372774571300144,152.88372652911463,True
48,23,1.1560181513646615,477.4347826086956,149.82608695652175,0.410676397148623,232.65275893095537,True
49,16,1.4236522448567681,449.9375,155.3125,0.281097466959945,207.6860047343104,True
50,8,1.2649110640673515,505.125,154.875,0.13985579106086182,252.6638700922631,True
51,10,1.2649110640673515,268.2,156.0,0.19439497529088262,134.94013487469175,True
52,23,1.1560181513646615,442.82608695652175,160.56521739130434,0.4862667187354011,198.86340554328294,True
53,44,1.016123974493035,269.65909090909093,162.5681818181818,2.7039434813147767,128.2202755011343,True
54,18,1.260822712772687,287.44444444444446,164.5,0.26549231578467697,124.55076063721425,True
55,9,1.390031392875195,461.3333333333333,164.88888888888889,0.14520168854049575,210.7534397007057,True
56,19,1.316301234725878,497.05263157894734,165.94736842105263,0.44762399642920275,239.99924399696252,True
57,39,1.1351818431848568,532.025641025641,168.30769230769232,0.9185975166887275,269.55517573943155,True
58,15,1.6806204365803872,547.3333333333334,169.2,0.3620380622301256,282.9466694940547,True
59,12,1.706723725524702,132.0,170.83333333333334,0.259190899502921,198.1018957786904,True
60,11,1.0384755040678713,229.1818181818182,172.8181818181818,0.27889480051576415,131.60434065538584,True
61,46,1.0069624371994135,356.0652173913044,175.67391304347825,3.754533039952814,130.67625836032659,True
62,15,1.147078669352809,443.4,175.6,0.23280961981343395,189.96136449288838,True
63,15,1.1371470653683553,133.46666666666667,176.86666666666667,0.3567487238222886,193.36658334768072,True
64,12,1.0954451150103326,570.9166666666666,178.41666666666666,0.2288659664716406,300.9684599570009,True
65,9,1.1766968108291043,161.55555555555554,181.77777777777777,0.15350655048699213,168.0847082152403,True
66,47,1.1513874254091216,90.63829787234043,185.36170212765958,105.52387283924459,225.57860817322404,True
67,18,1.2566240845210943,377.05555555555554,183.44444444444446,0.23815002560937948,136.1893312657687,True
68,10,1.49744823620252,515.7,183.9,0.18543141926895057,248.06470929981157,True
69,25,1.2351434990872776,214.84,190.32,0.37327262221755986,124.65186721425395,True
70,59,1.2998112235795858,85.79661016949153,194.01694915254237,73.95860917871178,226.1199043565655,True
71,17,1.539475122404789,569.7647058823529,193.11764705882354,0.22069576275980377,294.79346473626424,True
72,14,3.4893990161342487,259.7857142857143,195.71428571428572,0.12876016223802483,98.3694877614445,True
73,51,1.0804739048755598,274.5686274509804,198.68627450980392,0.958824938780523,91.79629086059616,True
74,30,1.0968774623786053,139.56666666666666,199.83333333333334,1.0666948521849926,175.73488239074476,True
75,18,1.0841640462812416,296.55555555555554,199.16666666666666,0.27090866661437807,90.00495528196569,True
76,37,1.6186520624628682,391.1621621621622,199.40540540540542,0.5094878935106488,134.38619761556257,True
77,8,1.2247448713915892,263.5,202.0,0.14803188600885833,91.24280793574911,True
78,10,1.3228756555322951,360.2,202.1,0.28957796396505914,111.08667786913064,True
79,9,1.8802452407742967,581.0,202.0,0.1301050152747123,302.768888758406,True
80,10,1.3693063937629153,315.8,206.5,0.15512872160105673,86.14690940480686,True
81,48,1.142362203134729,455.2916666666667,209.83333333333334,8.50273810985416,182.37081139048053,True
82,18,1.4847978798033399,562.2222222222222,209.83333333333334,0.2686223289874488,282.5400059076087,True
83,11,1.416897655247236,372.3636363636364,209.0909090909091,0.27580588248869364,114.04167717212601,True
84,9,1.2082071081619317,484.77777777777777,212.66666666666666,0.17555160664443276,208.27050904597994,True
85,16,1.255692093297976,210.875,213.75,0.24996147760356918,109.92078113350541,True
86,9,1.390031392875195,127.33333333333333,214.88888888888889,0.14442709409882057,179.66422729052448,True
87,30,2.4570003673661667,566.9333333333333,218.16666666666666,0.32367214865523714,284.8799142718832,True
88,9,1.9593938865875873,53.111111111111114,216.77777777777777,1.3190622519657074,248.61048417053163,True
89,15,1.4733419770511083,299.26666666666665,220.06666666666666,0.29553199786316775,69.42724409208695,True
90,50,1.0343725445242997,431.88,221.36,17.49187347634452,156.2764985530454,True
91,8,1.2649110640673515,379.875,224.875,0.18433809951865085,109.59370990161798,True
92,19,1.310018893166925,169.21052631578948,228.73684210526315,0.30897251450717,135.8834945816562,True
93,9,1.390031392875195,130.88888888888889,228.33333333333334,0.1821435849831338,171.2191938588633,True
94,16,1.2957516813067689,365.875,228.5625,0.14470045743452603,96.22347442932,True
95,55,1.061804866519545,437.58181818181816,231.29090909090908,18.459151037915788,157.53275403877544,True
96,8,1.2649110640673515,560.125,228.125,0.2223133396969976,275.9239591807859,True
97,29,1.3228147746969563,54.724137931034484,231.27586206896552,0.594516429145876,243.2249146290608,True
98,40,1.6593335274927965,279.8,230.15,0.5477906489974682,59.90628097286627,True
99,9,1.4010578014353878,698.2222222222222,229.44444444444446,0.08419907905461296,411.55413066707973,True
100,11,1.4171197934126036,570.2727272727273,232.27272727272728,0.15773320120572853,284.9758580466448,True
101,8,1.2247448713915892,347.5,232.0,0.13906477971642459,80.25739841285662,True
102,12,1.3823926526548869,513.5833333333334,233.08333333333334,0.17532645750490777,229.49948559613136,True
103,14,1.14564392373896,18.0,236.21428571428572,1.7305628325702305,278.05634614705895,True
104,9,1.390031392875195,40.333333333333336,237.88888888888889,0.30368528801556427,255.8243996509913,True
105,22,2.3109106518258913,683.5,238.9090909090909,0.10878012433539391,395.68339511982776,True
106,8,2.360299066707647,690.25,241.375,0.06914095810075344,402.08046846993204,True
107,17,1.5366648278803519,748.9411764705883,241.58823529411765,1.0067503510085418,460.3889622262815,True
108,17,1.8217094507441312,64.3529411764706,244.88235294117646,0.221067882135942,230.9009659039202,True
109,15,1.906837216043491,678.2666666666667,245.8,0.7112858961482359,389.66871969804185,True
110,9,1.2082071081619319,109.66666666666667,245.77777777777777,0.1980418241181901,186.4133532545481,True
111,20,1.2983193230866557,528.8,246.8,0.5332245305804343,241.515382532873,True
112,8,1.7320508075688772,17.5,247.5,2.250466838170241,276.6306201417334,True
113,41,1.074565360264804,242.4878048780488,250.3170731707317,3.919105874246336,62.04677190336973,True
114,8,1.2649110640673515,134.875,252.125,0.17095240665227504,160.42063847896878,True
115,10,1.3693063937629153,427.8,253.5,0.39521506233479,141.33113598920798,True
116,9,4.088310863215482,680.2222222222222,252.66666666666666,0.08636205388612225,390.91437602461747,True
117,8,1.354752541800962,41.875,258.5,0.3019955775789989,250.98509044363573,True
118,9,1.2082071081619319,538.7777777777778,258.3333333333333,0.12799076688778085,249.66832319086515,True
119,11,1.698365510912278,272.72727272727275,258.8181818181818,0.13055200261755484,35.28221521877278,True
120,8,1.2649110640673515,520.875,261.125,0.14674249845223486,231.5589152893924,True
121,20,1.079757217453541,763.5,262.15,0.48315315354896426,473.2622660850958,True
122,30,1.954873619339597,786.7666666666667,265.1333333333333,0.34034089810514134,496.34081592747896,True
123,51,1.1214715488692197,499.7450980392157,265.52941176470586,0.7886249784310294,210.0604305134894,True
124,38,1.1019066300830296,142.39473684210526,267.60526315789474,2.7052734675926704,150.13746701862956,True
125,35,1.1743415269479978,453.37142857142857,267.22857142857146,0.7849653023795093,163.82452782891622,True
126,12,1.0,431.5,270.5,0.1890648206599887,141.7127376067515,True
127,34,1.1658013076800657,803.3235294117648,271.3529411764706,1.205507377429082,512.6273670748066,True
128,17,1.2544023162163351,320.05882352941177,275.8235294117647,0.33878893646571073,31.906654510871633,True
129,22,1.1192291082666872,500.0,276.8636363636364,0.5821779025461671,209.3520750370391,True
130,16,1.0956392274311086,79.25,278.6875,0.25345089370863816,212.00096734743923,True
131,10,2.135151836676729,798.4,278.7,0.10778643250530144,507.5045319994689,True
132,19,1.7320508075688774,252.0,280.0,0.4278924697696777,40.024992192379,True
133,14,1.0214055172991923,441.5,279.7142857142857,0.20996953538208596,150.78618799411277,True
134,10,1.2700012700019048,773.3,279.3,0.14387216000069689,482.3975331611885,True
135,14,1.35400640077266,318.0,281.0,0.28209022138843876,28.160255680657446,True
136,12,1.0,380.5,280.5,0.18216932279568127,89.9027252089724,True
137,17,1.1475154432898425,165.2941176470588,282.7647058823529,0.2652269644560915,125.86042964675218,True
138,9,1.6184756496877228,230.66666666666666,282.55555555555554,0.18053306145615247,60.676535623819554,True
139,35,1.6440829411697269,328.45714285714286,288.8285714285714,0.12760446609345005,37.457535140149176,True
140,8,1.2649110640673515,82.125,287.875,0.2252739439159102,208.87802960100902,True
141,13,1.4719379204050058,785.8461538461538,289.0769230769231,0.208886369955377,494.846159824941,True
142,11,2.32692308598277,201.9090909090909,289.72727272727275,0.12459965609948416,89.09387750156833,True
143,12,1.1476869141450685,408.75,289.3333333333333,0.23254211084628013,117.75047180844378,True
144,12,1.4231216539483342,673.3333333333334,292.5833333333333,0.2572251524368616,382.3501249582058,True
145,26,1.2169745205247637,73.26923076923077,294.88461538461536,0.8442403720769867,217.8102765437098,True
146,8,1.2649110640673515,398.875,293.125,0.1880878135907077,107.95383851443171,True
147,9,1.0,453.0,293.0,0.2291381275143575,162.04937519163718,True
148,10,4.058004306997212,865.7,293.4,0.12043814707511946,574.7168433237363,True
149,24,1.243066883540829,661.9583333333334,297.0,0.679914920331698,371.04458636320845,True
150,32,1.0693755812942585,363.28125,297.8125,2.0210228535869312,72.8164765545031,True
151,16,3.316172628042929,874.75,296.875,0.15103121008588474,583.8031158918219,True
152,41,1.5559587207900314,553.2439024390244,301.609756097561,0.4865157357911279,262.5468916504031,True
153,13,2.923959402818913,871.2307692307693,300.84615384615387,0.10448031452096343,580.3516838289323,True
154,8,1.9069251784911845,325.125,301.375,0.08977441148961594,36.299535120990186,True
155,15,1.4774219027472186,121.86666666666666,302.8,0.14644612719693192,169.69538722205868,True
156,12,2.3257915525112187,170.75,304.0,0.11207031367231218,121.18193966099074,True
157,13,1.1737215928926152,381.61538461538464,305.61538461538464,0.2964464043052326,92.12610343931436,True
158,15,1.2909944487358056,320.2,307.73333333333335,0.23355503190848165,34.692618491226305,True
159,11,1.1531133203941102,542.3636363636364,308.54545454545456,0.18257448243128077,252.12239583055458,True
160,9,1.0,674.0,309.0,0.21237601744384738,383.52183770940604,True
161,15,1.5129074290546956,911.1333333333333,310.1333333333333,0.4188576448933875,620.4933270301051,True
162,11,1.162383280447425,896.1818181818181,310.72727272727275,1.05907014798911,605.5717194833462,True
163,12,1.2393278361485243,172.08333333333334,311.6666666666667,0.2506665847768901,121.05763664010993,True
164,12,1.2464678258441246,394.75,312.5833333333333,0.22608555235927857,106.39659821211912,True
165,22,2.08622951457973,547.2272727272727,313.1363636363636,0.17040928478557518,257.3615731589372,True
166,19,1.7176689614969503,534.3157894736842,317.4736842105263,0.2595287339225499,244.9761704732176,True
167,43,1.1093549883526557,788.3953488372093,318.95348837209303,4.003299141336629,498.29644240205675,True
168,23,1.1672280983970837,378.5217391304348,319.7826086956522,0.6714887247041158,92.77728072392253,True
169,18,1.048993497469591,725.4444444444445,319.1111111111111,0.5370370177781871,435.4866867321981,True
170,10,1.6329931618554518,844.0,318.5,0.19110877797910805,553.7862854928785,True
171,10,1.3693063937629153,200.5,319.2,0.17738667057560764,95.40592224804496,True
172,146,1.3820147461351207,656.2054794520548,325.76027397260276,3.128871883691571,367.05089560488204,True
173,15,1.2704337346168104,763.6666666666666,319.46666666666664,0.285411872582791,473.64754359708814,True
174,10,1.9818755738873788,168.3,325.3,0.09228105928777766,127.95694588415276,True
175,20,1.0123461465807506,717.7,326.5,0.4847762520812829,428.34465095294473,True
176,12,1.0954451150103326,900.0833333333334,325.4166666666667,0.25030780709403144,610.1710256604747,True
177,19,1.094006578454073,370.4736842105263,327.0,0.8101683177183099,88.09123953035544,True
178,8,1.2247448713915892,386.5,326.0,0.18056966023918902,102.41703959791066,True
179,22,1.0581842324475372,353.09090909090907,327.8636363636364,0.6921389022894762,73.25068752674267,True
180,8,1.9862790942678017,830.875,326.875,0.14500029192749858,541.2019320457014,True
181,10,1.3693063937629153,412.8,330.5,0.39952368084872547,128.67591072147113,True
182,25,1.1623457114662874,958.88,332.16,0.4321053176677684,669.2730982192546,True
183,15,1.147078669352809,750.4,332.4,0.2165597661540614,461.44546806746297,True
184,16,1.161240446641744,151.375,334.75,0.2643465752245557,146.92924530194796,True
185,42,1.216797565116695,580.6904761904761,336.6904761904762,1.801821955062332,293.5897707937714,True
186,27,1.370722644950497,846.5185185185185,336.3703703703704,0.4228894124071282,557.534551759831,True
187,15,1.199915289122336,421.26666666666665,339.3333333333333,0.6248721088245082,139.65260072368463,True
188,10,1.3693063937629153,765.8,339.5,0.22628967076290238,477.47805185160075,True
189,23,1.2126781251816647,232.0,344.0,0.44196064838487475,80.65977932030313,True
190,34,1.2335251875285251,313.52941176470586,345.1470588235294,0.9744358364861913,60.49848435288719,True
191,24,1.1023565092191008,330.9583333333333,346.5833333333333,1.394319841394983,70.0892907693861,True
192,34,1.2370302626027312,748.7647058823529,348.61764705882354,1.9701504560744785,461.6305771852505,True
193,12,1.3092544653222995,44.333333333333336,349.5,11.140617821561005,253.97774399432018,True
194,15,1.199915289122336,288.26666666666665,350.3333333333333,0.3213990993161092,61.394208919806815,True
195,59,1.0638705760317102,412.77966101694915,352.20338983050846,13.327415239543411,137.2040608854937,True
196,21,1.724448227136582,785.2857142857143,349.2857142857143,0.24959287443325048,497.9485261489159,True
197,12,2.8035553900938543,64.25,353.8333333333333,0.17066313382123044,235.83664603091503,True
198,16,1.3139868922473528,159.3125,353.1875,0.3358342675174327,146.49789354287657,True
199,16,1.34409357843535,83.5625,353.6875,0.2815849939036941,217.28964324721048,True
200,42,1.9659065418093826,765.9285714285714,354.95238095238096,0.5792401627715537,479.4860420413421,True
201,9,1.6184756496877224,873.4444444444445,353.6666666666667,0.172758110124683,586.0233004258238,True
202,22,1.15315383379712,819.6363636363636,356.27272727272725,0.6644485415190902,532.8996385750213,True
203,18,1.186037720594049,56.666666666666664,357.44444444444446,0.6818810391679186,244.12446228598182,True
204,19,1.1713203008847621,289.8421052631579,357.1578947368421,0.3077378671918663,68.16772942661397,True
205,13,1.1005362893715058,706.2307692307693,358.38461538461536,0.19266092040084704,420.9879054890382,True
206,11,1.363424070047974,1009.5454545454545,358.27272727272725,9.978382141894908,721.87691540299,True
207,15,1.3253814653841551,536.8666666666667,360.6,0.24876792060241304,256.080022215279,True
208,12,1.3693063937629153,864.5,359.0,0.22151935185327593,577.7562202174893,True
209,25,1.169225110568311,355.2,362.84,0.22175732152620145,97.84674547474737,True
210,8,1.2247448713915892,278.0,363.5,0.1629293013574366,75.62572313703849,True
211,19,1.1468753845318396,173.52631578947367,365.2105263157895,0.4118586645199614,140.02896415857722,True
212,8,1.2649110640673515,849.125,363.875,0.2066080496375812,563.1250138734738,True
213,42,1.13247796816662,114.97619047619048,368.3809523809524,2.9446178820557782,193.09509864359947,True
214,9,2.4718077792567534,1043.7777777777778,366.0,0.10803549936823409,756.7056116588865,True
215,16,1.0363050560413614,538.9375,367.8125,0.3131057158607626,260.1622840891815,True
216,17,1.1995434357890762,530.1764705882352,370.88235294117646,0.29391765747710563,252.8044774251998,True
217,11,1.2038979662661429,1045.090909090909,370.72727272727275,0.7961370176297394,758.5067213156332,True
218,8,1.4829425132913323,936.75,371.75,0.11386291142505076,651.0304332364194,True
219,10,1.3693063937629153,356.8,372.5,0.34849315330333475,106.31034756786379,True
220,12,1.3092544653222995,664.5,373.3333333333333,0.1774486036157435,382.90254779919013,True
221,8,1.2649110640673515,421.125,374.125,0.17267877275207727,155.49527725947178,True
222,71,1.6882353451237186,377.63380281690144,377.53521126760563,14.053684564797097,123.87049456879278,True
223,10,1.2649110640673515,334.8,376.0,0.19858431594397843,97.40349069720243,True
224,12,1.3102722935841347,280.4166666666667,377.25,0.16250345513080638,88.88233482781854,True
225,24,1.232980333803701,422.875,381.6666666666667,0.6831048741637288,161.17731458276353,True
226,17,1.1887165921577254,868.2352941176471,381.0,0.3240213360665151,584.5208163744783,True
227,22,1.0713131331543124,88.68181818181819,382.1363636363636,0.35877544361204655,222.72635435803244,True
228,18,1.0999571175174776,703.7777777777778,381.94444444444446,0.39472704642510825,423.1124715489334,True
229,27,1.3037824205877881,854.7037037037037,383.55555555555554,0.4917209368008382,571.5790572227894,True
230,12,1.1146408580454257,907.1666666666666,382.5,0.19697341753092504,623.2203551803416,True
231,48,1.0798954920611223,545.4791666666666,386.625,0.8167463198764346,272.5624458584878,True
232,13,1.6911534525287761,133.84615384615384,386.0,0.24667636146887878,184.67899545142308,True
233,14,1.3147051542686956,616.8571428571429,385.85714285714283,0.25745968492724397,339.9473248511737,True
234,55,1.267260280403302,698.2727272727273,388.6363636363636,4.403391504723888,419.28329246327354,True
235,8,1.715010090561728,834.75,386.375,0.1556666115300858,552.400174805367,True
236,11,1.3631337732966686,912.3636363636364,387.6363636363636,0.20022258923829678,629.1437839051152,True
237,9,1.620710290710419,1066.7777777777778,387.1111111111111,0.1559036139943455,781.9571283755165,True
238,12,1.7605128981499132,39.583333333333336,390.1666666666667,0.13030687599256469,271.00744403470213,True
239,11,1.0384755040678713,346.1818181818182,391.1818181818182,0.3003794708801977,116.12991442687535,True
240,13,1.1610698116954792,450.46153846153845,395.84615384615387,0.2551613280182639,191.94812538870156,True
241,55,1.5335607515670477,312.1454545454545,399.74545454545455,0.7042996665222617,112.74611279513464,True
242,28,1.1089602188497154,170.14285714285714,399.10714285714283,0.8882431457661786,163.4932166414102,True
243,19,1.342075612799557,139.3684210526316,399.63157894736844,0.34082596553554745,187.70051143899377,True
244,11,1.0384755040678713,859.1818181818181,398.1818181818182,0.2321681950582999,578.5769161778616,True
245,10,1.166032464951566,850.0,400.3,0.20350404687201012,569.972534426002,True
246,10,1.2649110640673515,282.2,401.0,0.14424949944292598,112.34518236221793,True
247,11,2.0257901992005736,915.2727272727273,402.90909090909093,0.14531788710056798,634.579954779746,True
248,21,1.9532645552752526,617.5238095238095,406.5238095238095,5.423793602672315,347.029745109738,True
249,18,1.3879784650986469,1037.0,405.5,0.25613377065644705,755.0418862553256,True
250,29,2.2055086875316037,398.62068965517244,409.3103448275862,0.27282068957581646,161.4211631552308,True
251,18,1.712066154696751,124.66666666666667,409.77777777777777,0.231983956821779,205.55789788455232,True
252,16,1.161240446641744,344.25,408.375,0.306160005880981,130.71324770274816,True
253,12,1.4109807805540062,483.6666666666667,409.1666666666667,0.21130636698127023,227.0693114936984,True
254,36,1.0735689896221225,192.91666666666666,410.75,2.0120290561852054,156.34386069743124,True
255,14,1.2867174558346437,1005.3571428571429,411.2142857142857,0.24959229029348406,724.7361307287456,True
256,43,1.3171819514605627,658.3953488372093,412.6046511627907,2.3741636848779604,387.6305614064633,True
257,21,1.0595021210745958,851.9047619047619,413.23809523809524,0.7649262930964864,574.499135104508,True
258,15,1.237273637147708,880.9333333333333,413.1333333333333,0.26535982441203965,602.8519073721358,True
259,10,1.3693063937629153,359.5,413.8,0.16401578037378967,142.36323261291872,True
260,8,1.4829425132913323,449.25,417.75,0.1368542105438201,204.00888461045025,True
261,13,1.7030496406700024,804.3846153846154,418.53846153846155,0.14625361411731222,529.475189533335,True
262,10,1.7338536202985508,312.5,419.7,0.14198562064722914,132.4565589164991,True
263,14,1.348399724926484,357.5,419.5,0.31312610178831196,146.46671976937287,True
264,16,1.1346081172640452,893.9375,419.75,0.3742671505073782,616.9515308403489,True
265,8,1.2649110640673515,378.125,420.125,0.13545602964286457,157.4310364889973,True
266,31,1.3489685938984761,162.80645161290323,422.0967741935484,0.5644639842198542,184.79268694621908,True
267,17,1.2576789566505624,903.6470588235294,422.8235294117647,0.3018010807344272,627.0926213162953,True
268,34,1.05614745682738,920.2647058823529,423.79411764705884,1.806521396885261,643.5398388767034,True
269,9,1.390031392875195,313.8888888888889,425.3333333333333,0.19097274021766125,138.2413795227235,True
270,27,1.1754977992539086,866.3703703703703,426.5925925925926,1.0762559896686632,591.5934284933262,True
271,18,1.288546385288273,991.6666666666666,426.05555555555554,0.3766507586220702,713.9453782233062,True
272,20,1.14346704807559,1053.7,427.75,0.48834648256125035,775.217938711431,True
273,15,1.313645202029132,466.53333333333336,427.6666666666667,0.3790693391669245,223.6971067214674,True
274,14,1.1768757581402922,954.5714285714286,428.2142857142857,0.32684880683941653,678.01744679858,True
275,14,1.4339630399699987,946.3571428571429,432.14285714285717,0.23281346034143566,670.8076193998529,True
276,26,1.2979053966441778,638.1923076923077,436.3076923076923,0.26152822044896973,377.1499101600421,True
277,26,1.2805913611295654,705.4230769230769,437.5,0.49448882158187446,440.22577921606376,True
278,9,3.3029181843721824,1061.0,438.44444444444446,0.1520424504858377,784.3683076051127,True
279,51,1.1007462894193292,444.45098039215685,442.6666666666667,1.804740735063159,217.16502441175595,True
280,15,1.4225762616085391,720.9333333333333,440.46666666666664,0.25274727132899716,455.83420475236625,True
281,9,1.2082071081619317,782.7777777777778,441.6666666666667,0.19100841504623572,514.9296008457472,True
282,8,2.1911960669015045,956.25,441.5,0.16353700634879964,682.5055402705534,True
283,8,1.2649110640673515,143.875,442.125,0.17016613929050112,212.35119790102434,True
284,8,1.50441891923211,1047.75,442.625,0.10714537891210588,772.1859899823357,True
285,10,2.1505813167606567,135.4,444.3,2.103034075915323,219.83960061826895,True
286,25,1.2530156859268538,987.36,447.12,0.3743812604321751,714.0862580949167,True
287,10,1.2649110640673515,810.0,447.8,0.1377611854223001,542.7508083826315,True
288,13,1.453209879489562,448.15384615384613,449.15384615384613,0.24573812675659001,224.3804487891415,True
289,20,1.1757789504625762,148.95,451.55,0.4028810013321335,215.87196436777054,True
290,12,1.2393278361485243,434.0833333333333,451.6666666666667,0.3712615874716486,216.64091193083132,True
291,20,1.272433405215884,983.0,452.9,0.32904517856969995,711.1449992793312,True
292,18,1.1170171317966762,834.9444444444445,454.6666666666667,0.4371570907140357,568.6132280262391,True
293,8,1.2649110640673515,786.875,455.875,0.19587731795805058,523.2009950774176,True
294,8,2.7603121063039917,262.25,457.875,0.09544035604952217,171.30478138394153,True
295,31,1.2664840314015284,322.3225806451613,459.03225806451616,0.47269747578904964,172.89324116572877,True
296,30,1.2259293549049988,769.7666666666667,458.53333333333336,0.7017415965397851,507.89671412819973,True
297,15,1.2055427546683417,641.2,459.2,0.20639947832220154,389.3688225834216,True
298,27,1.179411518309065,827.8518518518518,460.2962962962963,1.1605522170643767,563.5178186726584,True
299,17,1.1823142513931808,851.5294117647059,462.0,0.36955442517218506,586.6193156155764,True
300,24,1.186736967981773,941.1666666666666,462.75,0.377087893517108,672.9827315350999,True
301,11,1.1703339532767219,786.0909090909091,463.3636363636364,0.19063300044839038,524.8977861930961,True
302,25,1.3074210536362134,200.24,467.04,0.8135616704472979,199.8389831839624,True
303,30,1.7575202875324283,214.53333333333333,468.4,0.23975259851074454,195.01669444206848,True
304,25,2.2369676656124517,388.36,468.0,0.2658374323312396,203.76449543529412,True
305,47,1.152584486214077,946.3404255319149,470.40425531914894,5.372646256482301,679.9842477471417,True
306,13,1.4540773625602172,629.3846153846154,470.9230769230769,0.19865975775428985,384.18765446869037,True
307,21,1.1547488384105846,257.6666666666667,471.14285714285717,0.6619126077818929,185.1678468829683,True
308,14,1.5151238983712714,777.5,470.7857142857143,0.3846902141567713,519.3537290887275,True
309,8,2.2360679774997894,923.5,471.5,0.08052790639249655,658.3027419052727,True
310,10,1.0307764064044151,904.6,473.3,0.1530190905747596,640.6804585750997,True
311,51,1.424962863062676,463.2352941176471,477.7647058823529,7.6128641375708215,255.53299342089585,True
312,13,1.1005362893715058,697.2307692307693,476.38461538461536,0.25465423231778445,447.3661050556498,True
313,28,1.3534064174049263,958.9642857142857,477.7142857142857,1.0639531913122635,694.1104873306907,True
314,11,1.1531133203941102,710.3636363636364,479.54545454545456,0.2224644824605789,460.6228715034308,True
315,60,1.0472807835321452,372.96666666666664,483.0,15.001964716682345,210.60516243540766,True
316,12,1.3693063937629153,618.3333333333334,483.25,0.19199967597344586,380.63128301692586,True
317,16,1.1927281327014063,657.0625,483.3125,0.3096363466955671,414.43829644773416,True
318,17,1.1887165921577254,839.0,484.2352941176471,0.28563367603377166,581.7394778328218,True
319,33,1.1451686267236114,1019.2424242424242,486.45454545454544,0.46668902207607066,754.536497452008,True
320,9,1.1939231616416894,294.55555555555554,486.44444444444446,0.13323225497506438,197.47645585558791,True
321,13,2.8372429221678614,423.7692307692308,490.0,0.16506058185576825,240.89140424484486,True
322,16,1.3122845075933405,219.5625,493.6875,0.3634356963238679,216.79550055870624,True
323,60,1.8662000790395752,692.1,495.71666666666664,2.5213574698280974,451.2349612760272,True
324,45,1.1120949540814347,763.3555555555556,495.8666666666667,3.324610395790838,515.6680993061093,True
325,9,1.2082071081619319,782.6666666666666,495.77777777777777,0.1612092506286437,533.3790026742964,True
326,13,2.46870807422632,931.1538461538462,496.15384615384613,0.19574122511411252,672.8370253797672,True
327,26,1.3493217138597315,230.07692307692307,503.6923076923077,0.3861276290919959,223.169012822174,True
328,15,1.147078669352809,299.4,504.6,0.34846435816635507,215.76357431225506,True
329,8,1.715010090561728,880.25,504.625,0.13318422625070483,627.4629097604096,True
330,62,1.2027723650464082,949.6612903225806,508.5806451612903,9.81599534603226,694.2984625496842,True
331,30,2.0721187750210555,310.8333333333333,509.5,0.2760388679242234,221.39017844319812,True
332,31,1.195060517008016,389.0,510.2258064516129,1.3007094362885305,241.9604460240692,True
333,13,1.8229289821721548,217.69230769230768,512.5384615384615,0.26360593024914214,235.25191080724838,True
334,15,1.4565024090320038,638.5333333333333,515.3333333333334,0.24405294818845313,414.7362964047824,True
335,21,1.1920638998329023,380.85714285714283,517.0,0.5092665042570346,245.06796225220666,True
336,25,1.2846214331357824,895.28,517.48,0.42572276839211887,646.0320648388902,True
337,10,1.2649110640673515,908.2,517.0,0.16557701094049768,657.9664429133146,True
338,21,1.114128910444876,816.6190476190476,518.6666666666666,0.31558910336966434,573.6045336272477,True
339,11,1.8802452407742969,952.0909090909091,519.1818181818181,0.19816263189901961,700.0177565634548,True
340,11,1.252270664905083,990.9090909090909,520.1818181818181,0.1860419689952958,737.1009215806484,True
341,55,1.083330814503226,431.6181818181818,524.5272727272727,5.540242264161222,274.3110811764598,True
342,11,1.162383280447425,748.8181818181819,522.2727272727273,0.1306809126517488,513.8225889278925,True
343,29,1.1017041288615366,776.3793103448276,529.1034482758621,0.5465455480011625,541.5189200616909,True
344,19,1.0978797497825867,530.578947368421,531.2105263157895,0.24768636583522474,340.6816858598836,True
345,9,1.443008306715765,322.55555555555554,536.3333333333334,0.11394215846757423,249.33818573214484,True
346,18,1.1279438758905778,915.6666666666666,538.7222222222222,0.41746600637669623,672.7329579528933,True
347,24,1.1073587415199522,616.1666666666666,541.875,0.41079116236955054,411.92126278709026,True
348,23,1.0555126716689565,923.2173913043479,541.4782608695652,0.5836537768350154,680.7672892254703,True
349,11,1.252270664905083,328.1818181818182,544.9090909090909,0.20777816240536526,258.5961144588664,True
350,12,1.3102722935841347,641.4166666666666,545.25,0.1352891758429491,434.1150801086939,True
351,15,1.199915289122336,766.2666666666667,546.3333333333334,0.300362031579012,540.4616997428114,True
352,18,1.3351063294322394,945.7222222222222,548.8333333333334,0.2519797935856972,704.3965853002952,True
353,16,1.1389352033777023,651.8125,550.125,0.30946337250829153,445.38963367062104,True
354,11,1.0384755040678713,836.1818181818181,552.1818181818181,0.16622166816620199,605.3824281373887,True
355,12,1.1146408580454257,528.5,553.8333333333334,0.22430025447233615,355.7287512198648,True
356,38,1.1204752015560029,290.89473684210526,558.0,0.5522562830301063,269.0000205954126,True
357,18,2.2057026051718207,420.8888888888889,556.1666666666666,0.1831576400378817,297.0675869807541,True
358,8,1.50441891923211,883.75,554.625,0.14715592096799837,649.5453818825903,True
359,14,1.3859239015689853,491.92857142857144,557.3571428571429,0.19505720244949157,335.24296702358356,True
360,8,1.50441891923211,823.75,556.375,0.12719583110912913,596.0804921526958,True
361,35,1.1857482011155382,645.4857142857143,559.9714285714285,0.42009492682740157,446.19013518307844,True
362,8,1.2649110640673515,594.875,560.125,0.13851297117542966,407.2453575548775,True
363,8,1.354752541800962,956.5,560.125,0.1812032065912243,718.6090840123022,True
364,8,1.2949291314920286,973.5,562.375,0.1828466453708132,735.2143501217859,True
365,28,2.185150733177698,986.8214285714286,563.2142857142857,0.1911945956209761,747.9043621673693,True
366,10,1.3657170831798295,498.1,563.4,0.13537790298526453,343.78157309547584,True
367,13,1.173721592892615,965.3846153846154,563.3846153846154,0.19339894754514866,728.0669794924221,True
368,8,1.9862790942678017,834.875,568.875,0.10468154179060427,611.6616967327609,True
369,16,1.1927281327014063,611.3125,570.9375,0.23358780937010482,426.718703084948,True
370,11,1.3631337732966686,960.3636363636364,570.6363636363636,0.3255658925901517,726.2001921015062,True
371,12,1.2393278361485243,782.9166666666666,571.6666666666666,0.2383497631820013,567.3468528060139,True
372,40,1.1259527195872836,658.75,574.175,0.7042627938775805,465.36527924309087,True
373,11,1.1531133203941102,466.3636363636364,574.4545454545455,0.12021234464599037,335.0174659317613,True
374,10,1.2649110640673515,572.0,575.8,0.21516410329833088,401.5161765109844,True
375,14,1.5610693944556937,888.4285714285714,578.6428571428571,0.20863414035235486,663.9381617688964,True
376,21,2.378612971481489,865.8571428571429,582.2857142857143,0.4253772240483395,645.3504822171897,True
377,26,1.1538017316531821,553.3076923076923,586.1153846153846,0.5433279283166693,396.3368229409613,True
378,11,1.1531133203941102,916.6363636363636,585.5454545454545,0.1998808243102238,692.3583364961402,True
379,29,1.0790730053807713,481.41379310344826,587.7241379310345,0.7547530742534879,354.25065022760725,True
380,8,1.2649110640673515,729.125,588.875,0.10037945869415923,530.922340130833,True
381,36,1.736380626167972,720.2777777777778,592.9444444444445,0.48050201831111716,525.9863456426118,True
382,17,1.3375751228989026,433.05882352941177,594.4117647058823,0.18702062889955107,336.8338690858177,True
383,70,1.465098242932141,961.2857142857143,595.5857142857143,1.6378351193809364,737.0737676648057,True
384,15,1.1371470653683553,571.4666666666667,594.8666666666667,0.3388045804951464,414.9891190005937,True
385,31,1.7354054627158864,779.7096774193549,596.5483870967741,0.4529666017834164,577.4280554399459,True
386,45,1.071117470763411,806.8888888888889,596.2444444444444,4.063924686082314,600.4502430018558,True
387,18,1.4835537000466885,933.5555555555555,595.1111111111111,0.18597174226726856,711.7454982793973,True
388,10,1.6329931618554518,544.5,599.0,0.1736765636229255,400.4525564907783,True
389,25,1.2409242917740613,588.44,603.08,0.7753177232189387,432.5699943361768,True
390,24,1.0561282345444742,876.4166666666666,603.7083333333334,0.6446778096601711,664.6457768470026,True
391,12,1.3092544653222995,431.3333333333333,605.5,0.2803757644585433,346.2162538709649,True
392,31,1.1181792119789058,851.6129032258065,606.0645161290323,1.5651709881915932,644.0626791325552,True
393,8,1.2649110640673515,785.875,606.875,0.15157295706479268,588.1715576683388,True
394,10,1.448855688523009,450.0,608.7,0.17678220058798944,357.05614404460266,True
395,15,1.200463648974572,944.4,610.1333333333333,0.3344263712800651,728.0509444934315,True
396,16,1.2247448713915892,503.0,610.5,0.3414168963338201,385.10550502427253,True
397,71,1.0584651000789742,569.4647887323944,614.7746478873239,0.8735682444527929,428.5694340126077,True
398,19,2.095250165120791,707.1052631578947,612.8421052631579,0.18291431023736074,527.273457675403,True
399,22,1.0873593455544788,865.9545454545455,612.2727272727273,0.790954755997716,659.6044159473086,True
400,9,1.3900313928751948,529.3333333333334,613.1111111111111,0.1434340041940032,402.30683579011776,True
401,20,2.1057474296489054,500.65,618.1,0.1561585640077801,390.20498779487684,True
402,38,1.61619523905491,538.8421052631579,619.0,0.429051751924793,412.70535390430086,True
403,30,1.4085652471777173,441.43333333333334,620.4,0.4417506357763842,363.9452538195515,True
404,22,2.007841297636341,475.1818181818182,619.8181818181819,0.35841488309242236,378.6338753601531,True
405,12,1.3693063937629153,485.0,619.5,0.2797546640498983,383.2313270075921,True
406,9,1.1766968108291043,520.5555555555555,619.7777777777778,0.20610726855904257,402.628478076284,True
407,12,1.1476869141450685,930.3333333333334,619.75,0.32646472316279107,719.8212789374256,True
408,24,1.113107090217291,617.7916666666666,621.875,0.8934426848408515,466.4746070557086,True
409,9,1.390031392875195,847.3333333333334,619.8888888888889,0.23780296894448033,647.2976398596718,True
410,14,2.1805837912407604,923.7857142857143,621.9285714285714,0.15344318651425115,715.0239114026546,True
411,36,1.3151559721142534,699.4166666666666,622.7777777777778,0.6934859613849143,527.4578452818602,True
412,9,1.1939231616416897,595.5555555555555,623.5555555555555,0.10636788525149407,452.417402597247,True
413,14,1.3741174468596107,619.5,630.1428571428571,0.3044854114025068,473.59338992387956,True
414,14,1.153442484899688,474.14285714285717,630.9285714285714,0.19910691810929768,387.8871666885006,True
415,8,1.354752541800962,963.875,630.5,0.18075158712354694,754.5747250107175,True
416,21,1.1007603848135803,639.7142857142857,632.6190476190476,0.298842592496695,489.56685237855487,True
417,25,1.176682905766128,836.32,632.88,0.7968109115724882,644.6916757644697,True
418,32,2.2557260542847097,940.90625,633.875,0.33361004142264705,735.742413765893,True
419,14,2.4822772822246515,450.14285714285717,634.3571428571429,0.14732688396464622,380.26044377773616,True
420,29,1.0668635804974924,786.448275862069,635.6896551724138,1.115562290563987,604.7005135257155,True
421,12,1.1926378483801343,558.75,635.75,0.49651756300148586,438.0931693144736,True
422,9,1.390031392875195,599.8888888888889,636.3333333333334,0.19476912680272485,464.81479120554764,True
423,11,1.1085311909574123,371.0,637.4545454545455,0.12269358981312992,357.52002775779414,True
424,9,1.3900313928751948,413.6666666666667,637.1111111111111,0.27746759766968687,369.09139354653536,True
425,18,1.1000547117088784,548.9444444444445,641.0,0.7280424511514666,436.3935568036644,True
426,46,1.2112127798979042,712.5217391304348,642.7391304347826,1.4466621669393689,550.2835168895234,True
427,13,1.1005362893715058,892.6153846153846,641.2307692307693,0.2369089014996494,697.1424429761945,True
428,30,1.0994143820191313,423.8333333333333,646.0,1.387958443321508,380.911662258383,True
429,20,1.1545053812221457,577.4,645.3,0.40910202283321984,457.13745197697375,True
430,13,1.1570777246001327,644.9230769230769,644.6923076923077,0.288264880220903,501.77541004933425,True
431,11,1.0384755040678713,739.1818181818181,646.1818181818181,0.2439105756911044,573.101904889898,True
432,32,1.965445763025076,870.9375,650.59375,0.8538950749420922,683.430716272917,True
433,18,1.2876561407173586,360.05555555555554,648.2222222222222,0.2521106623145543,365.79950067128027,True
434,16,1.2247448713915892,811.5,648.0,0.2522852422944772,632.2983868396312,True
435,8,1.2247448713915892,469.5,648.0,0.13499728956239604,400.9279860523583,True
436,12,1.2393278361485245,890.3333333333334,649.9166666666666,0.18068889791974582,699.6150975516625,True
437,8,1.2649110640673515,931.125,649.875,0.19490681860384657,734.8406502433028,True
438,13,1.496687048003393,354.0769230769231,652.9230769230769,0.2328983593342869,369.3490275363018,True
439,29,1.1100876621077003,724.3793103448276,653.4137931034483,1.2291888884222848,566.2287870101635,True
440,29,1.1339103408358857,943.2068965517242,655.1379310344828,0.6173386744944697,747.9510815901285,True
441,9,1.0,393.0,655.0,0.18532076721969007,379.94736477570154,True
442,21,1.1547488384105846,742.6666666666666,656.1428571428571,0.542994935909743,582.0624153205549,True
443,11,1.6423367073369393,962.3636363636364,657.0909090909091,0.14709864233324982,765.6500829927317,True
444,48,1.0747735765066373,553.7916666666666,661.1041666666666,7.752502721540198,455.5446969509565,True
445,33,1.1236197056294597,350.8787878787879,661.969696969697,1.609629366206361,377.74576648256493,True
446,10,1.2649110640673515,510.0,662.8,0.18744787039771182,433.2290848962013,True
447,13,1.8232315617622403,916.0,662.0,0.2496990015408289,727.8420158248629,True
448,11,1.0384755040678713,673.1818181818181,666.8181818181819,0.17254722269880748,537.4100116867539,True
449,27,1.213774954376007,624.7777777777778,668.9629629629629,0.705368597146142,505.7464366279466,True
450,27,1.1082802959970781,788.9629629629629,668.5925925925926,0.7308773807683697,626.1450701187539,True
451,13,1.6224722802025393,798.8461538461538,668.9230769230769,0.1437213057762713,634.231235713781,True
452,22,1.0709738206992343,890.7727272727273,669.0909090909091,0.5165093118637931,710.0679006642386,True
453,9,1.390031392875195,804.8888888888889,673.6666666666666,0.1318028287675579,641.9113915237065,True
454,14,2.076153960229403,873.0,674.2142857142857,0.178800060360872,697.9355600041936,True
455,29,1.0356200850602144,533.4137931034483,676.9655172413793,1.4969278443621579,457.47315730561985,True
456,19,1.3322617744978236,710.3157894736842,676.7368421052631,0.39105499473604083,571.10908767739,True
457,22,1.3316389533501758,796.4090909090909,679.3636363636364,0.36154946537658283,638.6095190087563,True
458,36,2.2149467821910753,926.4722222222222,682.5,0.2960661407664155,747.4404292089432,True
459,18,1.1279438758905775,500.27777777777777,682.3333333333334,0.358314224190187,445.54270208669794,True
460,9,1.620710290710419,658.7777777777778,682.8888888888889,0.17092505331706087,538.8960480624107,True
461,8,2.7977574469158206,726.375,683.875,0.10698609667862011,587.7734735848497,True
462,8,1.4829425132913323,653.75,684.25,0.17754959368215156,536.4793798460478,True
463,14,1.0214055172991923,737.2857142857143,684.5,0.3243084614072202,596.3146726146441,True
464,21,1.2218262797760002,415.85714285714283,687.4285714285714,0.6596489186484368,417.5339898176689,True
465,15,1.4376495230382353,938.4,688.0,0.2054256158583141,760.4786387532525,True
466,41,1.258469787335118,709.1219512195122,690.9512195121952,2.1958432763166846,579.9920249097853,True
467,9,1.390031392875195,633.1111111111111,691.6666666666666,0.09681245649966697,528.3752991862161,True
468,10,1.556215758059588,937.2,693.7,0.2226364857798686,762.4673960242498,True
469,28,1.9155738074105801,802.1428571428571,697.0714285714286,0.351380541304198,654.0560459352774,True
470,9,1.0,679.0,696.0,0.1888098518863609,562.3104124947358,True
471,8,1.6488535552317758,947.75,696.0,1.0549625156341067,772.6380540071787,True
472,13,1.1610698116954792,765.4615384615385,699.8461538461538,0.3814803617739899,627.6211545267315,True
473,51,1.6563859527954248,689.5686274509804,703.1176470588235,3.1429009068014793,574.7611472548356,True
474,8,1.2247448713915892,794.5,700.0,0.15455208069313817,649.9486518179725,True
475,20,2.9558966703076437,382.65,702.9,0.2853233180657284,423.92562142432485,True
476,25,1.3074210536362134,621.96,702.76,0.4205574919821183,529.841352859514,True
477,22,1.0623761029487429,722.8636363636364,702.6818181818181,0.43142652264205,598.0291356676847,True
478,9,1.2082071081619319,389.6666666666667,704.2222222222222,0.28757347308978226,426.7840261048574,True
479,36,2.7632165384653584,364.5833333333333,710.75,0.945760782881795,428.1209752446666,True
480,20,1.0401765297846104,763.75,709.25,0.6222651943730645,632.5366590166929,True
481,59,1.1486746757339923,406.79661016949154,716.8305084745763,12.550930898326774,443.22432120581976,True
482,27,1.1063389622208022,637.7777777777778,722.8888888888889,0.8267651805032861,555.4407214651519,True
483,16,1.252004623194299,492.75,723.5625,0.2702060068489111,479.11129073133935,True
484,30,1.0793972311451816,748.2333333333333,725.5333333333333,0.9400384451345014,632.1579487930387,True
485,15,1.3190905958272918,432.6,726.0666666666667,0.3639493126046136,459.43207453454005,True
486,9,1.390031392875195,712.8888888888889,725.6666666666666,0.17360348463489156,607.1803787555054,True
487,10,1.3228756555322951,544.8,727.1,0.2454312034875634,506.30628082219164,True
488,8,1.9208287553125776,506.375,732.875,0.11919596585408887,493.36741506710797,True
489,17,1.338310394561825,769.6470588235294,740.9411764705883,0.3021664207978671,658.2961597260269,True
490,9,1.1766968108291043,869.5555555555555,742.7777777777778,0.14898636331456216,735.2828044155091,True
491,10,1.6370457828912017,663.8,744.7,0.18892577755571127,588.7633905058975,True
492,9,1.0,532.0,747.0,0.1816347563199216,517.5374382593012,True
493,11,1.4168976552472359,550.9090909090909,747.3636363636364,0.14416327118828426,526.9250028966987,True
494,18,1.1625121151769369,654.7222222222222,748.2777777777778,0.8331390031897996,585.8582867031629,True
495,10,1.0307764064044151,701.4,748.3,0.10410266524115733,615.9420833162806,True
496,9,1.1766968108291043,773.4444444444445,750.7777777777778,0.2353151472571585,667.8258440826406,True
497,32,1.0156110712487225,466.53125,752.78125,1.164779988590916,495.88735371868984,True
498,28,1.4875620233244171,644.1785714285714,754.9285714285714,0.8910479045660777,584.6576237335796,True
499,16,1.3377416482255309,528.1875,755.1875,0.2600440955284945,523.0570669750099,True
500,10,1.2649110640673515,611.0,755.8,0.2948269368202605,565.9525068413426,True
501,8,1.4829425132913323,788.25,756.75,0.1791626882941982,682.6768085997942,True
502,9,1.6272667601774433,843.0,763.3333333333334,0.1872806157412957,727.8022472561562,True
503,14,1.0214055172991923,631.5,764.7142857142857,0.38498791471527116,585.0165225296231,True
504,11,1.4168976552472359,599.0909090909091,766.3636363636364,0.1824604320767696,568.1514319147466,True
505,9,1.3900313928751948,763.3333333333334,768.1111111111111,0.20476947407475904,672.7898888716308,True
506,11,1.1531133203941102,905.6363636363636,769.5454545454545,0.14361787740102872,780.1934333153732,True
507,38,1.9188407254525974,663.7631578947369,772.9473684210526,1.1886015308690634,610.866128775625,True
508,25,1.0748704125330195,769.76,774.4,0.4706002434723957,681.7802414268104,True
509,48,1.4130393634328284,723.75,778.4166666666666,2.95789611672941,653.3002648944137,True
510,11,1.416897655247236,691.3636363636364,777.0909090909091,0.1706636861278247,631.2873964047628,True
511,17,1.4997060033130822,864.2352941176471,781.5294117647059,0.22821286330734203,755.7671095485913,True
512,12,1.136438516989581,911.5833333333334,781.0,0.1047093436279537,791.9518126825086,True
513,8,1.354752541800962,735.125,781.5,0.14519252066764507,663.1766473760969,True
514,14,1.0214055172991923,662.7142857142857,782.5,0.24305115639925307,617.8298796627447,True
515,15,1.9285867665170355,896.0,784.0,0.1904658480493033,781.6968721953542,True
516,8,2.985431599658256,421.375,783.375,0.08519588135513341,511.27710808327805,True
517,22,1.3387984666996873,584.5,786.1818181818181,0.4865594467522467,577.3491234344939,True
518,8,2.2360679774997894,737.5,787.5,0.13507969677575798,669.2267926495472,True
519,10,1.3657170831798295,478.4,790.1,0.17102748324657788,534.9952990447673,True
520,35,1.7300660335054963,864.4,796.7142857142857,0.2433597864850116,765.8729371889094,True
521,24,1.2243136163678752,797.0416666666666,795.4583333333334,0.3747906220597088,715.9456765743862,True
522,30,1.6345529628119786,894.3,798.7333333333333,0.21263138902638556,789.8094460761477,True
523,15,1.147078669352809,700.4,797.6,0.2661742464065545,652.9029943261097,True
524,21,1.229718207666924,868.5714285714286,805.7142857142857,0.2035629350801454,774.9725209084934,True
525,40,1.023575072785718,779.825,810.425,3.338802074757548,714.726459038701,True
526,11,1.5275252316519465,533.0,812.0,0.1947793467592774,576.2751079128788,True
527,11,2.1240194156848657,729.1818181818181,817.7272727272727,0.1456682615734694,686.699231622363,True
528,15,1.1724684974298933,662.8666666666667,818.6666666666666,0.3392756032237921,647.1719984328397,True
529,13,1.7742560808407197,560.6153846153846,822.8461538461538,0.17542108487578345,598.0670293517551,True
530,19,1.5861760993204923,732.578947368421,824.1578947368421,0.2858814736432964,693.8198174296924,True
531,26,1.3421622847922416,599.0,825.3461538461538,0.6893339852669402,618.4910644023582,True
532,8,2.0031534177526513,582.875,826.25,0.10833578334137484,611.4152256241252,True
533,21,2.181905717221326,464.2857142857143,831.5714285714286,0.2672683294552623,569.5715002328952,True
534,9,1.3900313928751948,624.3333333333334,830.1111111111111,0.2101603502748693,635.540986624004,True
535,12,1.2370945900154484,837.25,831.1666666666666,0.25660382978471297,769.6322218725281,True
536,54,1.0832877294897327,677.0370370370371,833.7777777777778,7.301379330986548,667.6881166568929,True
537,40,1.0680884917908184,780.05,834.4,0.7770863022551975,732.5510647729617,True
538,13,2.522176605273074,830.1538461538462,839.7692307692307,0.13738629247798104,770.7357623625722,True
539,55,1.390851430070113,710.6363636363636,845.4181818181818,1.9924835367343752,696.9188408586767,True
540,11,1.8821192526925419,775.8181818181819,845.4545454545455,0.14568018050662074,738.0313886133248,True
541,13,1.0266713466606798,557.2307692307693,846.0769230769231,0.1564838322367233,617.4249109892305,True
542,25,1.522416120116276,814.32,847.16,0.5407739356305066,765.1185581333132,True
543,13,1.1737215928926152,726.6153846153846,848.6153846153846,0.24862313679281844,709.1756778202665,True
544,13,1.1610698116954794,564.1538461538462,850.5384615384615,0.23987804109347372,624.4505324328112,True
545,11,1.2970554888579249,738.7272727272727,852.3636363636364,0.2653380548821894,719.609823112957,True
546,16,1.5026564949021943,709.75,857.625,0.21656121151187413,706.1769984394847,True
547,9,1.2082071081619319,787.6666666666666,859.2222222222222,0.23567436989589005,756.1951867698095,True
548,40,1.1258559275618496,502.125,863.125,2.178764227119103,611.7133979650928,True
549,27,1.1426276358173848,774.7407407407408,862.6666666666666,1.015922758518806,750.398926369731,True
550,11,1.1531133203941102,698.5454545454545,863.6363636363636,0.2975988226935308,704.4858039264412,True
551,11,2.268455545767577,709.9090909090909,864.1818181818181,0.16568238053811762,711.5609252996001,True
552,22,1.1946210407843711,491.1818181818182,867.0454545454545,0.4759513592741374,611.7264975879658,True
553,8,1.9376494099126207,780.125,870.625,0.12291808035800589,759.9545422260466,True
554,25,1.1854794252316556,543.8,875.76,0.5488877795589321,638.9015085285055,True
555,14,1.1818479035169756,774.2857142857143,875.4285714285714,0.24153041942400977,759.9102256322179,True
556,14,1.0214055172991923,628.5,875.7142857142857,0.45732919339725325,676.8603275870321,True
557,10,2.584075864270947,614.4,878.3,0.165372371689518,672.2068506047822,True
558,52,1.0397239018359834,607.0384615384615,882.7692307692307,5.40282022574794,672.6382449577793,True
559,11,1.1531133203941102,725.6363636363636,883.5454545454545,0.2472842274073823,736.4733981045767,True
560,8,1.2247448713915892,591.0,892.5,0.15661768659267464,673.9527060558478,True
561,10,1.791225280112762,641.9,892.2,0.16344401086295465,697.8402754212457,True
562,15,1.0180194675759577,663.8,895.9333333333333,0.2824018738043266,712.2835889665794,True
563,14,1.4339630399699987,728.3571428571429,898.8571428571429,0.24992101820143825,750.4711887221526,True
564,35,1.7265962727282929,741.7142857142857,902.4857142857143,0.35993751748890884,761.2542866740336,True
565,21,1.1547488384105848,566.8571428571429,903.3333333333334,0.47832445202097973,673.4260224477152,True
566,14,1.3390090385038074,675.5714285714286,905.4285714285714,0.24650471976935423,726.553072629205,True
567,10,1.2700012700019048,598.3,905.7,0.1578049834984216,689.022626624119,True
568,17,1.3470993172638435,711.5294117647059,907.5294117647059,0.4008710887237905,747.9462677072214,True
569,15,1.6846538837302891,720.2,909.3333333333334,0.24312831488396403,754.3381764463765,True
570,62,1.277972904744593,541.1935483870968,921.483870967742,0.5698039608581873,680.1710510517673,True
571,21,1.0649972567471393,716.8095238095239,919.1428571428571,1.0418611680907508,760.5220384545452,True
572,27,1.1611725918056384,690.5185185185185,922.1851851851852,0.6163056803344016,748.6912082943335,True
573,14,1.348399724926484,585.5,925.5,0.17922203421837923,701.3290953610865,True
574,14,1.1808085196207778,530.7857142857143,928.3571428571429,0.21274469702365706,682.8431334486415,True
575,22,1.5381327178660116,699.5,937.0909090909091,0.3746015658155355,766.0901229269838,True
576,30,1.8607485948685905,675.0666666666667,941.8333333333334,0.4240361968633671,757.428917823683,True
577,41,1.2049667852285497,597.9268292682926,944.1219512195122,0.8059695889282472,723.4561835345307,True
578,13,1.0266713466606798,576.9230769230769,948.7692307692307,0.3574493785554432,719.0601113863723,True
579,11,3.4119554351002583,668.3636363636364,960.3636363636364,0.11105728129799636,770.150924352488,True
580,11,1.0384755040678713,590.1818181818181,968.8181818181819,0.2316563018181037,742.7398741559235,True
581,9,2.2287071372751446,545.6666666666666,969.4444444444445,0.10947426475488506,726.5395743429395,True
582,20,1.1743489429251583,643.9,972.3,0.29515915988598185,769.0496082828466,True
583,11,1.5053557144115384,563.8181818181819,972.4545454545455,0.1334667730196414,735.8939298792034,True
584,40,1.6513775558278807,615.975,982.375,0.4284288009686743,765.7529897101284,True
585,12,1.6968282420618996,619.4166666666666,989.8333333333334,0.12301491754804089,773.9669683232971,True
586,13,1.3339061559989018,27.923076923076923,251.15384615384616,0.31774570861428364,265.78524943376385,True
587,52,1.1710724527279224,24.192307692307693,256.21153846153845,10.086903318359772,268.81485800568277,True
588,10,1.609125760866973,299.2,277.5,0.08857686219416439,14.124092891226672,True
589,21,1.4370312748101923,269.4761904761905,285.04761904761904,0.10278825595501637,21.883685512499422,True
590,193,1.4271526478909848,289.99481865284974,288.95854922279796,0.40973391408577564,1.006035639323705,False
591,138,1.519292136624211,300.57246376811594,287.17391304347825,0.23340531937967499,9.745083692030112,False
592,86,1.353367472263647,310.09302325581393,289.27906976744185,0.916880788816028,19.095062633627357,True
593,106,1.5022440060156537,279.58490566037733,285.85849056603774,0.2083152223425811,11.839487332910972,False
594,24,1.6092891981526658,274.375,290.2916666666667,0.1900331437549583,16.675102032005018,True
595,44,1.70157145686993,686.0681818181819,290.77272727272725,1.255031486567733,395.0721590382034,True
596,21,1.209550247439704,678.952380952381,291.8095238095238,0.422070115939164,387.96255400574114,True
597,13,1.1570777246001327,238.92307692307693,291.6923076923077,0.29985566770664884,52.14647100111206,True
598,28,1.2067769800636945,242.25,296.75,0.5361070894518629,49.362181880463915,True
599,19,1.6745892254869459,56.94736842105263,300.1578947368421,2.2482006004483432,234.31844349941582,True
600,27,1.2229511386301586,53.074074074074076,305.25925925925924,2.180543747171489,238.48083725819356,True
601,24,1.3940495603033618,708.875,303.0,0.5620960351535588,418.1094541205688,True
602,11,1.162383280447425,713.7272727272727,304.8181818181818,0.24975372320386574,423.02312227994236,True
603,14,1.0214055172991923,534.7142857142857,334.5,0.3803043847832338,247.9251965033495,True
604,57,1.588720838947359,530.4736842105264,340.2105263157895,2.7883230314112,244.88806307148388,True
605,45,1.5860803502119079,344.7111111111111,343.77777777777777,1.355930232396344,76.71693682011637,True
606,42,1.1301573620892673,341.9047619047619,349.1190476190476,1.8428247694396274,78.77559692697868,True
607,30,1.1985644051029882,628.7,495.93333333333334,0.5761979379563348,396.0589532436358,True
608,9,1.0,632.0,500.0,0.14016984010971856,401.00124688085447,True
609,57,1.1158304127347167,692.4736842105264,555.5087719298245,11.883332052749452,481.8796993328487,True
610,34,1.5992666185356472,686.1176470588235,555.5294117647059,1.1506581508401055,476.60873088199,True
611,19,1.1468753845318398,501.5263157894737,593.7894736842105,0.37875985868123374,370.4294169050121,True
612,41,2.4688462761796224,510.4146341463415,596.170731707317,0.5190702550720968,377.48727143465567,True
613,59,1.4168397843876215,918.4067796610169,642.9661016949152,1.3379452581709104,720.3688418537429,True
614,48,1.1447396035276443,918.625,650.125,0.5220202235156212,724.1024832508172,True
615,26,1.120235365502615,569.6923076923077,751.7307692307693,0.4991726540820301,540.1751263801059,True
616,21,1.1919258391048233,569.8095238095239,756.952380952381,0.4494317301757223,544.7147706881976,True
617,15,1.147078669352809,722.6,891.6,0.3523353237150661,741.2188071008453,True
618,18,1.0938069849291139,726.8333333333334,892.1111111111111,0.3012452374425682,744.1059781980813,True
